Date,BidOpen,BidHigh,BidLow,BidClose,AskOpen,AskHigh,AskLow,AskClose,Volume,Open,High,Low,Close,Median,ao,ac,jaw,teeth,lips,bjaw,bteeth,blips,tjaw,tteeth,tlips,fh,fl,fh3,fl3,fh5,fl5,fh8,fl8,fh13,fl13,fh21,fl21,fh34,fl34,fh55,fl55,fh89,fl89,mfi,fdbb,fdbs,fdb,aoaz,aobz,zlc,zlcb,zlcs,zcol,zone_sig,sz,bz,acs,acb,ss,sb,mfi_sq,mfi_green,mfi_fade,mfi_fake,mfi_sig,mfi_str,mfi_str_W1,mfi_str_M1,mfi_str_D1,zcol_W1,zcol_M1,zcol_D1
2025-03-23 21:00:00,5668.02,5708.84,5668.02,5707.33,5668.42,5709.44,5668.42,5707.93,9352,5668.22,5709.14,5668.22,5707.63,5688.68,0.01031226708,-0.03888618923,5650.45307032108,5661.22221920731,5657.79809770232,5951.23447299297,5808.70338403254,5701.97903787836,5962.71792100838,5996.71887204266,6016.81699826242,0,0,0,0,0,0,0,0,0,0,0,0,0,0,0,0,0,0,437.55346449957,0,0,0,1,0,0,0,0,gray,0,0,0,0,0,0,1,0,0,0,1,2,-+,-+,+-,-+,red,gray,gray
2025-03-24 01:00:00,5707.33,5709.33,5703.32,5706.34,5707.93,5709.93,5703.92,5706.94,4674,5707.63,5709.63,5703.62,5706.64,5706.625,0.02517623718,0.01269735752,5651.31591106561,5659.8794418064,5652.33447816186,5947.16835531889,5804.35482250467,5699.80465441135,5962.89316524974,5997.2849069266,6016.42955383004,0,0,0,0,0,0,0,0,0,0,0,0,0,0,0,0,0,0,128.5836542576,0,0,0,1,0,0,0,0,green,1,0,1,0,0,0,0,0,0,1,0,3,--,-+,+-,-+,red,gray,gray
2025-03-24 05:00:00,5706.34,5730.2,5706.34,5728.09,5706.94,5730.8,5706.94,5728.69,9993,5706.64,5730.5,5706.64,5728.39,5718.57,0.05248165645,0.0704803383,5652.31891790672,5656.7201365806,5652.83858252948,5943.19550862991,5800.58682573186,5697.28981163455,5963.0845229016,5997.87640947198,6016.17327220622,0,0,0,0,0,0,0,0,0,0,0,0,0,0,0,0,0,0,238.76713699589,0,0,0,1,0,0,0,0,green,1,0,1,0,0,0,0,0,1,0,0,4,++,-+,+-,-+,red,gray,gray
2025-03-24 09:00:00,5728.09,5739.83,5720.07,5738.09,5728.69,5740.43,5720.67,5738.69,12801,5728.39,5740.13,5720.37,5738.39,5730.25,0.08743605802,0.12127773841,5653.39823191389,5653.44011950802,5660.00686602359,5939.62690740935,5797.43506526401,5695.09231717471,5963.27140745623,5998.46912874463,6015.75225989923,0,0,0,0,0,0,0,0,0,0,0,0,0,0,0,0,0,0,154.36294039528,0,0,0,1,0,0,0,0,green,1,0,1,0,0,0,0,1,0,0,0,1,+-,-+,+-,-+,red,gray,gray
2025-03-24 13:00:00,5738.09,5770.89,5727.87,5757.64,5738.69,5771.39,5728.37,5758.14,47798,5738.39,5771.14,5728.12,5757.89,5749.63,0.11840702847,0.14306355149,5653.1737525359,5653.61697956952,5669.33049281887,5936.14475114632,5794.11824589557,5693.12121961075,5963.55491831178,5999.02226553113,6014.77495253882,0,0,0,0,0,0,0,0,0,0,0,0,0,0,0,0,0,0,90.00376584794,0,0,0,1,0,0,0,0,green,1,0,1,0,0,0,0,1,0,0,0,1,+-,-+,+-,-+,red,gray,gray
2025-03-24 17:00:00,5757.64,5777.39,5746.87,5764.57,5758.14,5777.89,5747.37,5765.17,28830,5757.89,5777.64,5747.12,5764.87,5762.38,0.13960226434,0.13187940424,5651.74538695622,5657.99985712333,5679.1783942551,5932.24098989749,5790.77318687929,5690.88456609278,5963.82780977515,5999.53547469194,6013.7225917573,1,0,1,0,0,0,0,0,0,0,0,0,0,0,0,0,0,0,105.86194935831,0,0,0,1,0,0,0,0,gray,0,0,0,0,0,0,0,0,0,0,1,2,-+,-+,+-,-+,red,gray,gray
2025-03-24 21:00:00,5764.57,5767.46,5759.34,5766.73,5765.17,5768.06,5759.94,5767.33,3523,5764.87,5767.76,5759.64,5767.03,5763.7,0.1535265964,0.10370596568,5650.10958795958,5664.07799998291,5689.39271540408,5928.33895630314,5787.39212893603,5688.98207885476,5964.10989781288,6000.11802630271,6012.68576820343,0,0,0,0,0,0,0,0,0,0,0,0,0,0,0,0,0,0,230.48538177689,0,0,0,1,0,0,0,0,gray,0,0,0,1,0,0,0,0,0,0,1,2,-+,-+,+-,--,red,gray,gray
2025-03-25 01:00:00,5766.73,5768.61,5758.11,5758.86,5767.33,5769.21,5758.71,5759.46,3720,5767.03,5768.91,5758.41,5759.16,5763.66,0.16387436908,0.07508871233,5650.474619655,5670.88949998505,5701.44017232326,5924.45809724355,5784.4830902281,5687.75319418256,5964.41412885316,6000.71578155463,6011.63878370202,0,0,0,0,0,0,0,0,0,0,0,0,0,0,0,0,0,0,282.25806451613,0,1,-1,1,0,0,0,0,gray,0,0,0,1,0,0,0,0,1,0,0,4,++,-+,+-,--,red,gray,gray
2025-03-25 05:00:00,5758.86,5766.11,5754.6,5758.09,5759.46,5766.71,5755.2,5758.69,7793,5759.16,5766.41,5754.9,5758.39,5760.655,0.16975110845,0.04969638683,5653.41349506616,5678.30956248692,5713.62813785861,5920.68120851048,5782.04967040577,5687.3580267066,5964.69070941324,6001.30024171963,6010.38945187076,0,1,0,0,0,0,0,0,0,0,0,0,0,0,0,0,0,0,147.6966508405,0,0,0,1,0,0,0,0,gray,0,0,0,1,0,0,0,1,0,0,0,1,+-,-+,+-,--,red,gray,gray
2025-03-25 09:00:00,5758.09,5786.36,5755.1,5779.35,5758.69,5786.96,5755.7,5779.95,11470,5758.39,5786.66,5755.4,5779.65,5771.03,0.17283453781,0.03098226456,5657.50668775337,5687.22461717605,5723.64251028689,5916.98473425755,5780.12640367112,5687.38676121524,5964.93373140418,6001.83635656203,6008.80761539943,0,0,0,0,0,0,0,0,0,0,0,0,0,0,0,0,0,0,272.53705318222,0,0,0,1,0,0,0,0,gray,0,0,0,1,0,0,0,0,1,0,0,4,++,-+,+-,--,red,gray,gray
2025-03-25 13:00:00,5779.35,5789.66,5764.66,5774.77,5779.95,5790.16,5765.16,5775.27,46488,5779.65,5789.91,5764.91,5775.02,5777.41,0.17296143466,0.01528351846,5662.2038656185,5696.61904002905,5731.64600822951,5913.83316420971,5778.25674178619,5687.76656235596,5965.13499471611,6002.37336790726,6007.45985418138,0,0,0,0,0,0,0,0,0,0,0,0,0,0,0,0,0,0,53.77731887799,0,1,-1,1,0,0,0,0,gray,0,0,0,1,0,0,0,1,0,0,0,1,+-,-+,+-,--,red,gray,gray
2025-03-25 17:00:00,5774.77,5784.61,5762.15,5784.45,5775.27,5785.21,5762.65,5784.85,28430,5775.02,5784.91,5762.4,5784.65,5773.655,0.17045350588,0.00114776974,5667.43818364784,5705.00416002542,5737.44780658361,5910.24734213994,5776.19161920826,5688.1532811102,5965.37008756832,6002.95820323813,6006.13113991623,0,0,0,0,0,0,0,0,0,0,0,0,0,0,0,0,0,0,79.17692578262,0,0,0,1,0,0,0,0,gray,0,0,0,0,0,0,0,0,0,0,1,2,-+,-+,+-,--,red,gray,gray
2025-03-25 21:00:00,5784.45,5790.33,5782.57,5788.08,5784.85,5790.93,5783.17,5788.68,3225,5784.65,5790.63,5782.87,5788.38,5786.75,0.17280355773,0.00250109886,5673.76063105955,5712.33614002224,5744.16424526689,5906.86051807095,5774.23222613175,5687.50274343049,5965.64037911323,6003.53608648604,6004.79811116681,1,0,1,0,1,0,1,0,1,0,1,0,1,0,1,0,0,0,240.62015503877,0,0,0,1,0,0,0,0,gray,0,0,0,0,0,0,0,0,0,0,1,2,-+,-+,+-,++,red,gray,gray
2025-03-26 01:00:00,5788.08,5788.08,5776.57,5779.83,5788.68,5788.68,5777.17,5780.43,3584,5788.38,5788.38,5776.87,5780.13,5782.625,0.17480426359,0.00487590139,5680.57750559343,5718.37599751946,5750.81339621351,5903.47742236229,5772.26736747481,5687.06273627077,5965.91722160895,6004.0873264582,6003.54204789482,0,0,0,0,0,0,0,0,0,0,0,0,0,0,0,0,0,0,321.14955357143,0,0,0,1,0,0,0,0,green,1,0,1,0,0,0,0,0,1,0,0,4,++,-+,+-,++,red,gray,gray
2025-03-26 05:00:00,5779.83,5782.09,5769.83,5772.34,5780.43,5782.69,5770.43,5772.94,8419,5780.13,5782.39,5770.13,5772.64,5776.26,0.16796155311,-0.00919940926,5686.9715436247,5724.95774782953,5755.38171697081,5899.97503559417,5769.64523352072,5686.31589108633,5966.16980192299,6004.63838943477,6002.17373506222,0,0,0,0,0,0,0,0,0,0,0,0,0,0,0,0,0,0,145.62299560518,0,0,0,1,0,0,0,0,gray,0,0,0,0,0,0,0,1,0,0,0,1,+-,-+,+-,++,red,gray,gray
2025-03-26 09:00:00,5772.34,5785.09,5767.33,5783.32,5772.94,5785.69,5767.93,5783.92,11786,5772.64,5785.39,5767.63,5783.62,5776.51,0.15773630361,-0.02642195832,5692.87065565358,5731.51427935084,5761.65537357664,5896.25531609311,5766.82077472943,5685.66998252497,5966.41872817783,6005.18970535995,6000.6551327354,0,0,0,0,0,0,0,0,0,0,0,0,0,0,0,0,0,0,150.68725606652,0,0,0,1,0,0,0,0,red,-1,1,0,0,0,0,0,0,1,0,0,4,++,-+,+-,++,red,gray,gray
2025-03-26 13:00:00,5783.32,5788.39,5717.62,5719.63,5783.92,5788.89,5718.12,5720.13,68370,5783.62,5788.64,5717.87,5719.88,5753.255,0.14137153076,-0.05172339358,5698.08483598792,5736.78186943198,5765.84929886132,5892.78626759768,5764.19812427981,5685.10174774483,5966.69020369991,6005.64747486484,5999.4482220914,1,0,1,0,0,0,0,0,0,0,0,0,0,0,0,0,0,0,103.51031154015,0,0,0,1,0,0,0,0,red,-1,1,0,0,0,0,0,1,0,0,0,1,+-,-+,+-,++,red,gray,gray
2025-03-26 17:00:00,5719.63,5727.14,5696.87,5708.67,5720.13,5727.64,5697.37,5709.07,54042,5719.88,5727.39,5697.12,5708.87,5712.255,0.10548651182,-0.10550407124,5703.69600245038,5743.02788575298,5767.93143908905,5889.06465223142,5761.72315838381,5684.08346104645,5966.99831987047,6006.09362304139,5998.33694971576,0,0,0,0,0,0,0,0,0,0,0,0,0,0,0,0,0,0,56.01199067392,0,0,0,1,0,0,0,0,red,-1,1,0,0,0,0,0,0,0,1,0,3,--,-+,+-,++,red,gray,gray
2025-03-26 21:00:00,5708.67,5709.33,5685.34,5705.07,5709.07,5709.93,5686.64,5705.67,14051,5708.87,5709.63,5685.99,5705.37,5697.81,0.06554790098,-0.14888852589,5709.3663099542,5747.97752503386,5769.64715127124,5885.03875726253,5759.09319186774,5682.62821219214,5967.33011477797,6006.58847873649,5997.2238458983,0,1,0,1,0,0,0,0,0,0,0,0,0,0,0,0,0,0,168.24425307808,1,0,1,1,0,0,0,0,red,-1,1,0,0,0,0,0,0,0,0,1,2,-+,-+,+-,+-,red,gray,gray
2025-03-27 01:00:00,5705.07,5724.33,5704.07,5722.71,5705.67,5724.93,5704.67,5723.31,5901,5705.37,5724.63,5704.37,5723.01,5714.5,0.03467302953,-0.15900386047,5714.31159380388,5751.51283440463,5766.36872101699,5881.25950156295,5756.6769520156,5681.09444124532,5967.67526036212,6007.06728354878,5995.93704835734,0,0,0,0,0,0,0,0,0,0,0,0,0,0,0,0,0,0,343.33163870531,0,0,0,1,0,0,0,0,red,-1,1,0,0,0,0,0,0,0,0,1,2,-+,-+,+-,+-,red,gray,gray
2025-03-27 05:00:00,5722.71,5727.59,5697.82,5718.71,5723.31,5728.19,5698.42,5719.31,20509,5723.01,5727.89,5698.12,5719.01,5713.005,0.00444381944,-0.15797416937,5719.88377889589,5754.63748010405,5755.5459768136,5877.6680464892,5754.68646197895,5680.3226929734,5968.0327663028,6007.5445913447,5994.41953413263,0,0,0,0,0,0,0,0,0,0,0,0,0,0,0,0,0,0,145.15578526501,1,0,1,1,0,0,0,0,gray,0,0,0,0,0,0,0,1,0,0,0,1,+-,-+,+-,+-,red,gray,gray
2025-03-27 09:00:00,5718.71,5724.59,5699.32,5706.57,5719.31,5725.19,5699.92,5707.17,24657,5719.01,5724.89,5699.62,5706.87,5712.255,-0.01479648212,-0.12920692818,5724.71002667313,5754.46467009104,5743.99878145088,5874.08756282079,5753.22520812479,5680.56849612124,5968.40722846115,6008.03916391404,5992.8535651456,0,0,0,0,0,0,0,0,0,0,0,0,0,0,0,0,0,0,102.48610942126,0,0,0,0,1,-1,0,1,gray,0,0,0,0,1,0,0,1,0,0,0,1,+-,-+,+-,+-,red,gray,gray
2025-03-27 13:00:00,5706.57,5734.39,5674.87,5691.62,5707.17,5734.89,5675.37,5692.12,95929,5706.87,5734.64,5675.12,5691.87,5704.88,-0.01884788719,-0.07927874065,5728.67540923673,5749.18846132966,5738.0990251607,5870.6655958228,5752.04538615889,5681.33486388238,5968.69415225833,6008.39154947664,5991.09572788764,1,1,1,1,1,0,0,0,0,0,0,0,0,0,0,0,0,0,62.04588810474,0,0,0,0,1,0,0,0,gray,0,0,0,0,1,0,0,1,0,0,0,1,+-,-+,+-,+-,red,gray,gray
2025-03-27 17:00:00,5691.62,5725.89,5688.62,5695.94,5692.12,5726.39,5689.12,5696.34,64886,5691.87,5726.14,5688.87,5696.14,5707.505,-0.01528086482,-0.0319475253,5732.3549931416,5742.76615366345,5733.08022012856,5867.59199362254,5751.104560956,5682.43001494466,5968.72532824704,6008.49510505829,5989.48777144398,0,0,0,0,0,0,0,0,0,0,0,0,0,0,0,0,0,0,57.43920106032,0,0,0,0,1,0,0,0,gray,0,0,0,0,0,0,0,0,0,1,0,3,--,-+,+-,+-,red,gray,gray
2025-03-27 21:00:00,5695.94,5700.32,5683.59,5696.83,5696.34,5700.92,5684.19,5697.43,6022,5696.14,5700.62,5683.89,5697.13,5692.255,-0.02394350326,-0.02460617885,5733.96268597686,5739.23288445552,5728.91517610285,5864.89140942454,5750.19202348407,5683.83648509334,5968.61614965752,6008.59673550868,5987.88271747562,0,0,0,0,0,0,0,0,0,0,0,0,0,0,0,0,0,0,277.81467950846,1,0,1,0,1,0,0,0,gray,0,0,0,0,0,0,0,0,0,0,1,2,-+,-+,+-,-+,red,gray,gray
2025-03-28 01:00:00,5696.83,5701.33,5693.07,5699.34,5697.43,5701.93,5693.67,5699.94,4150,5697.13,5701.63,5693.37,5699.64,5697.5,-0.03225946852,-0.0269455607,5732.29286397864,5735.95439889858,5724.10814088228,5862.08375313887,5748.66189578436,5685.77158847295,5968.55767180697,6008.75059072109,5986.26967777093,0,0,0,0,0,0,0,0,0,0,0,0,0,0,0,0,0,0,199.03614457832,0,0,0,0,1,0,0,0,gray,0,0,0,0,0,0,0,0,0,1,0,3,--,-+,+-,-+,red,gray,gray
2025-03-28 05:00:00,5699.34,5703.59,5667.35,5681.32,5699.94,5704.19,5668.06,5681.92,19882,5699.64,5703.89,5667.705,5681.62,5685.7975,-0.04399338727,-0.04108425264,5729.64033598028,5732.99197403626,5720.78751270582,5859.25292445192,5747.2779067701,5688.02477704728,5968.51609973321,6008.89629634031,5984.64277028641,1,0,0,0,0,0,0,0,0,0,0,0,0,0,0,0,0,0,181.99879287798,0,0,0,0,1,0,0,0,red,-1,1,0,0,0,0,0,1,0,0,0,1,+-,-+,+-,-+,red,gray,gray
2025-03-28 09:00:00,5681.32,5695.34,5667.84,5667.84,5681.92,5695.94,5668.44,5668.44,23317,5681.62,5695.64,5668.14,5668.14,5681.89,-0.05471808429,-0.04960089234,5728.47569475103,5729.47797728172,5715.08101016466,5856.39407136818,5745.72139937428,5690.25051889883,5968.52816578167,6009.0574495749,5982.80094549275,0,0,0,0,0,0,0,0,0,0,0,0,0,0,0,0,0,0,117.9397006476,0,0,0,0,1,0,0,0,red,-1,1,0,0,0,0,0,1,0,0,0,1,+-,-+,+-,-+,red,gray,gray
2025-03-28 13:00:00,5667.84,5690.34,5586.63,5587.88,5668.44,5690.94,5587.13,5588.38,104774,5668.14,5690.64,5586.88,5588.13,5638.76,-0.08155965276,-0.08218794222,5727.28564130864,5726.73135512151,5711.56480813173,5853.82104809438,5744.24201029475,5692.40962128416,5968.64527276898,6009.08973519905,5981.17375142683,0,0,0,0,0,0,0,0,0,0,0,0,0,0,0,0,0,0,99.03220264569,0,0,0,0,1,0,0,0,red,-1,1,0,0,0,0,0,1,0,0,0,1,+-,-+,+-,-+,red,gray,gray
2025-03-28 17:00:00,5587.88,5592.14,5561.94,5563.92,5588.38,5592.64,5562.54,5564.32,50053,5588.13,5592.39,5562.24,5564.12,5577.315,-0.12362920729,-0.13527495164,5726.12943813106,5722.42181073132,5706.41134650538,5851.5381711495,5742.82579192575,5694.41683830521,5968.81357443273,6009.09231144283,5979.46844759748,0,0,0,0,0,0,0,0,0,0,0,0,0,0,0,0,0,0,60.23614968134,0,0,0,0,1,0,0,0,red,-1,1,0,0,0,0,0,0,0,1,0,3,--,-+,+-,-+,red,gray,gray
2025-03-30 21:00:00,5563.92,5563.92,5533.27,5539.53,5564.32,5564.32,5533.87,5540.13,21311,5564.12,5564.12,5533.57,5539.83,5548.845,-0.1788599512,-0.19742446672,5724.49486596713,5719.3065843899,5701.5070772043,5849.56886585569,5741.1467775271,5696.67016659035,5968.88274267031,6009.02528435509,5977.82184379472,0,0,0,0,0,0,0,0,0,0,0,0,0,0,0,0,0,0,143.35319787903,0,0,0,0,1,0,0,0,red,-1,1,0,0,0,0,0,0,0,0,1,2,-+,+-,+-,+-,red,gray,gray
2025-03-31 01:00:00,5539.53,5551.29,5533.27,5546.02,5540.13,5551.89,5533.87,5546.62,16742,5539.83,5551.59,5533.57,5546.32,5542.58,-0.23242840108,-0.23551785063,5723.18795320043,5715.11794884117,5688.95766176344,5847.63320444158,5739.20965429934,5699.04486757299,5968.93403513007,6008.98429601022,5976.05599765725,0,0,0,0,0,0,0,0,0,0,0,0,0,0,0,0,0,0,107.63349659539,0,0,0,0,1,0,0,0,red,-1,1,0,0,0,0,0,0,0,1,0,3,--,+-,+-,+-,red,gray,gray
2025-03-31 05:00:00,5546.02,5550.54,5531.27,5531.78,5546.62,5551.14,5531.87,5532.38,39075,5546.32,5550.84,5531.57,5532.08,5541.205,-0.28511780632,-0.25137136366,5720.80849526193,5710.96445523602,5666.62912941076,5845.57749427932,5737.23275149389,5701.23928323261,5969.01000585916,6008.88071534065,5974.16921989574,0,0,0,0,0,0,0,0,0,0,0,0,0,0,0,0,0,0,49.3154190659,0,0,0,0,1,0,0,0,red,-1,1,0,0,0,0,0,1,0,0,0,1,+-,+-,+-,+-,red,gray,gray
2025-03-31 09:00:00,5531.78,5536.66,5511.02,5533.27,5532.38,5537.26,5511.62,5533.87,32884,5532.08,5536.96,5511.32,5533.57,5524.14,-0.32452331676,-0.22933480833,5719.01553408794,5701.93889833152,5643.0723035286,5843.5870168155,5735.734974194,5703.754304314,5969.15093422559,6008.77111999584,5972.06203781313,0,0,0,0,0,0,0,0,0,0,0,0,0,0,0,0,0,0,77.97104975064,1,0,1,0,1,0,0,0,gray,0,0,0,0,0,0,0,0,0,0,1,2,-+,+-,+-,+-,red,gray,gray
2025-03-31 13:00:00,5533.27,5570.34,5492.82,5557.57,5533.87,5571.11,5493.32,5558.07,126454,5533.57,5570.725,5493.07,5557.82,5531.8975,-0.33376002828,-0.15068572809,5716.46030069656,5686.36091104008,5622.97384282288,5841.59351100859,5734.87942920866,5706.07403065771,5969.32697949289,6008.53969887998,5969.50938477277,0,1,0,1,0,1,0,1,0,1,0,0,0,0,0,0,0,0,61.40968257232,1,0,1,0,1,0,0,0,gray,0,0,0,0,1,0,0,1,0,0,0,1,+-,+-,+-,+-,red,gray,gray
2025-03-31 17:00:00,5557.57,5631.59,5551.32,5603.75,5558.07,5632.09,5551.82,5604.15,77763,5557.82,5631.84,5551.57,5603.95,5591.705,-0.30907509876,-0.0290091829,5713.80104679682,5669.17142216007,5606.62007425831,5839.19414571636,5734.36571231395,5708.13832387366,5969.47800209371,6008.3570177689,5966.86938904518,1,0,1,0,0,0,0,0,0,0,0,0,0,0,0,0,0,0,103.22389825495,0,0,0,0,1,0,0,0,gray,0,0,0,0,0,0,0,0,0,0,1,2,-+,+-,+-,+-,red,gray,gray
2025-03-31 21:00:00,5603.75,5605.53,5580.27,5586.04,5604.15,5606.13,5580.87,5586.64,14282,5603.95,5605.83,5580.57,5586.34,5593.2,-0.28054997543,0.06249640748,5708.02865858168,5653.34749439006,5590.12405940665,5836.66724520269,5734.07851754461,5710.14925552443,5969.60855115977,6008.21044258535,5964.27713634347,0,0,0,0,0,0,0,0,0,0,0,0,0,0,0,0,0,0,176.86598515614,0,0,0,0,1,0,0,0,green,1,0,1,0,0,0,0,0,0,0,1,2,-+,+-,++,+-,red,red,red
2025-04-01 01:00:00,5586.04,5601.78,5579.29,5593.78,5586.64,5602.38,5579.89,5594.38,12266,5586.34,5602.08,5579.59,5594.08,5590.835,-0.25158062202,0.11589404355,5697.97376176771,5639.3296825913,5578.47874752532,5834.26171435772,5734.00890813471,5711.41707153842,5969.71753378269,6008.07127759571,5961.92514234109,0,0,0,0,0,0,0,0,0,0,0,0,0,0,0,0,0,0,183.35235610631,0,0,0,0,1,0,0,0,green,1,0,1,0,0,0,0,0,0,0,1,2,-+,+-,++,+-,red,red,red
2025-04-01 05:00:00,5593.78,5621.29,5591.29,5613.79,5594.38,5621.89,5591.89,5614.39,23573,5594.08,5621.59,5591.59,5614.09,5606.59,-0.20883418306,0.16292743965,5686.50231855481,5624.93097226739,5581.12399802025,5831.94500970201,5734.2929279868,5711.44171649317,5969.83320345436,6007.97616481633,5959.61812746372,0,0,0,0,0,0,0,0,0,0,0,0,0,0,0,0,0,0,127.26424298986,0,0,0,0,1,0,0,0,green,1,0,1,0,0,0,0,1,0,0,0,1,+-,+-,++,+-,red,red,red
2025-04-01 09:00:00,5613.79,5623.28,5577.91,5594.54,5614.39,5623.88,5578.51,5595.14,45336,5614.09,5623.58,5578.21,5594.84,5600.895,-0.17052409187,0.17651053259,5675.43137097367,5613.30178823397,5583.5391984162,5829.53073993008,5734.80360202341,5711.04078365514,5970.00161670779,6007.88311260682,5957.04237657856,0,0,0,0,0,0,0,0,0,0,0,0,0,0,0,0,0,0,100.07499558849,0,0,0,0,1,0,0,0,green,1,0,1,0,0,0,0,1,0,0,0,1,+-,+-,++,+-,red,red,red
2025-04-01 13:00:00,5594.54,5654.83,5560.33,5631.58,5595.14,5655.33,5560.83,5632.08,175158,5594.84,5655.08,5560.58,5631.83,5607.83,-0.15439501063,0.14099447996,5665.10626551416,5610.60218970472,5584.99835873296,5827.24612487468,5735.32899107753,5711.14252531234,5970.23919862634,6007.80921512782,5954.45847118565,0,1,0,1,0,0,0,0,0,0,0,0,0,0,0,0,0,0,53.95128969273,0,0,0,0,1,0,0,0,gray,0,0,0,0,0,0,0,1,0,0,0,1,+-,+-,++,+-,red,red,red
2025-04-01 17:00:00,5631.58,5639.84,5585.84,5632.29,5632.08,5640.34,5586.34,5632.89,93452,5631.83,5640.09,5586.09,5632.59,5613.09,-0.13703267913,0.11379154748,5654.26270662845,5608.42691599163,5589.31668698637,5825.22313470755,5735.84410033066,5711.19730397962,5970.50973125598,6007.60667557791,5951.87849916352,0,0,0,0,0,0,0,0,0,0,0,0,0,0,0,0,0,0,57.78367504173,0,0,0,0,1,0,0,0,gray,0,0,0,1,0,0,0,0,0,0,1,2,-+,+-,++,+-,red,red,red
2025-04-01 21:00:00,5632.29,5656.03,5623.52,5626.52,5632.89,5656.63,5624.12,5627.12,14935,5632.59,5656.33,5623.82,5626.82,5640.075,-0.1093685591,0.11192472785,5644.84999842626,5606.22792649268,5591.6323495891,5823.52756577825,5736.29520759738,5711.2284126861,5970.79316698209,6007.42681860118,5949.35375264156,1,0,1,0,0,0,0,0,0,0,0,0,0,0,0,0,0,0,217.67659859391,0,1,-1,0,1,0,0,0,gray,0,0,0,1,0,0,0,0,0,0,1,2,-+,+-,++,++,red,red,red
2025-04-02 01:00:00,5626.52,5633.04,5624.52,5629.52,5627.12,5633.64,5625.12,5630.12,9437,5626.82,5633.34,5624.82,5629.82,5629.08,-0.09145587555,0.0985813182,5640.76192162424,5606.27318568109,5594.87187967128,5822.00854818524,5736.92674927743,5711.04169466592,5971.08181905906,6007.27254040976,5946.87001130377,0,0,0,0,0,0,0,0,0,0,0,0,0,0,0,0,0,0,90.2829288969,0,0,0,0,1,0,0,0,gray,0,0,0,1,0,0,0,0,0,1,0,3,--,+-,++,++,red,red,red
2025-04-02 05:00:00,5629.52,5632.78,5613.27,5618.29,5630.12,5634.35,5613.87,5618.89,25088,5629.82,5633.565,5613.57,5618.59,5623.5675,-0.07274539414,0.09655387433,5637.10331226853,5605.60091247096,5598.51550373702,5820.64103640788,5737.66280838147,5710.93767423457,5971.35678770877,6007.19190718912,5944.71462928082,0,0,0,0,0,0,0,0,0,0,0,0,0,0,0,0,0,0,79.69945790816,0,1,-1,0,1,0,0,0,gray,0,0,0,1,0,0,0,1,0,0,0,1,+-,+-,++,++,red,red,red
2025-04-02 09:00:00,5618.29,5624.29,5573.04,5585.41,5618.89,5624.89,5573.74,5586.01,41120,5618.59,5624.59,5573.39,5585.71,5598.99,-0.06578684246,0.07073744781,5633.5442113248,5605.87954841209,5606.82740298962,5819.29580004374,5738.31721186545,5710.38818381591,5971.63565564588,6007.1020062999,5942.28393741082,0,0,0,0,0,0,0,0,0,0,0,0,0,0,0,0,0,0,124.51361867704,0,0,0,0,1,0,0,0,gray,0,0,0,1,0,0,0,0,1,0,0,4,++,+-,++,++,red,red,red
2025-04-02 13:00:00,5585.41,5686.34,5571.82,5682.34,5586.01,5686.84,5572.32,5682.84,148993,5585.71,5686.59,5572.07,5682.59,5629.33,-0.04951610326,0.06778097982,5631.47081045366,5606.78085486058,5611.27792239169,5817.57376858258,5739.19780801335,5710.00911958603,5971.89670165213,6006.89768438445,5939.96821562324,0,0,0,0,0,0,0,0,0,0,0,0,0,0,0,0,0,0,76.86267140067,0,0,0,0,1,0,0,0,gray,0,0,0,1,0,0,0,1,0,0,0,1,+-,+-,++,++,red,red,red
2025-04-02 17:00:00,5682.34,5733.65,5527.29,5546.0,5682.84,5734.61,5528.12,5546.4,194387,5682.59,5734.13,5527.705,5546.2,5630.9175,-0.04408325988,0.04949346468,5629.11882503415,5610.942623003,5613.73583791336,5815.94420376704,5739.9873933222,5709.29701312762,5972.18091464509,6006.50700762743,5937.64735995919,1,0,1,0,1,0,1,0,1,0,1,0,0,0,0,0,0,0,106.19280095891,0,0,0,0,1,0,0,0,gray,0,0,0,1,0,0,0,0,1,0,0,4,++,+-,++,++,red,red,red
2025-04-02 21:00:00,5546.0,5546.0,5442.77,5493.38,5546.4,5546.4,5443.82,5493.98,56572,5546.2,5546.2,5443.295,5493.68,5494.7475,-0.08247113537,-0.04689421951,5627.48122310844,5613.20979512763,5610.78667033068,5814.21078574719,5740.64689526179,5708.49092450622,5972.4779679219,6005.90099042732,5935.24539912614,0,1,0,1,0,0,0,0,0,0,0,0,0,0,0,0,0,0,181.90094039454,0,0,0,0,1,0,0,0,gray,0,0,0,0,0,1,0,0,0,0,1,2,-+,+-,++,+-,red,red,red
2025-04-03 01:00:00,5493.38,5526.27,5493.02,5517.88,5493.98,5526.87,5493.62,5518.48,28830,5493.68,5526.57,5493.32,5518.18,5509.945,-0.11321236725,-0.1012175285,5626.37420594626,5614.50450823668,5614.49533626455,5812.52701287362,5741.29895171158,5706.44001496192,5972.76692556666,6005.28199476025,5932.70147274332,0,0,0,0,0,0,0,0,0,0,0,0,0,0,0,0,0,0,115.33125216788,0,0,0,0,1,0,0,0,red,-1,1,0,0,0,0,0,0,0,1,0,3,--,+-,++,+-,red,red,red
2025-04-03 05:00:00,5517.88,5523.39,5485.27,5513.12,5518.48,5524.07,5486.23,5513.72,48486,5518.18,5523.73,5485.75,5513.42,5504.74,-0.13704789581,-0.1242041622,5627.42811318116,5612.56519470709,5617.77976901164,5810.88457452673,5741.51633440773,5702.64222040421,5973.05644300548,6004.71715787286,5930.30430973816,0,0,0,0,0,0,0,0,0,0,0,0,0,0,0,0,0,0,78.33188961762,1,0,1,0,1,0,0,0,red,-1,1,0,0,0,0,0,1,0,0,0,1,+-,+-,++,+-,red,red,red
2025-04-03 09:00:00,5513.12,5518.02,5457.25,5458.75,5513.72,5518.62,5457.85,5459.35,60576,5513.42,5518.32,5457.55,5459.05,5487.935,-0.18182723562,-0.16813975731,5627.55518139799,5614.6607953687,5593.17331520931,5809.08227593654,5740.98431014577,5698.11877274526,5973.30299090202,6004.18747050002,5927.74360272609,0,0,0,0,0,0,0,0,0,0,0,0,0,0,0,0,0,0,100.32025884839,0,0,0,0,1,0,0,0,red,-1,1,0,0,0,0,0,0,1,0,0,4,++,+-,++,+-,red,red,red
2025-04-03 13:00:00,5458.75,5501.94,5416.8,5456.31,5459.35,5502.44,5417.3,5456.81,271935,5459.05,5502.19,5417.05,5456.56,5459.62,-0.23811579747,-0.21007237226,5627.24843667507,5616.69288344762,5576.52765216745,5807.12185710579,5740.19932268858,5693.54410295864,5973.48235962642,6003.63754573392,5924.9867721516,0,0,0,0,0,0,0,0,0,0,0,0,0,0,0,0,0,0,31.30895250703,0,0,0,0,1,0,0,0,red,-1,1,0,0,0,0,0,1,0,0,0,1,+-,+-,++,+-,red,red,red
2025-04-03 17:00:00,5456.31,5466.05,5377.0,5382.87,5456.81,5466.55,5377.6,5383.27,151168,5456.56,5466.3,5377.3,5383.07,5421.8,-0.25046792073,-0.15910856346,5625.07471077699,5601.44971051666,5562.17012173396,5805.13711713831,5739.73206227606,5689.06354110691,5973.61798997224,6003.19293180373,5922.37356540055,0,0,0,0,0,0,0,0,0,0,0,0,0,0,0,0,0,0,58.87489415749,0,0,0,0,1,0,0,0,gray,0,0,0,0,0,0,0,0,0,0,1,2,-+,+-,++,+-,red,red,red
2025-04-03 21:00:00,5382.87,5396.87,5369.37,5385.37,5383.27,5397.47,5369.97,5385.97,22493,5383.07,5397.17,5369.67,5385.67,5383.42,-0.28271059318,-0.15513413355,5625.40204071722,5590.01162170208,5547.32309738717,5803.4485540244,5739.24611568922,5684.21284872142,5973.8174117495,6002.99718960715,5919.86833230749,0,0,0,0,0,0,0,0,0,0,0,0,0,0,0,0,0,0,122.26025874717,1,0,1,0,1,0,0,0,gray,0,0,0,0,1,0,0,0,0,0,1,2,-+,+-,++,++,red,red,red
2025-04-04 01:00:00,5385.37,5391.23,5345.1,5347.37,5385.97,5391.83,5345.7,5347.97,31375,5385.67,5391.53,5345.4,5347.67,5368.465,-0.31811778992,-0.15319897868,5625.8263068159,5579.35266898932,5529.78247790973,5802.15901970952,5738.75536813123,5679.73298552373,5974.01977935759,6002.8132746303,5917.36233694424,0,0,0,0,0,0,0,0,0,0,0,0,0,0,0,0,0,0,147.02788844622,0,0,0,0,1,0,0,0,gray,0,0,0,0,1,0,0,0,1,0,0,4,++,+-,++,++,red,red,red
2025-04-04 05:00:00,5347.37,5390.73,5342.61,5353.37,5347.97,5391.43,5343.21,5353.97,74012,5347.67,5391.08,5342.91,5353.67,5366.995,-0.34754929326,-0.14429316324,5615.74332167621,5567.92546036566,5508.18598232779,5801.08560375772,5738.13945234703,5677.14392712597,5974.2484404203,6002.63392581214,5914.94685196546,0,0,0,0,0,0,0,0,0,0,0,0,0,0,0,0,0,0,65.08404042588,0,0,0,0,1,0,0,0,gray,0,0,0,0,1,0,0,1,0,0,0,1,+-,+-,++,++,red,red,red
2025-04-04 09:00:00,5353.37,5357.74,5172.63,5265.38,5353.97,5358.34,5173.32,5266.43,178591,5353.67,5358.04,5172.975,5265.905,5265.5075,-0.40088165669,-0.1941343217,5607.60498923958,5554.38727781995,5483.23278586223,5800.15846214247,5737.58246230436,5674.67498809285,5974.48579203722,6002.53474587303,5912.73968632682,0,0,0,0,0,0,0,0,0,0,0,0,0,0,0,0,0,0,103.62504269532,1,0,1,0,1,0,0,0,gray,0,0,0,0,0,0,0,0,1,0,0,4,++,+-,++,++,red,red,red
2025-04-04 13:00:00,5265.38,5283.87,5115.9,5136.03,5266.43,5284.47,5116.4,5136.53,555978,5265.905,5284.17,5116.15,5136.28,5200.16,-0.46254155735,-0.24029596997,5599.69229775961,5537.81386809246,5460.27922868978,5799.37297380379,5736.7583266261,5672.20910609012,5974.74472892837,6002.33308387358,5910.75704961621,0,0,0,0,0,0,0,0,0,0,0,0,0,0,0,0,0,0,30.22062024037,0,0,0,0,1,0,0,0,red,-1,1,0,0,0,0,0,1,0,0,0,1,+-,+-,++,++,red,red,red
2025-04-04 17:00:00,5136.03,5174.16,5035.85,5066.84,5136.53,5174.66,5036.45,5067.24,327269,5136.28,5174.41,5036.15,5067.04,5105.28,-0.54145766754,-0.30545825312,5591.09558254733,5518.5146345809,5441.62238295183,5798.81406398577,5736.04453886926,5670.27913238159,5974.97811161026,6001.78667578828,5908.70325066054,0,0,0,0,0,0,0,0,0,0,0,0,0,0,0,0,0,0,42.24659225286,0,0,0,0,1,0,0,0,red,-1,1,0,0,0,0,0,0,0,0,1,2,-+,+-,++,++,red,red,red
2025-04-06 21:00:00,5066.84,5066.84,4805.62,4900.89,5067.24,5067.24,4806.22,4901.49,89669,5067.04,5067.04,4805.92,4901.19,4936.48,-0.67437925938,-0.45337879361,5580.98207619754,5499.75843025829,5406.39940636146,5798.40469248031,5735.13095634436,5668.23842260566,5975.19298399325,6001.19203340292,5906.62989475318,0,1,0,1,0,1,0,1,0,1,0,1,0,1,0,1,0,1,291.20431810325,0,0,0,0,1,0,0,0,red,-1,1,0,0,0,0,0,0,0,0,1,2,-+,+-,++,+-,red,red,red
2025-04-07 01:00:00,4900.89,4962.5,4871.51,4894.01,4901.49,4963.2,4872.11,4894.61,95135,4901.19,4962.85,4871.81,4894.31,4917.33,-0.81367797966,-0.56388987081,5568.73730110542,5483.163001476,5365.15152508917,5798.01475211536,5734.16293895628,5666.46170429373,5975.39869225852,6000.60502896772,5904.53395798406,0,0,0,0,0,0,0,0,0,0,0,0,0,0,0,0,0,0,95.69559047669,0,0,0,0,1,0,0,0,red,-1,1,0,0,0,0,0,1,0,0,0,1,+-,+-,++,+-,red,red,red
2025-04-07 05:00:00,4894.01,4935.25,4809.39,4893.5,4894.61,4935.95,4809.99,4894.1,136593,4894.31,4935.6,4809.69,4893.8,4872.645,-0.92941895945,-0.58795636155,5554.48212409731,5455.9560637915,5313.17722007134,5797.62874366463,5732.42834006617,5664.89194828509,5975.59557901646,6000.00981425112,5902.60938188695,0,0,0,0,0,0,0,0,0,0,0,0,0,0,0,0,0,0,92.17895499769,1,0,1,0,1,0,0,0,red,-1,1,0,0,0,0,0,1,0,0,0,1,+-,+-,++,+-,red,red,red
2025-04-07 09:00:00,4893.5,5006.76,4862.15,4978.89,4894.1,5007.46,4862.84,4979.94,159341,4893.8,5007.11,4862.495,4979.415,4934.8025,-1.0,-0.49942214469,5540.17311455136,5423.98155581756,5237.83777605707,5797.21330834255,5729.60809751951,5664.16203804141,5975.81415838246,5999.2876047479,5900.85962923496,0,0,0,0,0,0,0,0,0,0,0,0,0,0,0,0,0,0,90.7581852756,0,0,0,0,1,0,0,0,gray,0,0,0,0,0,0,0,1,0,0,0,1,+-,+-,++,+-,red,red,red
2025-04-07 13:00:00,4978.89,5252.31,4833.93,4974.55,4979.94,5253.94,4834.43,4975.05,733166,4979.415,5253.125,4834.18,4974.8,5043.6525,-0.99476828417,-0.26941030754,5526.85172112434,5384.14386134037,5173.73622084565,5796.9191138668,5726.32149574643,5663.13021339313,5976.0633118085,5998.35763648718,5899.29997903194,1,0,1,0,1,0,0,0,0,0,0,0,0,0,0,0,0,0,57.14190237954,0,0,0,0,1,0,0,0,gray,0,0,0,0,0,0,0,1,0,0,0,1,+-,+-,++,+-,red,red,red
2025-04-07 17:00:00,4974.55,5124.81,4973.42,5084.74,4975.05,5125.31,4973.92,5085.14,390033,4974.8,5125.06,4973.67,5084.94,5049.365,-0.91817865667,0.03125416304,5506.74831949939,5328.18587867282,5113.51797667652,5796.6999103402,5722.98074127831,5661.96660417569,5976.32472212201,5997.56953504302,5897.75827778866,0,0,0,0,0,0,0,0,0,0,0,0,0,0,0,0,0,0,38.81466440019,0,0,0,0,1,0,0,0,green,1,0,1,0,0,0,0,0,0,1,0,3,--,+-,++,+-,red,red,red
2025-04-07 21:00:00,5084.74,5142.39,5084.74,5108.76,5085.14,5142.99,5085.14,5109.36,37850,5084.94,5142.69,5084.94,5109.06,5113.815,-0.81105512086,0.28694341039,5483.16460261482,5276.82889383872,5077.77488134122,5796.44097876334,5719.67572780052,5660.1143511117,5976.58242842938,5996.79080313297,5896.13964391513,0,0,0,0,0,0,0,0,0,0,0,0,0,0,0,0,0,0,152.57595772787,0,1,-1,0,1,0,0,0,green,1,0,1,0,0,0,0,0,0,0,1,2,-+,+-,++,-+,red,red,red
2025-04-08 01:00:00,5108.76,5155.39,5094.74,5134.62,5109.36,5155.99,5095.34,5135.22,50267,5109.06,5155.69,5095.04,5134.92,5125.365,-0.68244094498,0.47695780203,5454.09655625983,5226.30590710888,5070.95040507298,5796.33209136151,5716.12053274961,5659.20892902018,5976.82187822134,5996.00704432124,5894.55829222127,0,0,0,0,0,0,0,0,0,0,0,0,0,0,0,0,0,0,120.65569856964,0,0,0,0,1,0,0,0,green,1,0,1,0,0,0,0,1,0,0,0,1,+-,+-,++,-+,red,red,red
2025-04-08 05:00:00,5134.62,5159.89,5109.89,5148.87,5135.22,5160.49,5110.49,5149.47,71460,5134.92,5160.19,5110.19,5149.17,5135.19,-0.57556922864,0.52969257171,5414.279898086,5189.86798122027,5066.63332405838,5796.17807909902,5712.77102306325,5658.37682816664,5976.9998175364,5995.2684947748,5892.97222769196,0,0,0,0,0,0,0,0,0,0,0,0,0,0,0,0,0,0,69.96921354604,0,0,0,0,1,0,0,0,green,1,0,1,0,0,0,0,1,0,0,0,1,+-,+-,++,-+,red,red,red
2025-04-08 09:00:00,5148.87,5216.38,5120.25,5192.01,5149.47,5216.98,5120.85,5192.61,97539,5149.17,5216.68,5120.55,5192.31,5168.615,-0.49825053653,0.4769594922,5376.05298284862,5171.59104606774,5076.0696592467,5795.95428045746,5710.56982264392,5653.56420086762,5977.15560051376,5994.4583510204,5891.13248999965,0,0,0,0,0,0,0,0,0,0,0,0,0,0,0,0,0,0,98.55544961503,0,0,0,0,1,0,0,0,gray,0,0,0,0,0,0,0,0,1,0,0,4,++,+-,++,-+,red,red,red
2025-04-08 13:00:00,5192.01,5272.94,5090.17,5091.92,5192.61,5273.44,5090.67,5092.42,420151,5192.31,5273.19,5090.42,5092.17,5181.805,-0.41855354603,0.42844035105,5337.32929186026,5156.31279030927,5085.92872739736,5795.73580539614,5708.43582586857,5649.34010672446,5977.36866258136,5993.55292891301,5889.21004215244,1,0,1,0,1,0,0,0,0,0,0,0,0,0,0,0,0,0,43.50102701172,0,1,-1,0,1,0,0,0,gray,0,0,0,1,0,0,0,1,0,0,0,1,+-,+-,++,-+,red,red,red
2025-04-08 17:00:00,5091.92,5111.17,4909.15,4980.46,5092.42,5111.71,4909.93,4980.86,383071,5092.17,5111.44,4909.54,4980.66,5010.49,-0.42598056516,0.22589716701,5306.3656924864,5151.00056652061,5095.78098191789,5795.25849297596,5706.2976290346,5645.08716240903,5977.60226029335,5992.83750861725,5887.35840991526,0,0,0,0,0,0,0,0,0,0,0,0,0,0,0,0,0,0,52.70563420358,0,0,0,0,1,0,0,0,gray,0,0,0,0,0,1,0,0,0,0,1,2,-+,+-,++,-+,red,red,red
2025-04-08 21:00:00,4980.46,4984.24,4890.63,4902.0,4980.86,4985.21,4891.23,4902.6,55852,4980.66,4984.725,4890.93,4902.3,4937.8275,-0.46282210933,0.03217275475,5286.15698537206,5147.79612070553,5110.34778553431,5794.32586945937,5704.48476305215,5640.46503998524,5977.8441773748,5992.17908583348,5885.55783067974,0,0,0,0,0,0,0,0,0,0,0,0,0,0,0,0,0,0,167.93489937692,0,0,0,0,1,0,0,0,red,-1,1,0,0,0,0,0,0,0,0,1,2,-+,+-,++,++,red,red,red
2025-04-09 01:00:00,4902.0,4969.74,4855.62,4873.01,4902.6,4970.71,4856.22,4873.61,69108,4902.3,4970.225,4855.92,4873.31,4913.0725,-0.51278973211,-0.11779673554,5267.94221726652,5146.22035561734,5124.63922842745,5793.24142148792,5702.60131281484,5635.14606822096,5978.04829096266,5991.51758761102,5883.6933665778,0,0,0,0,0,0,0,0,0,0,0,0,0,0,0,0,0,0,165.40053249986,0,0,0,0,1,0,0,0,red,-1,1,0,0,0,0,0,1,0,0,0,1,+-,+-,++,++,red,red,red
2025-04-09 05:00:00,4873.01,5027.63,4843.64,4999.76,4873.61,5028.23,4844.69,5000.36,92564,4873.31,5027.93,4844.165,5000.06,4936.0475,-0.56804826697,-0.21685686666,5256.08627747678,5149.01968616517,5101.80938274196,5792.35668641502,5700.87819803639,5628.87118386152,5978.26222785666,5990.74680397321,5881.90521819879,0,1,0,1,0,1,0,1,0,0,0,0,0,0,0,0,0,0,198.52750529364,1,0,1,0,1,0,0,0,red,-1,1,0,0,0,0,0,0,1,0,0,4,++,+-,++,++,red,red,red
2025-04-09 09:00:00,4999.76,5012.14,4872.63,4933.14,5000.36,5012.74,4873.23,4934.19,108206,5000.06,5012.44,4872.93,4933.665,4942.685,-0.62609710494,-0.25653016419,5246.03079459396,5153.11785039453,5069.01300619357,5791.46509443283,5699.28204898118,5621.65203139501,5978.52088242468,5989.83121683169,5880.27532085018,0,0,0,0,0,0,0,0,0,0,0,0,0,0,0,0,0,0,128.93000388148,0,0,0,0,1,0,0,0,red,-1,1,0,0,0,0,0,1,0,0,0,1,+-,+-,++,++,red,red,red
2025-04-09 13:00:00,4933.14,5057.55,4932.64,5033.3,4934.19,5058.19,4933.34,5033.8,406009,4933.665,5057.87,4932.99,5033.55,4995.43,-0.59315877778,-0.09732495517,5237.50457962519,5135.28936909521,5037.82490495485,5790.57509337179,5698.20555718153,5614.20535400104,5978.83464666228,5988.88310002126,5878.84505820539,0,0,0,0,0,0,0,0,0,0,0,0,0,0,0,0,0,0,30.75793886342,0,0,0,0,1,0,0,0,gray,0,0,0,0,0,0,0,1,0,0,0,1,+-,+-,++,++,red,red,red
2025-04-09 17:00:00,5033.3,5490.42,4995.64,5484.47,5033.8,5490.92,4996.81,5484.87,565592,5033.55,5490.67,4996.225,5484.67,5243.4475,-0.4434916618,0.25239471663,5232.20538119248,5110.60663545831,5017.46942396388,5789.61222715413,5696.94872886914,5606.9344612363,5979.20966086212,5987.8137519525,5877.52207169008,0,0,0,0,0,0,0,0,0,0,0,0,0,0,0,0,0,0,87.42079095885,0,0,0,0,1,0,0,0,green,1,0,1,0,0,0,0,0,1,0,0,4,++,+-,++,++,red,red,red
2025-04-09 21:00:00,5484.47,5496.75,5443.73,5464.61,5484.87,5497.45,5444.33,5465.21,36158,5484.67,5497.1,5444.03,5464.91,5470.565,-0.20391530531,0.67887094683,5228.32842879306,5085.91486852602,5002.51253917111,5788.68967404004,5695.61452470788,5596.89249178817,5979.59557688105,5986.83407919734,5876.2913628589,1,0,1,0,1,0,1,0,1,0,1,0,0,0,0,0,0,0,146.7724984789,0,1,-1,0,1,0,0,0,green,1,0,1,0,0,0,0,0,0,0,1,2,-+,+-,++,--,red,red,gray
2025-04-10 01:00:00,5464.61,5474.74,5409.0,5418.98,5465.21,5475.34,5409.6,5419.58,42810,5464.91,5475.04,5409.3,5419.28,5442.17,0.01467365521,0.92363599768,5211.57162657821,5067.18144746027,5001.09603133688,5787.60613837666,5693.85771516774,5585.22388908852,5979.9745276055,5985.85350375014,5875.07347145015,0,0,0,0,0,0,0,0,0,0,0,0,0,0,0,0,0,0,153.56225181032,0,0,0,1,0,1,1,0,green,1,0,1,0,0,0,0,0,1,0,0,4,++,+-,++,--,red,red,gray
2025-04-10 05:00:00,5418.98,5455.75,5327.39,5340.5,5419.58,5456.35,5328.22,5341.1,82944,5419.28,5456.05,5327.805,5340.8,5391.9275,0.21466232622,1.0,5190.51438607219,5051.61939152773,5049.56632506951,5786.59370985558,5692.68448398287,5571.10789235062,5980.32163761186,5984.86531274692,5873.62181539842,0,0,0,0,0,0,0,0,0,0,0,0,0,0,0,0,0,0,154.61636766975,0,0,0,1,0,0,0,0,green,1,0,1,0,0,0,0,0,1,0,0,4,++,+-,++,--,red,red,gray
2025-04-10 09:00:00,5340.5,5394.87,5328.11,5353.75,5341.1,5395.47,5328.71,5354.35,84271,5340.8,5395.17,5328.41,5354.05,5361.79,0.3823420517,0.93422908155,5169.17270252818,5044.59571758677,5133.76606005561,5785.46116817181,5691.56144791045,5552.44236610502,5980.68772080122,5983.86586934457,5872.2254312637,0,0,0,0,0,0,0,0,0,0,0,0,0,0,0,0,0,0,79.22060969966,0,0,0,1,0,0,0,0,gray,0,0,0,0,0,0,0,1,0,0,0,1,+-,+-,++,--,red,red,gray
2025-04-10 13:00:00,5353.75,5372.88,5114.78,5217.29,5354.35,5373.48,5115.28,5217.79,485349,5354.05,5373.18,5115.03,5217.54,5244.105,0.3978389874,0.56779549924,5151.23999464139,5069.45219038842,5195.44684804448,5784.29744718111,5687.9830124939,5533.76259063134,5981.05382764259,5982.73090853193,5870.76324076882,0,1,0,1,0,0,0,0,0,0,0,0,0,0,0,0,0,0,53.1885303153,0,0,0,1,0,0,0,0,gray,0,0,0,1,0,0,0,1,0,0,0,1,+-,+-,++,--,red,red,gray
2025-04-10 17:00:00,5217.29,5319.28,5148.16,5272.58,5217.79,5320.18,5148.66,5272.98,444713,5217.54,5319.73,5148.41,5272.78,5234.07,0.31690862516,0.12382458837,5135.1973027459,5119.59129158987,5234.74297843559,5782.6621949656,5684.74595772128,5514.31795561277,5981.42060794062,5981.72556128502,5869.32985020792,0,0,0,0,0,0,0,0,0,0,0,0,0,0,0,0,0,0,38.52372204096,0,0,0,1,0,0,0,0,gray,0,0,0,0,0,0,0,0,0,1,0,3,--,+-,++,--,red,red,gray
2025-04-10 21:00:00,5272.58,5300.75,5176.63,5200.88,5272.98,5301.35,5177.72,5202.18,42662,5272.78,5301.05,5177.175,5201.53,5239.1125,0.2491677292,-0.15115126736,5124.44597176545,5159.91363014114,5260.15238274847,5780.35492311205,5681.47312212635,5497.27338338886,5981.80790075776,5980.66927132242,5867.92026791481,0,0,0,0,0,0,0,0,0,0,0,0,0,0,0,0,0,0,290.36378978951,0,0,0,1,0,0,0,0,red,-1,1,0,0,0,0,0,0,0,0,1,2,-+,+-,++,--,red,red,gray
2025-04-11 01:00:00,5200.88,5290.38,5193.65,5278.14,5202.18,5290.98,5194.85,5279.19,50392,5201.53,5290.68,5194.25,5278.665,5242.465,0.20234072745,-0.257560001,5133.5999354758,5188.91536387349,5256.94290619878,5777.7536880209,5677.9542471786,5483.93159270096,5982.19250844805,5979.64647402061,5866.41026605429,0,0,0,0,0,0,0,0,0,0,0,0,0,0,0,0,0,0,191.35973964121,0,0,0,1,0,0,0,0,red,-1,1,0,0,0,0,0,1,0,0,0,1,+-,+-,++,--,red,red,gray
2025-04-11 05:00:00,5278.14,5349.38,5227.88,5246.74,5279.19,5349.98,5229.08,5247.34,95714,5278.665,5349.68,5228.48,5247.04,5289.08,0.18266606691,-0.20896289357,5159.52032505458,5210.52469338931,5252.36832495902,5775.1112870319,5673.98453359353,5471.1502223274,5982.58138773599,5978.54730460421,5864.80050726225,0,0,0,0,0,0,0,0,0,0,0,0,0,0,0,0,0,0,126.62724366341,0,0,0,1,0,0,0,0,gray,0,0,0,0,0,0,0,1,0,0,0,1,+-,+-,++,--,red,red,gray
2025-04-11 09:00:00,5246.74,5329.25,5235.88,5277.74,5247.34,5329.85,5236.93,5278.34,87287,5247.04,5329.55,5236.405,5278.04,5282.9775,0.20715585229,-0.05874660963,5181.26260774269,5214.72223171564,5249.71715996722,5772.48312650346,5669.39936025547,5460.64036284718,5982.96394373669,5977.37053505655,5863.17328151737,0,0,0,0,0,0,0,0,0,0,0,0,0,0,0,0,0,0,106.7111941068,0,0,0,1,0,0,0,0,gray,0,0,0,0,0,0,1,0,0,1,0,3,--,+-,++,--,red,red,gray
2025-04-11 13:00:00,5277.74,5351.43,5222.16,5340.28,5278.34,5351.93,5222.66,5340.78,406258,5278.04,5351.68,5222.41,5340.53,5287.045,0.23489244141,0.04712757925,5197.46759945479,5217.14070275119,5248.26672797377,5769.69275429555,5664.19973552355,5450.77932276344,5983.35576351458,5976.05450271725,5861.72662678461,0,1,0,0,0,0,0,0,0,0,0,0,0,0,0,0,0,0,31.81968108936,0,0,0,1,0,0,0,0,green,1,0,1,0,0,0,0,1,0,0,0,1,+-,+-,++,--,red,red,gray
2025-04-11 17:00:00,5340.28,5388.28,5310.91,5369.22,5340.78,5388.78,5311.41,5369.62,229943,5340.53,5388.53,5311.16,5369.42,5349.845,0.28176354422,0.14391611009,5210.10778411212,5219.88717740729,5256.42938237902,5767.02089750572,5658.82274033222,5441.49728385863,5983.73540339916,5974.45976236224,5860.52491409861,0,0,0,0,0,0,0,0,0,0,0,0,0,0,0,0,0,0,33.6474691554,0,0,0,1,0,0,0,0,green,1,0,1,0,0,0,0,0,0,0,1,2,-+,+-,++,--,red,red,gray
2025-04-13 21:00:00,5369.22,5445.2,5369.22,5397.82,5369.62,5446.15,5369.62,5398.42,35795,5369.42,5445.675,5369.42,5398.12,5407.5475,0.3474904311,0.23193773981,5212.72295456503,5222.70940523138,5261.73900590322,5765.05105596071,5653.51678141708,5433.47133433338,5984.11967288616,5972.80693076412,5859.45616469514,1,0,0,0,0,0,0,0,0,0,0,0,0,0,0,0,0,0,213.03254644503,0,1,-1,1,0,0,0,0,green,1,0,1,0,0,0,0,0,0,0,1,2,-+,-+,++,--,gray,red,green
2025-04-14 01:00:00,5397.82,5428.56,5386.68,5425.95,5398.42,5429.16,5387.28,5426.55,22431,5398.12,5428.86,5386.98,5426.25,5407.92,0.38792851984,0.23046402993,5214.3650349831,5231.00572957746,5266.80020472257,5763.12014521958,5646.4620672095,5426.06938332357,5984.52016447002,5971.17936882951,5858.47778855143,0,0,0,0,0,0,0,0,0,0,0,0,0,0,0,0,0,0,186.70589808747,0,0,0,1,0,0,0,0,gray,0,0,0,0,0,0,0,0,0,1,0,3,--,-+,++,--,gray,red,green
2025-04-14 05:00:00,5425.95,5444.83,5413.09,5439.06,5426.55,5445.43,5413.78,5439.66,32991,5426.25,5445.13,5413.435,5439.36,5429.2825,0.43444429326,0.23300196279,5216.26868613825,5237.50220088028,5283.40916377806,5761.18435707104,5638.34748416933,5413.84646028464,5984.92191469689,5969.69615265428,5857.5873177976,0,0,0,0,0,0,0,0,0,0,0,0,0,0,0,0,0,0,96.07165590616,0,0,0,1,0,0,0,0,gray,0,0,0,0,0,0,0,1,0,0,0,1,+-,-+,++,--,gray,red,green
2025-04-14 09:00:00,5439.06,5454.07,5416.31,5451.58,5439.66,5455.15,5416.91,5452.18,38464,5439.36,5454.61,5416.61,5451.88,5435.61,0.47574572399,0.21652537518,5218.28378720454,5243.69505077024,5308.23683102245,5759.44734182305,5628.65534809352,5399.84590262921,5985.2997080266,5968.23700607637,5856.83761420178,0,0,0,0,0,0,0,0,0,0,0,0,0,0,0,0,0,0,98.79367720466,0,0,0,1,0,0,0,0,gray,0,0,0,0,0,0,0,0,1,0,0,4,++,-+,++,--,gray,red,green
2025-04-14 13:00:00,5451.58,5468.95,5362.36,5378.99,5452.18,5469.55,5362.86,5379.49,289289,5451.88,5469.25,5362.61,5379.24,5415.93,0.47391899255,0.11996259833,5223.72964972727,5256.96379442396,5328.17346481796,5757.66585483628,5616.07034176455,5385.529037846,5985.65328970292,5966.60813480565,5856.1816585476,1,1,1,1,1,0,1,0,1,0,0,0,0,0,0,0,0,0,36.86279118805,0,1,-1,1,0,0,0,0,gray,0,0,0,0,0,0,0,1,0,0,0,1,+-,-+,++,--,gray,red,green
2025-04-14 17:00:00,5378.99,5450.38,5376.62,5403.79,5379.49,5450.88,5377.12,5404.19,158210,5379.24,5450.63,5376.87,5403.99,5413.75,0.44632588374,0.00636399227,5228.28717667132,5275.78675762097,5348.39527185437,5755.98230590553,5603.36597191428,5372.30899261524,5986.05015100345,5964.97015997816,5855.53942480769,0,0,0,0,0,0,0,0,0,0,0,0,0,0,0,0,0,0,46.6215789141,0,0,0,1,0,0,0,0,red,-1,1,0,0,0,0,0,0,0,0,1,2,-+,-+,++,--,gray,red,green
2025-04-14 21:00:00,5403.79,5408.93,5384.18,5405.28,5404.19,5409.53,5384.9,5405.88,16898,5403.99,5409.23,5384.54,5405.58,5396.885,0.40992258624,-0.09150432276,5232.80700923507,5292.30341291834,5365.83821748349,5754.3767743785,5590.0801360613,5359.67299283244,5986.45690126604,5963.33055628726,5854.90137324652,0,0,0,0,0,0,0,0,0,0,0,0,0,0,0,0,0,0,146.11196591312,0,0,0,1,0,0,0,0,red,-1,1,0,0,0,0,0,0,0,0,1,2,-+,-+,++,--,gray,red,green
2025-04-15 01:00:00,5405.28,5413.53,5396.41,5407.42,5405.88,5414.23,5397.01,5408.02,15307,5405.58,5413.88,5396.71,5407.72,5405.295,0.37143393437,-0.15359610986,5241.8099316016,5309.42579880355,5375.85657398679,5753.09248477874,5578.16599722382,5348.95996363148,5986.85594131573,5961.721047462,5854.24688454342,0,0,0,0,0,0,0,0,0,0,0,0,0,0,0,0,0,0,112.17090220161,0,0,0,1,0,0,0,0,red,-1,1,0,0,0,0,0,0,0,1,0,3,--,-+,++,--,gray,red,green
2025-04-15 05:00:00,5407.42,5434.53,5396.18,5422.68,5408.02,5435.13,5396.78,5423.28,36837,5407.72,5434.83,5396.48,5422.98,5415.655,0.34059377884,-0.16273425054,5254.55897532455,5325.19882395311,5383.43525918944,5751.69908607337,5568.44757000157,5345.85665587761,5987.22559399129,5960.1329528377,5853.66898951187,0,0,0,0,0,0,0,0,0,0,0,0,0,0,0,0,0,0,104.10728343785,0,0,0,1,0,0,0,0,red,-1,1,0,0,0,0,0,1,0,0,0,1,+-,-+,++,--,gray,red,green
2025-04-15 09:00:00,5422.68,5429.93,5384.16,5405.03,5423.28,5430.53,5384.76,5405.63,44366,5422.98,5430.23,5384.46,5405.33,5407.345,0.31530200417,-0.14730730093,5266.35597722266,5336.54022095897,5386.12520735155,5750.25940533097,5559.00970509245,5349.5245483518,5987.59624228308,5958.74394874827,5853.13941319582,0,1,0,0,0,0,0,0,0,0,0,0,0,0,0,0,0,0,103.16458549339,0,0,0,1,0,0,0,0,gray,0,0,0,0,0,0,0,1,0,0,0,1,+-,-+,++,--,gray,red,green
2025-04-15 13:00:00,5405.03,5455.98,5404.22,5413.22,5405.63,5456.48,5404.72,5413.72,209267,5405.33,5456.23,5404.47,5413.47,5430.35,0.30293092839,-0.10819098659,5278.88878666708,5346.1914433391,5389.95916588124,5748.5597490913,5550.91525590895,5352.24941457675,5987.99688885528,5957.18150690814,5852.58743810418,1,0,1,0,1,0,0,0,0,0,0,0,0,0,0,0,0,0,24.73395231929,0,1,-1,1,0,0,0,0,gray,0,0,0,0,1,0,0,1,0,0,0,1,+-,-+,++,--,gray,red,green
2025-04-15 17:00:00,5413.22,5422.23,5390.47,5396.51,5413.72,5422.73,5390.97,5396.91,100699,5413.47,5422.48,5390.72,5396.71,5406.6,0.28986018871,-0.08194602964,5290.94426461576,5352.52813792171,5395.09833270499,5747.22008898915,5543.17797852879,5353.4164170892,5988.39372734638,5955.68639314459,5852.1302336729,0,0,0,0,0,0,0,0,0,0,0,0,0,0,0,0,0,0,31.53953862501,0,0,0,1,0,0,0,0,gray,0,0,0,0,1,0,0,0,0,0,1,2,-+,-+,++,--,gray,red,green
2025-04-15 21:00:00,5396.51,5396.51,5339.11,5349.13,5396.91,5396.91,5339.71,5349.73,21391,5396.71,5396.71,5339.41,5349.43,5368.06,0.26033386202,-0.09947101677,5300.55855195301,5359.1239956815,5397.54766616399,5745.91331832635,5535.76001528281,5353.66269893951,5988.77457952848,5954.18458459032,5851.64755843906,0,0,0,0,0,0,0,0,0,0,0,0,0,0,0,0,0,0,267.86966481231,0,0,0,1,0,0,0,0,gray,0,0,0,0,0,0,0,0,0,0,1,2,-+,-+,++,++,gray,red,gray
2025-04-16 01:00:00,5349.13,5362.5,5345.49,5347.74,5349.73,5363.1,5346.09,5348.34,12424,5349.43,5362.8,5345.79,5348.04,5354.295,0.22370884433,-0.13124786425,5309.26558641816,5366.19037122131,5404.10813293119,5743.09123047998,5529.08465136858,5350.44041367659,5989.15577427775,5952.62913572942,5851.12403372768,0,0,0,0,0,0,0,0,0,0,0,0,0,0,0,0,0,0,136.91242755956,0,0,0,1,0,0,0,0,red,-1,1,0,0,0,0,0,0,0,1,0,3,--,-+,++,++,gray,red,gray
2025-04-16 05:00:00,5347.74,5396.51,5311.74,5361.11,5348.34,5397.11,5312.34,5361.71,58387,5348.04,5396.81,5312.04,5361.41,5354.425,0.19136345164,-0.14937578965,5316.00554130907,5371.33469981865,5404.60650634496,5740.47160991279,5522.77047588915,5347.01775445081,5989.53757593749,5950.9823154044,5850.60588071568,1,1,0,0,0,0,0,0,0,0,0,0,0,0,0,0,0,0,145.18642848579,1,0,1,1,0,0,0,0,red,-1,1,0,0,0,0,0,0,1,0,0,4,++,-+,++,++,gray,red,gray
2025-04-16 09:00:00,5361.11,5376.01,5344.99,5347.75,5361.71,5377.56,5345.59,5348.35,48460,5361.41,5376.785,5345.29,5348.05,5361.0375,0.14143859353,-0.1916546122,5322.87396120838,5378.71161234132,5397.29720507596,5737.82294013849,5513.45628541844,5343.84407049637,5989.86201207558,5949.4223483855,5849.92983293294,0,0,0,0,0,0,0,0,0,0,0,0,0,0,0,0,0,0,64.99174576971,0,0,0,1,0,0,0,0,red,-1,1,0,0,0,0,0,0,0,1,0,3,--,-+,++,++,gray,red,gray
2025-04-16 13:00:00,5347.75,5372.56,5317.8,5329.79,5348.35,5373.07,5318.3,5330.29,174796,5348.05,5372.815,5318.05,5330.04,5345.4325,0.09141219971,-0.21644854539,5330.01096419235,5382.19766079865,5388.69676406077,5735.01521047401,5502.99030750174,5340.86233312883,5990.17961947061,5947.75771384307,5848.97375770424,0,0,0,0,0,0,0,0,0,0,0,0,0,0,0,0,0,0,31.33080848532,0,0,0,1,0,0,0,0,red,-1,1,0,0,0,0,0,1,0,0,0,1,+-,-+,++,++,gray,red,gray
2025-04-16 17:00:00,5329.79,5338.06,5222.79,5271.1,5330.29,5338.56,5223.29,5271.5,191627,5330.04,5338.31,5223.04,5271.3,5280.675,0.03298616405,-0.24752611503,5335.95973617755,5380.43045319882,5381.84241124862,5731.92088226644,5492.26452918352,5339.33932333092,5990.52767087785,5945.96802408409,5847.92400938685,0,1,0,1,0,1,0,1,0,0,0,0,0,0,0,0,0,0,60.15331868682,0,0,0,1,0,0,0,0,red,-1,1,0,0,0,0,0,0,1,0,0,4,++,-+,++,++,gray,red,gray
2025-04-16 21:00:00,5271.1,5303.89,5266.53,5301.89,5271.5,5304.49,5267.13,5302.49,23340,5271.3,5304.19,5266.83,5302.19,5285.51,-0.01665489221,-0.25128787519,5343.22052570236,5377.16352154897,5377.68142899889,5728.43637797131,5482.15149228928,5337.68162264472,5990.86619164475,5944.2629467275,5846.9974537661,0,0,0,0,0,0,0,0,0,0,0,0,0,0,0,0,0,0,160.06855184233,0,0,0,0,1,-1,0,1,red,-1,1,0,0,0,0,0,0,0,0,1,2,-+,-+,++,+-,gray,red,gray
2025-04-17 01:00:00,5301.89,5320.03,5296.28,5318.13,5302.49,5320.63,5296.88,5318.73,14608,5302.19,5320.33,5296.58,5318.43,5308.455,-0.05786241077,-0.23056951972,5348.0958698791,5374.32120635535,5371.23164319912,5724.55978945478,5472.34301061129,5336.19231021399,5991.20415930617,5942.62070232095,5846.06695061495,0,0,0,0,0,0,0,0,0,0,0,0,0,0,0,0,0,0,162.58214676889,0,0,0,0,1,0,0,0,gray,0,0,0,0,0,0,0,0,0,0,1,2,-+,-+,++,+-,gray,red,gray
2025-04-17 05:00:00,5318.13,5344.13,5315.28,5318.89,5318.73,5344.73,5315.88,5319.49,32949,5318.43,5344.43,5315.58,5319.19,5330.005,-0.09100478126,-0.1985569521,5349.63157219609,5372.66074306093,5353.12031455929,5720.55872440473,5463.67186496382,5336.59385991358,5991.55316684117,5940.97428299768,5845.1377009579,1,0,1,0,0,0,0,0,0,0,0,0,0,0,0,0,0,0,87.55956174694,0,0,0,0,1,0,0,0,gray,0,0,0,0,1,0,0,1,0,0,0,1,+-,-+,++,+-,gray,red,gray
2025-04-17 09:00:00,5318.89,5332.01,5291.77,5307.38,5319.49,5332.61,5292.37,5307.98,55654,5319.19,5332.31,5292.07,5307.68,5312.19,-0.10891196736,-0.14540941718,5349.99029741178,5369.25721267831,5339.59825164743,5716.58609828782,5459.66778560084,5338.68073168083,5991.81468364,5939.3801122552,5844.1636891457,0,0,0,0,0,0,0,0,0,0,0,0,0,0,0,0,0,0,72.30387752902,0,0,0,0,1,0,0,0,gray,0,0,0,0,1,0,0,1,0,0,0,1,+-,-+,++,+-,gray,red,gray
2025-04-17 13:00:00,5307.38,5324.82,5258.56,5319.95,5307.98,5325.32,5259.06,5320.45,267140,5307.68,5325.07,5258.81,5320.2,5291.94,-0.09340813707,-0.04758768376,5350.3314283801,5358.18443609352,5333.36960131795,5711.51779943065,5459.86591677173,5340.71718074904,5991.92265530143,5937.91116327557,5843.21467047107,0,0,0,0,0,0,0,0,0,0,0,0,0,0,0,0,0,0,24.80347383394,1,0,1,0,1,0,0,0,gray,0,0,0,0,0,0,0,1,0,0,0,1,+-,-+,++,+-,gray,red,gray
2025-04-17 17:00:00,5319.95,5332.58,5277.56,5299.37,5320.45,5333.08,5278.06,5299.77,152745,5320.2,5332.83,5277.81,5299.57,5305.32,-0.07691227595,0.0208862212,5351.15497235086,5349.10013158183,5332.69668105436,5705.77220617862,5459.54417283043,5343.32204307995,5992.02942544652,5936.57781064348,5842.16633942613,1,0,0,0,0,0,0,0,0,0,0,0,0,0,0,0,0,0,36.02081901208,0,0,0,0,1,0,0,0,green,1,0,1,0,0,0,0,0,0,0,1,2,-+,-+,++,+-,gray,red,gray
2025-04-20 21:00:00,5299.37,5299.37,5254.1,5260.72,5299.77,5299.77,5254.81,5261.32,15782,5299.57,5299.57,5254.455,5261.02,5277.0125,-0.08291961762,0.01849744565,5350.71478217003,5344.0194901341,5328.59534484349,5699.02510273841,5458.31477877896,5346.03639475407,5992.16845880077,5935.1976912845,5841.16171206901,0,0,0,0,0,0,0,0,0,0,0,0,0,0,0,0,0,0,285.86364212394,0,0,0,0,1,0,0,0,gray,0,0,0,0,0,1,0,0,0,0,1,2,-+,-+,++,-+,gray,red,gray
2025-04-21 01:00:00,5260.72,5262.72,5234.35,5243.59,5261.32,5263.41,5235.05,5244.19,17340,5261.02,5263.065,5234.7,5243.89,5248.8825,-0.10957011187,-0.03652047865,5345.32710661849,5342.26767886734,5321.26427587479,5690.45718023574,5456.55978280116,5348.09208902601,5992.30249471907,5933.80259389701,5840.08279392964,0,0,0,0,0,0,0,0,0,0,0,0,0,0,0,0,0,0,163.58131487889,0,0,0,0,1,0,0,0,red,-1,1,0,0,0,0,0,1,0,0,0,1,+-,-+,++,-+,gray,red,gray
2025-04-21 05:00:00,5243.59,5252.71,5227.09,5232.96,5244.19,5253.31,5227.69,5233.56,12052,5243.89,5253.01,5227.39,5233.26,5240.2,-0.13906964991,-0.09281104113,5340.72579072476,5338.50796900892,5318.07542069983,5681.7703579859,5452.69696856842,5350.02320405465,5992.44610879144,5932.3906299747,5838.98423286068,0,0,0,0,0,0,0,0,0,0,0,0,0,0,0,0,0,0,212.57882509127,0,0,0,0,1,0,0,0,red,-1,1,0,0,0,0,0,0,0,0,1,2,-+,-+,++,-+,gray,red,gray
2025-04-21 09:00:00,5232.96,5244.83,5213.08,5229.95,5233.56,5245.43,5213.68,5230.55,21837,5233.26,5245.13,5213.38,5230.25,5229.255,-0.16467031422,-0.12003100642,5338.24342220747,5332.68697288281,5309.86283655986,5672.67906182875,5448.72193277626,5351.40149217069,5992.51012441798,5931.08163585464,5837.59378679915,0,0,0,0,0,0,0,0,0,0,0,0,0,0,0,0,0,0,145.39542977515,1,0,1,0,1,0,0,0,red,-1,1,0,0,0,0,0,1,0,0,0,1,+-,-+,++,-+,gray,red,gray
2025-04-21 13:00:00,5229.95,5237.4,5126.89,5131.39,5230.55,5237.91,5127.39,5131.89,104844,5230.25,5237.655,5127.14,5131.64,5182.3975,-0.21200046895,-0.16875279288,5337.60969742228,5329.26610127246,5297.66676924789,5664.38831394304,5444.91085218033,5352.98659534214,5992.55569437974,5929.87804514282,5835.78629522416,0,0,0,0,0,0,0,0,0,0,0,0,0,0,0,0,0,0,105.40898859258,0,0,0,0,1,0,0,0,red,-1,1,0,0,0,0,0,1,0,0,0,1,+-,-+,++,-+,gray,red,gray
2025-04-21 17:00:00,5131.39,5167.9,5102.5,5159.18,5131.89,5168.4,5103.0,5159.58,67997,5131.64,5168.15,5102.75,5159.38,5135.45,-0.26397472025,-0.20656262197,5335.6543360821,5322.7344011134,5286.17341539831,5657.41375423581,5441.23001850433,5354.82978371443,5992.55813285619,5928.78959859714,5833.79364734066,0,1,0,1,0,1,0,1,0,1,0,1,0,1,0,0,0,0,96.18071385502,1,0,1,0,1,0,0,0,red,-1,1,0,0,0,0,0,0,0,1,0,3,--,-+,++,-+,gray,red,gray
2025-04-21 21:00:00,5159.18,5185.49,5148.23,5182.25,5159.58,5186.09,5148.83,5182.85,13903,5159.38,5185.79,5148.53,5182.55,5167.16,-0.29032558852,-0.18305570795,5332.29169484502,5313.50291347423,5274.78973231865,5650.58174576125,5438.46365453152,5356.3743488993,5992.57647998389,5927.7102226375,5831.77133034524,0,0,0,0,0,0,0,0,0,0,0,0,0,0,0,0,0,0,267.99971229231,0,0,0,0,1,0,0,0,gray,0,0,0,0,0,0,0,0,0,0,1,2,-+,-+,++,+-,gray,red,gray
2025-04-22 01:00:00,5182.25,5200.73,5174.23,5180.49,5182.85,5201.33,5174.83,5181.09,17332,5182.55,5201.03,5174.53,5180.79,5187.78,-0.30619580384,-0.14094808776,5330.21694908771,5304.34004928995,5256.31128585492,5644.55065873022,5435.63663354004,5358.55010334344,5992.55598534202,5926.58131610257,5829.75350860672,0,0,0,0,0,0,0,0,0,0,0,0,0,0,0,0,0,0,152.89637664436,0,0,0,0,1,0,0,0,gray,0,0,0,0,1,0,0,1,0,0,0,1,+-,-+,++,+-,gray,red,gray
2025-04-22 05:00:00,5180.49,5230.73,5177.6,5212.98,5181.09,5231.33,5178.2,5213.58,29346,5180.79,5231.03,5177.9,5213.28,5204.465,-0.31141941018,-0.08307873357,5326.12429915789,5294.9544181287,5232.13902868394,5638.71711200292,5432.93496747567,5359.96333559805,5992.53155302016,5925.47334908067,5827.63119257473,0,0,0,0,0,0,0,0,0,0,0,0,0,0,0,0,0,0,181.04682069107,0,0,0,0,1,0,0,0,gray,0,0,0,0,1,0,0,0,1,0,0,4,++,-+,++,+-,gray,red,gray
2025-04-22 09:00:00,5212.98,5215.12,5193.0,5214.73,5213.58,5215.72,5193.6,5215.33,23863,5213.28,5215.42,5193.3,5215.03,5204.36,-0.29350988538,-0.00101893814,5320.18262229959,5280.88480336262,5219.14322294715,5633.05950400289,5431.4242407943,5360.20147278634,5992.43160195114,5924.36043771123,5825.5774863763,0,0,0,0,0,0,0,0,0,0,0,0,0,0,0,0,0,0,92.69580522147,0,0,0,0,1,0,0,0,gray,0,0,0,0,0,0,0,0,0,1,0,3,--,-+,++,+-,gray,red,gray
2025-04-22 13:00:00,5214.73,5315.8,5212.48,5297.53,5215.33,5316.3,5213.03,5298.03,103552,5215.03,5316.05,5212.755,5297.78,5264.4025,-0.23154838451,0.132046862,5314.03011289193,5262.70545294229,5212.87057835772,5627.84102642982,5430.9901182344,5360.02775299851,5992.36142528814,5923.08871909444,5823.95337188757,0,0,0,0,0,0,0,0,0,0,0,0,0,0,0,0,0,0,99.75181551298,0,0,0,0,1,0,0,0,green,1,0,1,0,0,0,0,0,1,0,0,4,++,-+,++,+-,gray,red,gray
2025-04-22 17:00:00,5297.53,5308.92,5238.8,5290.7,5298.03,5309.42,5239.3,5291.1,129187,5297.78,5309.17,5239.05,5290.9,5274.11,-0.17924246409,0.20421932068,5307.50895036178,5250.7622713245,5211.18946268618,5622.82938568342,5430.57066153923,5359.86296614561,5992.31326500886,5921.76344562193,5822.35091791613,0,0,0,0,0,0,0,0,0,0,0,0,0,0,0,0,0,0,54.27790721977,0,0,0,0,1,0,0,0,green,1,0,1,0,0,0,0,1,0,0,0,1,+-,-+,++,+-,gray,red,gray
2025-04-22 21:00:00,5290.7,5399.97,5290.7,5373.21,5291.1,5400.57,5291.1,5373.81,34281,5290.9,5400.27,5290.9,5373.51,5345.585,-0.10897407939,0.2781541437,5297.88499264164,5242.88948740894,5209.82357014894,5615.94916786675,5430.54724042033,5359.89751125897,5992.26942345711,5920.47937503986,5820.74316848616,0,0,0,0,0,0,0,0,0,0,0,0,0,0,0,0,0,0,319.03970129226,0,0,0,0,1,0,0,0,green,1,0,1,0,0,0,0,0,0,0,1,2,-+,-+,++,+-,gray,red,gray
2025-04-23 01:00:00,5373.21,5378.98,5354.21,5374.47,5373.81,5379.58,5354.81,5375.07,17101,5373.51,5379.28,5354.51,5374.77,5366.895,-0.03770537213,0.31779331732,5285.38999320767,5238.08642648282,5220.73935611915,5608.32982328398,5430.63929059451,5359.47206975136,5992.25255495988,5919.22442064055,5819.255993705,0,0,0,0,0,0,0,0,0,0,0,0,0,0,0,0,0,0,144.84533068241,0,0,0,0,1,0,0,0,green,1,0,1,0,0,0,0,0,0,1,0,3,--,-+,++,+-,gray,red,gray
2025-04-23 05:00:00,5374.47,5410.23,5364.21,5401.33,5375.07,5410.83,5364.81,5401.93,26062,5374.77,5410.53,5364.51,5401.63,5387.52,0.03967789219,0.34356807245,5276.29537834554,5233.87062317247,5231.41348489532,5600.51794324708,5430.37184894734,5357.15450887632,5992.23675242683,5917.92764201119,5817.73959791539,0,0,0,0,0,0,0,0,0,0,0,0,0,0,0,0,0,0,176.57892717366,0,0,0,1,0,1,1,0,green,1,0,1,0,0,0,0,0,1,0,0,4,++,-+,++,+-,gray,red,gray
2025-04-23 09:00:00,5401.33,5432.72,5394.5,5431.47,5401.93,5433.32,5395.31,5432.07,23095,5401.63,5433.02,5394.905,5431.77,5413.9625,0.10144339848,0.33197595363,5269.48650308819,5237.68710777591,5254.24778791626,5593.0519832106,5430.06963351193,5355.04731743878,5992.23258332225,5916.67559204548,5816.28189237431,0,0,0,0,0,0,0,0,0,0,0,0,0,0,0,0,0,0,165.03572201776,0,0,0,1,0,0,0,0,gray,0,0,0,0,0,0,0,0,0,1,0,3,--,-+,++,+-,gray,red,gray
2025-04-23 13:00:00,5431.47,5475.78,5361.53,5404.02,5432.07,5476.3,5362.03,5404.52,288596,5431.77,5476.04,5361.78,5404.27,5418.91,0.15991769625,0.3095304068,5264.48484900448,5242.23996930392,5276.77723033301,5585.74448901722,5429.46627653899,5353.67695516117,5992.14872368479,5915.51904444013,5814.87083756615,1,0,1,0,1,0,0,0,0,0,0,0,0,0,0,0,0,0,39.59167833234,0,1,-1,1,0,0,0,0,gray,0,0,0,1,0,0,0,1,0,0,0,1,+-,-+,++,+-,gray,red,gray
2025-04-23 17:00:00,5404.02,5417.64,5359.75,5389.33,5404.52,5418.14,5360.51,5389.73,155553,5404.27,5417.89,5360.13,5389.53,5389.01,0.17884440041,0.2168553659,5259.85986061952,5255.15809814093,5298.9257842664,5579.11174194961,5429.02679878373,5352.98072118584,5992.07856791905,5914.48384467859,5813.65697758305,0,0,0,0,0,0,0,0,0,0,0,0,0,0,0,0,0,0,37.13203859778,0,0,0,1,0,0,0,0,gray,0,0,0,1,0,0,0,0,0,1,0,3,--,-+,++,+-,gray,red,gray
2025-04-23 21:00:00,5389.33,5397.05,5365.05,5387.43,5389.73,5397.65,5365.65,5388.03,17117,5389.53,5397.35,5365.35,5387.73,5381.35,0.18689916105,0.12842789189,5260.20929441802,5269.12521087332,5321.93312741312,5575.3402336131,5428.78367516948,5351.78099409214,5992.02392980786,5913.51324877868,5812.3751930165,0,0,0,0,0,0,0,0,0,0,0,0,0,0,0,0,0,0,186.94864754338,0,0,0,1,0,0,0,0,gray,0,0,0,1,0,0,0,0,0,0,1,2,-+,-+,++,-+,gray,red,gray
2025-04-24 01:00:00,5387.43,5390.06,5359.32,5370.82,5388.03,5390.66,5359.92,5371.42,14804,5387.73,5390.36,5359.62,5371.12,5374.99,0.18368883484,0.05164238209,5261.27857946279,5283.92455951415,5341.3285019305,5574.16298379722,5428.39388107549,5350.02096485413,5992.01454272614,5912.59817045774,5811.06402848167,0,0,0,0,0,0,0,0,0,0,0,0,0,0,0,0,0,0,207.64658200486,0,0,0,1,0,0,0,0,gray,0,0,0,0,0,0,0,0,0,0,1,2,-+,-+,++,-+,gray,red,gray
2025-04-24 05:00:00,5370.82,5375.56,5331.57,5340.94,5371.42,5376.16,5332.17,5341.54,37708,5371.12,5375.86,5331.87,5341.24,5353.865,0.1635105961,-0.02653231463,5267.76368873488,5300.17930207488,5350.8648015444,5572.67991656354,5428.42944687412,5348.70623059372,5991.99923889928,5911.68965899655,5809.59129217277,0,1,0,1,0,1,0,0,0,0,0,0,0,0,0,0,0,0,116.65959478095,0,0,0,1,0,0,0,0,red,-1,1,0,0,0,0,0,1,0,0,0,1,+-,-+,++,-+,gray,red,gray
2025-04-24 09:00:00,5340.94,5386.07,5340.8,5381.05,5341.54,5386.67,5341.4,5381.65,37850,5341.24,5386.37,5341.1,5381.35,5363.735,0.14332342781,-0.06699280788,5275.38917421682,5315.02063931552,5356.96184123552,5570.64899053474,5428.03254784004,5346.59759145861,5991.91302075896,5910.63534715536,5808.33947764379,0,0,0,0,0,0,0,0,0,0,0,0,0,0,0,0,0,0,119.6036988111,0,0,0,1,0,0,0,0,red,-1,1,0,0,0,0,0,0,1,0,0,4,++,-+,++,-+,gray,red,gray
2025-04-24 13:00:00,5381.05,5480.85,5374.86,5476.37,5381.65,5481.35,5375.36,5476.87,110655,5381.35,5481.1,5375.11,5476.62,5428.105,0.15582486291,-0.02596377711,5284.01462235398,5324.26930940108,5360.56747298842,5568.30226030401,5426.94213787931,5343.72361818042,5991.71131513361,5909.61348944225,5807.10738057682,0,0,0,0,0,0,0,0,0,0,0,0,0,0,0,0,0,0,95.78419411685,0,0,0,1,0,0,0,0,gray,0,0,0,0,0,0,1,1,0,0,0,1,+-,-+,++,-+,gray,red,gray
2025-04-24 17:00:00,5476.37,5517.56,5462.1,5495.91,5476.87,5518.16,5462.6,5496.31,65227,5476.62,5517.86,5462.35,5496.11,5490.105,0.19249823383,0.05931530743,5294.01061294214,5331.40439572595,5359.22697839073,5564.6595944579,5425.62128082696,5340.67880588099,5991.376019868,5908.54935429443,5804.93821473948,0,0,0,0,0,0,0,0,0,0,0,0,0,0,0,0,0,0,85.10279485489,0,0,0,1,0,0,0,0,green,1,0,1,0,0,0,0,0,0,1,0,3,--,-+,++,-+,gray,red,gray
2025-04-24 21:00:00,5495.91,5518.75,5493.76,5516.62,5496.31,5519.35,5494.36,5517.22,12961,5496.11,5519.05,5494.06,5516.92,5506.555,0.2376023178,0.14163890019,5303.61825810044,5336.8525962602,5360.12858271259,5560.94510463253,5424.32680299374,5337.40163511979,5991.03198533254,5907.5013098554,5802.88965074823,0,0,0,0,0,0,0,0,0,0,0,0,0,0,0,0,0,0,192.80919682123,0,0,0,1,0,0,0,0,green,1,0,1,0,0,0,0,0,0,0,1,2,-+,-+,++,+-,gray,red,green
2025-04-25 01:00:00,5516.62,5529.01,5496.49,5509.24,5517.22,5529.61,5497.09,5509.84,17170,5516.92,5529.31,5496.79,5509.54,5513.05,0.29412247095,0.21455128817,5310.18685363117,5338.97914672768,5373.72386617007,5557.32900795126,5423.17608839386,5332.8426899692,5990.72069359426,5906.46632569293,5800.81916706248,1,0,1,0,0,0,0,0,0,0,0,0,0,0,0,0,0,0,189.40011648224,0,1,-1,1,0,0,0,0,green,1,0,1,0,0,0,0,1,0,0,0,1,+-,-+,++,+-,gray,red,green
2025-04-25 05:00:00,5509.24,5525.37,5498.99,5508.49,5509.84,5525.97,5499.59,5509.09,29487,5509.54,5525.67,5499.29,5508.79,5512.48,0.34541689168,0.24063790843,5315.66094181339,5342.07362838672,5397.00009293606,5553.79121010912,5421.76256860488,5327.03702261717,5990.4304530277,5905.36767193459,5798.64636034677,0,0,0,0,0,0,0,0,0,0,0,0,0,0,0,0,0,0,89.46315325398,0,0,0,1,0,0,0,0,green,1,0,1,0,0,0,0,1,0,0,0,1,+-,-+,++,+-,gray,red,green
2025-04-25 09:00:00,5508.49,5512.62,5462.75,5472.24,5509.09,5513.22,5463.35,5472.84,45347,5508.79,5512.92,5463.05,5472.54,5487.985,0.35755828963,0.17298444887,5320.22471552005,5352.82754983838,5418.91107434884,5550.81692684946,5419.19734008479,5322.33475724608,5990.12706986317,5904.20560038122,5796.29201062214,0,0,0,0,0,0,0,0,0,0,0,0,0,0,0,0,0,0,109.97419895473,0,0,0,1,0,0,0,0,gray,0,0,0,0,0,0,0,0,1,0,0,4,++,-+,++,+-,gray,red,green
2025-04-25 13:00:00,5472.24,5511.81,5456.29,5510.81,5472.84,5512.31,5456.79,5511.31,145854,5472.54,5512.06,5456.54,5511.06,5484.3,0.34308488117,0.06602869821,5322.81242971082,5369.98723110858,5437.73885947907,5547.80749508711,5416.76666117416,5318.3772643859,5989.88811874947,5903.03081239675,5793.69137165949,0,1,0,1,0,1,0,0,0,0,0,0,0,0,0,0,0,0,38.065462723,0,0,0,1,0,0,0,0,gray,0,0,0,0,0,0,0,1,0,0,0,1,+-,-+,++,+-,gray,red,green
2025-04-25 17:00:00,5510.81,5538.37,5487.3,5528.1,5511.31,5538.97,5487.8,5528.5,86140,5511.06,5538.67,5487.55,5528.3,5513.11,0.33336071932,-0.00323316014,5325.96031973306,5387.05820222001,5452.68708758326,5544.87757941197,5414.79735824372,5315.02690366866,5989.80243408435,5901.9656801547,5790.84226491185,1,0,1,0,0,0,0,0,0,0,0,0,0,0,0,0,0,0,59.34525191549,0,0,0,1,0,0,0,0,red,-1,1,0,0,0,0,0,0,0,0,1,2,-+,-+,++,+-,gray,red,green
2025-04-27 21:00:00,5528.1,5528.1,5497.1,5499.22,5528.5,5528.5,5497.7,5499.82,10899,5528.3,5528.3,5497.4,5499.52,5512.85,0.32217113883,-0.04352814806,5333.81760283052,5402.80717694251,5459.74667006661,5542.68620211521,5413.25567900292,5311.77199473723,5989.72376715044,5901.05029096949,5787.90908946108,0,0,0,0,0,0,0,0,0,0,0,0,0,0,0,0,0,0,283.51224883017,0,0,0,1,0,0,0,0,red,-1,1,0,0,0,0,0,0,0,0,1,2,-+,--,++,-+,gray,red,green
2025-04-28 01:00:00,5499.22,5506.24,5494.1,5498.49,5499.82,5506.84,5494.7,5499.09,8091,5499.52,5506.54,5494.4,5498.79,5500.47,0.30577307758,-0.06384268453,5345.83971030509,5416.51627982469,5464.65733605329,5541.16778973189,5411.41812120287,5310.37877430378,5989.64764309964,5900.21584766061,5784.98607495093,0,0,0,0,0,0,0,0,0,0,0,0,0,0,0,0,0,0,150.04325794093,0,0,0,1,0,0,0,0,red,-1,1,0,0,0,0,0,0,0,1,0,3,--,--,++,-+,gray,red,green
2025-04-28 05:00:00,5498.49,5521.47,5494.22,5517.72,5499.09,5522.07,5494.82,5518.32,15265,5498.79,5521.77,5494.52,5518.02,5508.145,0.3009670949,-0.04822232726,5358.20242489701,5425.44986984661,5474.34786884263,5539.67062355513,5409.24579172645,5309.31204564779,5989.62079258744,5899.4362517479,5781.3785848471,0,0,0,0,0,0,0,0,0,0,0,0,0,0,0,0,0,0,178.51293809368,0,0,0,1,0,0,0,0,gray,0,0,0,0,0,0,0,0,1,0,0,4,++,--,++,-+,gray,red,green
2025-04-28 09:00:00,5517.72,5531.97,5507.72,5529.74,5518.32,5532.57,5508.32,5530.34,18696,5518.02,5532.27,5508.02,5530.04,5520.145,0.30272390854,-0.02464637862,5370.11377682801,5432.80613611578,5482.0482950741,5538.43030756013,5407.35623187688,5310.37889724639,5989.530412501,5898.71013049576,5777.34234467455,0,0,0,0,0,0,0,0,0,0,0,0,0,0,0,0,0,0,129.70688917415,0,0,0,1,0,0,0,0,gray,0,0,0,0,0,0,1,1,0,0,0,1,+-,--,++,-+,gray,red,green
2025-04-28 13:00:00,5529.74,5556.29,5477.52,5485.03,5530.34,5556.79,5478.02,5485.53,130999,5530.04,5556.54,5477.77,5485.28,5517.155,0.28980724922,-0.03473484536,5381.06502476432,5442.84411910131,5485.73263605928,5537.27502320552,5404.98634584276,5312.04113556267,5989.22667135379,5898.07030160952,5772.67524505876,1,0,1,0,1,0,0,0,0,0,0,0,0,0,0,0,0,0,60.13023000176,0,0,0,1,0,0,0,0,gray,0,0,0,0,0,0,0,1,0,0,0,1,+-,--,++,-+,gray,red,green
2025-04-28 17:00:00,5485.03,5543.29,5470.52,5522.96,5485.53,5543.79,5471.02,5523.36,56893,5485.28,5543.54,5470.77,5523.16,5507.155,0.27176599833,-0.05382830834,5389.28963824398,5451.59485421364,5490.21510884743,5535.91159597849,5402.14809410016,5314.26110216376,5988.89247593906,5897.48793980003,5766.86833363474,0,1,0,1,0,1,0,0,0,0,0,0,0,0,0,0,0,0,127.90677236215,0,0,0,1,0,0,0,0,red,-1,1,0,0,0,0,0,0,0,0,1,2,-+,--,++,-+,gray,red,green
2025-04-28 21:00:00,5522.96,5538.09,5515.82,5536.58,5523.36,5538.69,5516.42,5537.18,8718,5523.16,5538.39,5516.12,5536.88,5527.255,0.26539278796,-0.04974384266,5396.59812760983,5457.70424743694,5496.20108707794,5534.53899377648,5399.20358329834,5317.19349621777,5988.56231022038,5896.91374263351,5760.96876187338,0,0,0,0,0,0,0,0,0,0,0,0,0,0,0,0,0,0,255.44849736179,0,0,0,1,0,0,0,0,gray,0,0,0,0,0,0,0,0,0,0,1,2,-+,--,++,+-,gray,red,green
2025-04-29 01:00:00,5536.58,5551.84,5533.44,5535.58,5537.18,5552.44,5534.04,5536.18,10250,5536.88,5552.14,5533.74,5535.88,5542.94,0.26071060412,-0.04166265434,5405.56057933215,5464.00934150732,5500.39186966235,5532.99231968911,5396.11360905655,5320.18515809372,5988.22638897312,5896.34183815869,5754.79984686038,1,0,0,0,0,0,0,0,0,0,0,0,0,0,0,0,0,0,179.51219512196,0,1,-1,1,0,0,0,0,gray,0,0,0,0,1,0,0,1,0,0,0,1,+-,--,++,+-,gray,red,green
2025-04-29 05:00:00,5535.58,5551.83,5530.57,5544.58,5536.18,5552.43,5531.17,5545.18,17653,5535.88,5552.13,5530.87,5544.88,5541.5,0.24771789173,-0.04643950606,5413.81361169122,5471.02629881891,5501.74449572988,5531.55751834429,5392.22786161916,5322.20941814979,5987.81129245064,5895.7594912138,5749.10542084051,0,0,0,0,0,0,0,0,0,0,0,0,0,0,0,0,0,0,120.43278762817,0,0,0,1,0,0,0,0,gray,0,0,0,0,0,0,0,1,0,0,0,1,+-,--,++,+-,gray,red,green
2025-04-29 09:00:00,5544.58,5545.84,5511.59,5514.83,5545.18,5546.44,5512.19,5515.43,33547,5544.88,5546.14,5511.89,5515.13,5529.015,0.22870966743,-0.06272296284,5420.47948771497,5476.79238646654,5506.84659658391,5530.25524285727,5387.55917322609,5323.94884702774,5987.26697867756,5895.22417150902,5744.20644222356,0,0,0,0,0,0,0,0,0,0,0,0,0,0,0,0,0,0,102.09556741288,0,0,0,1,0,0,0,0,red,-1,1,0,0,0,0,0,1,0,0,0,1,+-,--,++,+-,gray,red,green
2025-04-29 13:00:00,5514.83,5555.38,5499.82,5531.12,5515.43,5555.88,5500.42,5531.62,141838,5515.13,5555.63,5500.12,5531.37,5527.875,0.21535670527,-0.06769073068,5427.22298865997,5480.58771315823,5514.06527726712,5528.87422889258,5383.55191553107,5325.45005740927,5986.80932090919,5894.71853128795,5739.38115443034,0,1,0,1,0,0,0,0,0,0,0,0,0,0,0,0,0,0,39.13619763392,0,0,0,1,0,0,0,0,red,-1,1,0,0,0,0,0,1,0,0,0,1,+-,--,++,+-,gray,red,green
2025-04-29 17:00:00,5531.12,5575.64,5527.87,5560.79,5531.62,5576.14,5528.37,5561.19,71525,5531.37,5575.89,5528.12,5560.99,5552.005,0.20345519035,-0.06652499562,5434.37083568613,5486.42112401345,5519.5522218137,5527.7672150848,5379.99242615777,5326.28579101488,5986.3565773524,5894.19894531676,5735.03694502458,1,0,1,0,1,0,0,0,0,0,0,0,0,0,0,0,0,0,66.78783642083,0,0,0,1,0,0,0,0,gray,0,0,0,0,0,0,0,0,0,0,1,2,-+,--,++,+-,gray,red,green
2025-04-29 21:00:00,5560.79,5561.13,5538.49,5540.75,5561.19,5561.82,5539.09,5541.35,10592,5560.99,5561.475,5538.79,5541.05,5550.1325,0.18542851832,-0.07364947604,5440.73884832566,5493.48598351177,5521.44477745096,5526.40578570182,5376.80101840945,5327.38723833797,5985.89986229311,5893.73779104501,5730.80311207302,0,0,0,0,0,0,0,0,0,0,0,0,0,0,0,0,0,0,214.17107250756,0,0,0,1,0,0,0,0,gray,0,0,0,0,0,0,0,0,0,0,1,2,-+,--,++,++,gray,red,gray
2025-04-30 01:00:00,5540.75,5543.76,5527.24,5537.5,5541.35,5544.36,5527.84,5538.1,11373,5541.05,5544.06,5527.54,5537.8,5535.8,0.16294062333,-0.08691964022,5445.84778306984,5499.4877355728,5522.73082196077,5524.62661957034,5373.66572716564,5330.34952544568,5985.47022074856,5893.26091211349,5726.66690990584,0,0,0,0,0,0,0,0,0,0,0,0,0,0,0,0,0,0,145.25630880155,0,0,0,1,0,0,0,0,red,-1,1,0,0,0,0,0,1,0,0,0,1,+-,--,++,++,gray,red,gray
2025-04-30 05:00:00,5537.5,5560.76,5533.25,5549.51,5538.1,5561.36,5533.85,5550.11,16573,5537.8,5561.06,5533.55,5549.81,5547.305,0.153310647,-0.07384763366,5452.10987667985,5503.1786436262,5528.58565756861,5522.7127811482,5371.67912303536,5335.04821587375,5984.99551194021,5892.75876227609,5722.79154942038,0,0,0,0,0,0,0,0,0,0,0,0,0,0,0,0,0,0,165.99287998552,0,0,0,1,0,0,0,0,gray,0,0,0,0,0,0,0,0,1,0,0,4,++,--,++,++,gray,red,gray
2025-04-30 09:00:00,5549.51,5559.49,5480.74,5490.24,5550.11,5560.09,5481.34,5490.84,38099,5549.81,5559.79,5481.04,5490.54,5520.415,0.1352673004,-0.07870593399,5459.09680924294,5506.26568817292,5532.89502605489,5520.82190720272,5369.90513898017,5340.09253305393,5984.46102782366,5892.25984054958,5719.03469838274,0,0,0,0,0,0,0,0,0,0,0,0,0,0,0,0,0,0,206.69833853907,0,0,0,1,0,0,0,0,gray,0,0,0,0,0,0,0,0,1,0,0,4,++,--,++,++,gray,red,gray
2025-04-30 13:00:00,5490.24,5522.3,5433.8,5515.31,5490.84,5523.08,5434.3,5515.81,183920,5490.54,5522.69,5434.05,5515.56,5478.37,0.09678499641,-0.11983791931,5465.43551622425,5511.98310215131,5533.47602084391,5519.02657678471,5369.46295463508,5345.17951737587,5984.04298796206,5891.66325325109,5714.11424908842,0,1,0,1,0,1,0,1,0,1,0,1,0,0,0,0,0,0,48.19486733362,1,0,1,1,0,0,0,0,red,-1,1,0,0,0,0,0,1,0,0,0,1,+-,--,++,++,gray,red,gray
2025-04-30 17:00:00,5515.31,5604.51,5490.55,5598.22,5515.81,5605.11,5491.05,5598.62,153050,5515.56,5604.81,5490.8,5598.42,5547.805,0.08483415633,-0.10024600249,5470.32624574546,5516.75177688239,5536.24181667513,5517.07608153994,5369.4162645508,5350.100119806,5983.65938587197,5890.89326074786,5708.72336888642,0,0,0,0,0,0,0,0,0,0,0,0,0,0,0,0,0,0,74.49199607971,0,0,0,1,0,0,0,0,gray,0,0,0,0,0,0,0,0,0,0,1,2,-+,--,++,++,gray,red,gray
2025-04-30 21:00:00,5598.22,5622.79,5594.04,5619.53,5598.62,5623.39,5594.89,5620.13,18140,5598.42,5623.09,5594.465,5619.83,5608.7775,0.10153846481,-0.03072294034,5474.75307299581,5519.13280477209,5533.0764533401,5514.41988961252,5369.74542337715,5354.15555745876,5983.27315407921,5890.06457722534,5703.19801563026,0,0,0,0,0,0,0,0,0,0,0,0,0,0,0,0,0,0,157.80044101433,0,0,0,1,0,0,0,0,gray,0,0,0,0,0,0,1,0,0,0,1,2,-+,--,-+,--,gray,red,gray
2025-05-01 01:00:00,5619.53,5627.79,5613.77,5623.02,5620.13,5628.39,5614.37,5623.62,9671,5619.83,5628.09,5614.07,5623.32,5621.08,0.1194311328,0.02844731862,5480.69552891921,5522.65432917558,5522.13516267208,5511.84786838092,5370.54937022484,5357.98333518056,5982.81864969173,5889.31108118575,5697.87058149394,0,0,0,0,0,0,0,0,0,0,0,0,0,0,0,0,0,0,144.96949643264,0,0,0,1,0,0,0,0,green,1,0,1,0,0,0,0,0,0,1,0,3,--,--,-+,--,gray,red,gray
2025-05-01 05:00:00,5623.02,5631.91,5613.9,5630.54,5623.62,5632.51,5614.5,5631.14,14349,5623.32,5632.21,5614.2,5630.84,5623.205,0.14948041542,0.09370546052,5486.03683438696,5522.37441302864,5527.26913013767,5509.56255525305,5371.42865440257,5362.54588414584,5982.27381242464,5888.55440272572,5692.62623717801,0,0,0,0,0,0,0,0,0,0,0,0,0,0,0,0,0,0,125.51397309917,0,0,0,1,0,0,0,0,green,1,0,1,0,0,0,0,1,0,0,0,1,+-,--,-+,--,gray,red,gray
2025-05-01 09:00:00,5630.54,5641.04,5615.52,5618.52,5631.14,5641.64,5616.12,5619.12,25065,5630.84,5641.34,5615.82,5618.82,5628.58,0.19697458236,0.15956227156,5489.86477020335,5516.87386140006,5543.57080411013,5507.54505463223,5371.74831523162,5366.96659343567,5981.70788719275,5887.79775292862,5687.78459664205,0,0,0,0,0,0,0,0,0,0,0,0,0,0,0,0,0,0,101.8152802713,0,1,-1,1,0,0,0,0,green,1,0,1,0,0,0,0,1,0,0,0,1,+-,--,-+,--,gray,red,gray
2025-05-01 13:00:00,5618.52,5661.34,5606.54,5616.34,5619.12,5661.86,5607.84,5616.84,140504,5618.82,5661.6,5607.19,5616.59,5634.395,0.21737083584,0.14490417352,5494.28324941848,5520.74025372505,5559.07264328811,5505.35005401838,5371.92289131831,5370.89316421697,5981.06602277049,5887.01269819502,5684.69892235982,1,0,1,0,0,0,0,0,0,0,0,0,0,0,0,0,0,0,38.72487616011,0,1,-1,1,0,0,0,0,gray,0,0,0,0,0,0,0,1,0,0,0,1,+-,--,-+,--,gray,red,gray
2025-05-01 17:00:00,5616.34,5647.34,5580.77,5590.5,5616.84,5647.84,5581.37,5590.9,88354,5616.59,5647.59,5581.07,5590.7,5614.33,0.20512562423,0.06583967623,5496.2933840786,5531.74490950942,5571.89911463049,5502.95218824289,5371.97865693071,5374.92998291647,5980.47844711327,5886.24227888946,5683.21188123232,0,0,0,0,0,0,0,0,0,0,0,0,0,0,0,0,0,0,75.2880458157,0,0,0,1,0,0,0,0,gray,0,0,0,0,0,0,0,0,0,0,1,2,-+,--,-+,--,gray,red,gray
2025-05-01 21:00:00,5590.5,5642.34,5580.32,5637.58,5590.9,5642.94,5580.92,5638.18,18676,5590.7,5642.64,5580.62,5637.88,5611.63,0.18556413211,-0.01280614023,5494.9146622264,5542.91179582074,5583.23529170439,5500.73160185814,5371.64931771378,5379.20101283069,5979.8892735135,5885.40971546075,5681.53797927932,0,1,0,1,0,1,0,0,0,0,0,0,0,0,0,0,0,0,332.08395802099,0,0,0,1,0,0,0,0,red,-1,1,0,0,0,0,0,0,0,0,1,2,-+,--,-+,-+,gray,red,gray
2025-05-02 01:00:00,5637.58,5653.09,5633.57,5647.33,5638.18,5653.69,5634.17,5647.93,17884,5637.88,5653.39,5633.87,5647.63,5643.63,0.17699874683,-0.04655229562,5498.98314974744,5552.94844634315,5593.46723336351,5498.21790408446,5371.50542102808,5383.25848304156,5979.29435501612,5884.60323599525,5679.52679539543,0,0,0,0,0,0,0,0,0,0,0,0,0,0,0,0,0,0,109.14784164617,0,0,0,1,0,0,0,0,red,-1,1,0,0,0,0,0,0,0,1,0,3,--,--,-+,-+,gray,red,gray
2025-05-02 05:00:00,5647.33,5648.59,5614.82,5614.96,5647.93,5649.19,5615.42,5615.56,25323,5647.63,5648.89,5615.12,5615.26,5632.005,0.16602754555,-0.05802195012,5507.42886899764,5562.40239055025,5597.63978669081,5495.41638269025,5372.53450428211,5386.90249824622,5978.69143895506,5883.74999249312,5677.32028987185,0,0,0,0,0,0,0,0,0,0,0,0,0,0,0,0,0,0,133.35702720847,0,0,0,1,0,0,0,0,red,-1,1,0,0,0,0,0,0,1,0,0,4,++,--,-+,-+,gray,red,gray
2025-05-02 09:00:00,5614.96,5671.84,5612.69,5669.58,5615.56,5672.44,5613.29,5670.18,32502,5615.26,5672.14,5612.99,5669.88,5642.565,0.16014108694,-0.04468690389,5516.17126369013,5571.40146673147,5600.43782935265,5492.54878288474,5374.6721496588,5391.03051300368,5978.00371630532,5882.88364059401,5674.31185035885,0,1,0,0,0,0,0,0,0,0,0,0,0,0,0,0,0,0,181.98880068919,0,0,0,1,0,0,0,0,gray,0,0,0,0,0,0,0,0,1,0,0,4,++,--,-+,-+,gray,red,gray
2025-05-02 13:00:00,5669.58,5700.88,5642.37,5694.89,5670.18,5701.38,5642.87,5695.39,123888,5669.88,5701.13,5642.62,5695.14,5671.875,0.1738686651,0.00323483574,5524.40462802166,5576.76753339004,5609.07626348212,5489.59042577368,5377.07001966501,5395.49843909181,5977.3949133443,5881.83589964726,5671.25461528692,0,0,0,0,0,0,0,0,0,0,0,0,0,0,0,0,0,0,47.2281415472,0,0,0,1,0,0,0,0,gray,0,0,0,0,0,0,1,1,0,0,0,1,+-,--,-+,-+,gray,red,gray
2025-05-02 17:00:00,5694.89,5703.89,5679.62,5687.18,5695.39,5704.39,5680.12,5687.58,57815,5695.14,5704.14,5679.87,5687.38,5692.005,0.19619831869,0.0516934951,5532.41811817384,5581.12534171628,5613.66201078569,5486.13881986611,5379.54238294382,5399.79260264793,5976.7535740516,5880.52894299641,5668.2536283752,1,0,1,0,1,0,1,0,1,0,1,0,0,0,0,0,0,0,41.97872524431,0,1,-1,1,0,0,0,0,green,1,0,1,0,0,0,0,0,0,1,0,3,--,--,-+,-+,gray,red,gray
2025-05-04 21:00:00,5687.18,5687.18,5651.46,5661.22,5687.58,5687.58,5652.06,5661.82,14147,5687.38,5687.38,5651.76,5661.52,5669.57,0.19737082369,0.0447329464,5540.26249369893,5588.93842400175,5619.44260862856,5482.19849604739,5381.95943052666,5403.59326139358,5976.13183380213,5879.10540676037,5665.29676290037,0,0,0,0,0,0,0,0,0,0,0,0,0,0,0,0,0,0,251.78483070616,0,0,0,1,0,0,0,0,gray,0,0,0,0,0,0,0,0,0,0,1,2,-+,--,-+,--,gray,red,gray
2025-05-05 01:00:00,5661.22,5661.48,5640.72,5644.47,5661.82,5662.08,5641.32,5645.07,13524,5661.52,5661.78,5641.02,5644.77,5651.4,0.19545558641,0.02602176735,5545.95999418362,5594.32174600153,5629.92908690284,5478.65873766483,5383.88716815345,5407.24860664671,5975.46182893793,5877.6610917099,5662.68414649134,0,0,0,0,0,0,0,0,0,0,0,0,0,0,0,0,0,0,153.50488021295,0,0,0,1,0,0,0,0,gray,0,0,0,0,0,0,0,0,0,1,0,3,--,--,-+,--,gray,red,gray
2025-05-05 05:00:00,5644.47,5660.73,5635.46,5639.73,5645.07,5661.33,5636.06,5640.33,18122,5644.77,5661.03,5635.76,5640.03,5648.395,0.18789577814,-0.00542578878,5551.01153309258,5600.35215275134,5642.34426952228,5475.39043724163,5385.71285600521,5411.50614762769,5974.7427259434,5876.21707414891,5660.0472947796,0,1,0,1,0,0,0,0,0,0,0,0,0,0,0,0,0,0,139.44377000331,0,0,0,1,0,0,0,0,red,-1,1,0,0,0,0,0,1,0,0,0,1,+-,--,-+,--,gray,red,gray
2025-05-05 09:00:00,5639.73,5648.84,5635.71,5645.22,5640.33,5649.44,5636.31,5645.82,18811,5640.03,5649.14,5636.01,5645.52,5642.575,0.16792850769,-0.05046984265,5558.13603054699,5609.29250865742,5647.78941561782,5472.34633120521,5388.0291677142,5415.5833932857,5973.93633940244,5874.70601374484,5657.45700106585,0,0,0,0,0,0,0,0,0,0,0,0,0,0,0,0,0,0,69.799585349,0,0,0,1,0,0,0,0,red,-1,1,0,0,0,0,0,1,0,0,0,1,+-,--,-+,--,gray,red,gray
2025-05-05 13:00:00,5645.22,5679.03,5635.76,5675.76,5645.82,5679.53,5636.26,5676.26,82519,5645.52,5679.28,5636.01,5676.01,5657.645,0.14493988953,-0.08102076469,5563.81825896646,5619.63157007524,5648.51153249426,5469.33524883212,5390.29863739213,5419.11917583612,5972.95634911224,5873.23473256997,5655.320806614,0,0,0,0,0,0,0,0,0,0,0,0,0,0,0,0,0,0,52.43640858469,0,0,0,1,0,0,0,0,red,-1,1,0,0,0,0,0,1,0,0,0,1,+-,--,-+,--,gray,red,gray
2025-05-05 17:00:00,5675.76,5686.52,5645.71,5651.68,5676.26,5687.05,5646.31,5652.08,29622,5676.01,5686.785,5646.01,5651.88,5666.3975,0.13355012304,-0.07772417954,5569.87570058442,5625.87387381584,5648.4882259954,5467.0326336767,5392.3017530759,5422.88934713506,5971.9388256398,5872.02645045593,5653.60015865141,1,0,1,0,0,0,0,0,0,0,0,0,0,0,0,0,0,0,137.65107015056,0,0,0,1,0,0,0,0,gray,0,0,0,0,0,0,0,0,0,0,1,2,-+,--,-+,--,gray,red,gray
2025-05-05 21:00:00,5651.68,5654.38,5642.51,5646.51,5652.08,5655.1,5643.11,5647.11,6633,5651.88,5654.74,5642.81,5646.81,5648.775,0.12392321435,-0.06649973053,5577.72180053947,5629.06463958886,5647.30558079632,5464.86496363539,5394.40799392907,5425.75774868991,5970.93523459036,5870.82977041106,5651.89404643855,0,0,0,0,0,0,0,0,0,0,0,0,0,0,0,0,0,0,179.85828433589,0,0,0,1,0,0,0,0,gray,0,0,0,0,1,0,0,0,0,0,1,2,-+,--,-+,++,gray,red,gray
2025-05-06 01:00:00,5646.51,5648.78,5633.26,5640.51,5647.11,5649.38,5633.86,5641.11,8125,5646.81,5649.08,5633.56,5640.81,5641.32,0.11363995313,-0.05554311485,5586.51281588258,5631.48093464025,5649.37346463706,5463.52473932488,5396.69412131218,5427.30516784609,5970.01919948534,5869.62807611745,5650.34813292162,0,0,0,0,0,0,0,0,0,0,0,0,0,0,0,0,0,0,191.01538461538,0,0,0,1,0,0,0,0,gray,0,0,0,0,1,0,0,0,1,0,0,4,++,--,-+,++,gray,red,gray
2025-05-06 05:00:00,5640.51,5641.76,5606.76,5615.53,5641.11,5642.36,5607.36,5616.13,18519,5640.81,5642.06,5607.06,5615.83,5624.56,0.0996741928,-0.05629843051,5592.90183004546,5632.86769281022,5652.77827170965,5462.43901191674,5398.8843191065,5430.8492805565,5969.11653582623,5868.49915733583,5648.85689588744,0,0,0,0,0,0,0,0,0,0,0,0,0,0,0,0,0,0,188.99508612776,0,0,0,1,0,0,0,0,gray,0,0,0,0,0,0,0,1,0,0,0,1,+-,--,-+,++,gray,red,gray
2025-05-06 09:00:00,5615.53,5623.9,5597.76,5608.28,5616.13,5624.83,5598.36,5608.88,24035,5615.83,5624.365,5598.06,5608.58,5611.2125,0.07417342407,-0.08351658906,5597.40168927273,5635.96485620894,5651.97761736772,5461.59722526599,5400.85287694093,5436.0824634813,5968.10749992218,5867.35064163911,5647.23934799933,0,0,0,0,0,0,0,0,0,0,0,0,0,0,0,0,0,0,109.44456001664,0,0,0,1,0,0,0,0,red,-1,1,0,0,0,0,0,1,0,0,0,1,+-,--,-+,++,gray,red,gray
2025-05-06 13:00:00,5608.28,5652.83,5588.31,5610.94,5608.88,5653.33,5588.81,5611.44,103390,5608.58,5653.08,5588.56,5611.19,5620.82,0.04966319791,-0.10206465233,5601.32425163637,5639.76893668282,5649.84609389417,5461.06200363378,5403.15109736019,5441.52356749656,5967.09119355634,5866.2368191428,5645.61789419378,0,0,0,0,0,0,0,0,0,0,0,0,0,0,0,0,0,0,62.40448786149,0,0,0,1,0,0,0,0,red,-1,1,0,0,0,0,0,1,0,0,0,1,+-,--,-+,++,gray,red,gray
2025-05-06 17:00:00,5610.94,5632.82,5586.03,5596.48,5611.44,5633.32,5586.63,5596.88,65096,5611.19,5633.07,5586.33,5596.68,5609.7,0.02946722155,-0.10519430426,5604.49738612588,5640.89469459747,5644.78887511534,5460.58838561543,5405.69271377182,5446.86713904078,5966.07223150447,5865.15035210786,5643.89058242854,0,1,0,1,0,1,0,0,0,0,0,0,0,0,0,0,0,0,71.80164679857,0,0,0,1,0,0,0,0,red,-1,1,0,0,0,0,0,0,0,0,1,2,-+,--,-+,++,gray,red,gray
2025-05-06 21:00:00,5596.48,5671.02,5590.43,5657.53,5596.88,5672.48,5591.27,5658.13,32375,5596.68,5671.75,5590.85,5657.83,5631.3,0.01987335828,-0.08322435028,5608.5856641162,5640.94785777279,5638.07360009227,5459.78413409166,5408.16193715779,5452.21163495134,5965.07022293284,5864.1843634722,5642.23366866168,1,0,1,0,1,0,0,0,0,0,0,0,0,0,0,0,0,0,249.88416988417,0,0,0,1,0,0,0,0,gray,0,0,0,0,0,0,0,0,0,0,1,2,-+,--,-+,+-,gray,red,gray
2025-05-07 01:00:00,5657.53,5662.42,5634.4,5642.79,5658.13,5663.02,5635.0,5643.39,16247,5657.83,5662.72,5634.7,5643.09,5648.71,0.02257804095,-0.03975216718,5613.03272841495,5638.89937555119,5634.62288007382,5458.90285168613,5410.3592655731,5457.56996921748,5964.07983772612,5863.17533186932,5640.66020568486,0,0,0,0,0,0,0,0,0,0,0,0,0,0,0,0,0,0,172.46260848157,0,0,0,1,0,0,0,0,gray,0,0,0,0,0,0,1,0,0,1,0,3,--,--,-+,+-,gray,red,gray
2025-05-07 05:00:00,5642.79,5644.67,5628.16,5641.65,5643.39,5645.27,5628.76,5642.25,18440,5643.09,5644.97,5628.46,5641.95,5636.715,0.02650078756,-0.00747342725,5615.78213392149,5635.43851610729,5629.63830405905,5457.96001065595,5412.49591528996,5462.18055835814,5963.21091242711,5862.14697207588,5639.03996120094,0,0,0,0,0,0,0,0,0,0,0,0,0,0,0,0,0,0,89.53362255965,0,0,0,1,0,0,0,0,green,1,0,1,0,0,0,0,1,0,0,0,1,+-,--,-+,+-,gray,red,gray
2025-05-07 09:00:00,5641.65,5649.41,5624.15,5627.15,5642.25,5650.01,5624.75,5627.75,19978,5641.95,5649.71,5624.45,5627.45,5637.08,0.02804936646,0.00660963486,5617.7465851583,5633.61120159388,5629.97064324724,5456.79040379465,5415.03244410286,5466.57613017114,5962.23341663818,5861.01754301118,5637.59072535927,0,0,0,0,0,0,0,0,0,0,0,0,0,0,0,0,0,0,126.43908299129,0,0,0,1,0,0,0,0,green,1,0,1,0,0,0,0,0,1,0,0,4,++,--,-+,+-,gray,red,gray
2025-05-07 13:00:00,5627.15,5638.45,5601.95,5631.32,5627.75,5638.98,5602.45,5631.82,128733,5627.45,5638.715,5602.2,5631.57,5620.4575,0.02822103256,0.0076192188,5618.27069399228,5630.62230139464,5633.7185145978,5455.74483745988,5417.48880875554,5471.78359693081,5961.29598051977,5860.0231758738,5635.98662309983,0,0,0,0,0,0,0,0,0,0,0,0,0,0,0,0,0,0,28.36491031826,0,0,0,1,0,0,0,0,green,1,0,1,0,0,0,0,1,0,0,0,1,+-,--,-+,+-,gray,red,gray
2025-05-07 17:00:00,5631.32,5656.97,5578.45,5628.04,5631.82,5657.47,5578.95,5628.64,206771,5631.57,5657.22,5578.7,5628.34,5617.96,0.0177198781,-0.01653587462,5617.72775599287,5630.70701372031,5634.31781167824,5455.43427748842,5419.63992132362,5476.49599113873,5960.35292752104,5859.03988971125,5634.12602155052,0,1,0,1,0,1,0,1,0,1,0,1,0,0,0,0,0,0,37.97437745138,0,0,0,1,0,0,0,0,gray,0,0,0,0,0,0,0,0,1,0,0,4,++,--,-+,+-,gray,red,gray
2025-05-07 21:00:00,5628.04,5651.71,5619.31,5646.96,5628.64,5652.31,5619.91,5647.56,11729,5628.34,5652.01,5619.61,5647.26,5635.81,0.00701504478,-0.03474667654,5617.9656209165,5632.95738700528,5634.87024934259,5455.82383616832,5421.96110457228,5481.3803737523,5959.37524071064,5857.47640306013,5632.18275056753,0,0,0,0,0,0,0,0,0,0,0,0,0,0,0,0,0,0,276.23838349391,0,0,0,1,0,0,0,0,red,-1,1,0,0,0,0,0,0,0,0,1,2,-+,--,-+,-+,gray,red,gray
2025-05-08 01:00:00,5646.96,5682.95,5643.69,5680.45,5647.56,5683.55,5644.29,5681.05,19378,5647.26,5683.25,5643.99,5680.75,5663.62,0.00942960809,-0.0207656656,5617.32980392292,5633.42708862962,5631.98769947407,5456.39384924508,5423.75117539824,5486.98315687723,5958.33955041698,5855.98485197403,5630.2538772997,0,0,0,0,0,0,0,0,0,0,0,0,0,0,0,0,0,0,202.6008876045,0,0,0,1,0,0,0,0,gray,0,0,0,0,0,0,1,1,0,0,0,1,+-,--,-+,-+,gray,red,gray
2025-05-08 05:00:00,5680.45,5689.21,5665.44,5688.71,5681.05,5689.81,5666.04,5689.31,15916,5680.75,5689.51,5665.74,5689.01,5677.625,0.01407364391,-0.00292197982,5618.40443439039,5633.88370255091,5629.18215957926,5457.03043520862,5424.74424493645,5493.01321108672,5957.35591765726,5854.47736333895,5628.38431912401,0,0,0,0,0,0,0,0,0,0,0,0,0,0,0,0,0,0,149.34656948982,0,0,0,1,0,0,0,0,green,1,0,1,0,0,0,0,0,0,1,0,3,--,--,-+,-+,gray,red,gray
2025-05-08 09:00:00,5688.71,5699.96,5663.94,5675.96,5689.31,5700.56,5664.54,5676.56,24353,5689.01,5700.26,5664.24,5676.26,5682.25,0.03143123728,0.03717209667,5620.73563174497,5632.20542723205,5630.5077276634,5457.6534640265,5426.98171321034,5498.20605781946,5956.30606774304,5852.90422014866,5626.41937593565,0,0,0,0,0,0,0,0,0,0,0,0,0,0,0,0,0,0,147.90785529504,0,1,-1,1,0,0,0,0,green,1,0,1,0,0,0,0,1,0,0,0,1,+-,--,-+,-+,gray,red,gray
2025-05-08 13:00:00,5675.96,5723.5,5635.74,5721.51,5676.56,5724.0,5636.24,5722.01,146501,5676.26,5723.75,5635.99,5721.76,5679.87,0.05268573015,0.07137943479,5621.96481391843,5630.42474882804,5637.13018213072,5457.99426780149,5430.28709115197,5502.71176200124,5955.17729833258,5851.21630504072,5624.01837332499,1,1,1,1,1,0,0,0,0,0,0,0,0,0,0,0,0,0,59.90402795885,0,0,0,1,0,0,0,0,green,1,0,1,0,0,0,0,1,0,0,0,1,+-,--,-+,-+,gray,red,gray
2025-05-08 17:00:00,5721.51,5722.51,5665.24,5667.42,5722.01,5723.01,5665.74,5667.82,63856,5721.76,5722.76,5665.49,5667.62,5694.125,0.07233663929,0.08717809021,5623.12752054009,5631.09790522454,5645.22914570458,5458.28983782619,5433.75605313102,5506.99656311885,5954.09906942454,5849.37331660707,5621.66762073245,0,0,0,0,0,0,0,0,0,0,0,0,0,0,0,0,0,0,89.68616887998,0,0,0,1,0,0,0,0,green,1,0,1,0,0,0,0,0,0,0,1,2,-+,--,-+,-+,gray,red,gray
2025-05-08 21:00:00,5667.42,5672.19,5647.22,5657.21,5667.82,5673.03,5647.91,5657.81,9626,5667.62,5672.61,5647.565,5657.51,5660.0875,0.06863704039,0.04990110113,5622.9221343447,5635.16316707147,5652.63331656366,5458.90579470455,5437.20057943773,5510.98416420359,5953.05801088496,5847.37351696498,5619.49253308848,0,0,0,0,0,0,0,0,0,0,0,0,0,0,0,0,0,0,260.18076044047,0,0,0,1,0,0,0,0,gray,0,0,0,0,0,0,0,0,0,0,1,2,-+,--,-+,--,gray,red,gray
2025-05-09 01:00:00,5657.21,5677.7,5655.7,5673.2,5657.81,5678.3,5656.3,5673.8,10785,5657.51,5678.0,5656.0,5673.5,5667.0,0.06191436255,0.01082578794,5622.5404317028,5640.47089618754,5658.08065325093,5459.51190937079,5440.68020526614,5515.29771819761,5952.01277743433,5845.31811560462,5617.48220299758,0,0,0,0,0,0,0,0,0,0,0,0,0,0,0,0,0,0,203.98701900788,0,0,0,1,0,0,0,0,red,-1,1,0,0,0,0,0,1,0,0,0,1,+-,--,-+,--,gray,red,gray
2025-05-09 05:00:00,5673.2,5680.32,5664.45,5667.95,5673.8,5681.02,5665.05,5668.55,18446,5673.5,5680.67,5664.75,5668.25,5672.71,0.05564624148,-0.01582545041,5623.56116772566,5645.69328416409,5665.28952260074,5459.97211263628,5444.20229244312,5519.74182942709,5950.99824088941,5843.26522669644,5615.36211825454,0,0,0,0,0,0,0,0,0,0,0,0,0,0,0,0,0,0,86.30597419495,0,0,0,1,0,0,0,0,red,-1,1,0,0,0,0,0,1,0,0,0,1,+-,--,-+,--,gray,red,gray
2025-05-09 09:00:00,5667.95,5694.46,5658.33,5685.45,5668.55,5695.06,5658.93,5686.05,28770,5668.25,5694.76,5658.63,5685.75,5676.695,0.05054637323,-0.02703174469,5626.64261636215,5649.96537364358,5664.2491180806,5460.51338103363,5447.29552348961,5523.53692267923,5950.05955855284,5840.78557980075,5613.11613132222,1,0,0,0,0,0,0,0,0,0,0,0,0,0,0,0,0,0,125.58220368439,0,0,0,1,0,0,0,0,red,-1,1,0,0,0,0,0,0,1,0,0,4,++,--,-+,--,gray,red,gray
2025-05-09 13:00:00,5685.45,5692.57,5644.75,5650.74,5686.05,5693.17,5645.25,5651.24,115904,5685.75,5692.87,5645.0,5650.99,5668.935,0.0366601892,-0.04322450065,5630.56433818045,5655.48532693814,5664.79929446448,5461.18339922426,5450.28342306252,5527.00113083572,5949.20327325164,5838.03611379302,5610.97865818804,0,1,0,1,0,1,0,0,0,0,0,0,0,0,0,0,0,0,41.30142186637,0,0,0,1,0,0,0,0,red,-1,1,0,0,0,0,0,1,0,0,0,1,+-,--,-+,--,gray,red,gray
2025-05-09 17:00:00,5650.74,5676.26,5645.25,5660.54,5651.24,5676.76,5645.75,5660.94,53798,5650.99,5676.51,5645.5,5660.74,5661.005,0.03598372999,-0.02918255625,5634.54015832041,5656.06059857087,5666.38143557158,5461.812293615,5453.79881537048,5529.87050934056,5948.31681894593,5834.89123776816,5608.65944875618,0,0,0,0,0,0,0,0,0,0,0,0,0,0,0,0,0,0,57.64154801294,0,0,0,1,0,0,0,0,gray,0,0,0,0,0,0,0,0,0,0,1,2,-+,--,-+,--,gray,red,gray
2025-05-11 21:00:00,5660.54,5751.13,5660.54,5734.84,5660.94,5752.18,5660.94,5735.44,24430,5660.74,5751.655,5660.74,5735.14,5706.1975,0.04766811099,0.00567794436,5638.02706921884,5657.42802374951,5668.44414845726,5462.32176222607,5457.03892781829,5532.26292083054,5947.41979820602,5831.03539554598,5606.16099772315,0,0,0,0,0,0,0,0,0,0,0,0,0,0,0,0,0,0,372.14490380679,0,0,0,1,0,0,0,0,gray,0,0,0,0,0,0,1,0,0,0,1,2,-+,-+,-+,++,green,red,gray
2025-05-12 01:00:00,5734.84,5745.6,5733.73,5744.22,5735.44,5746.2,5734.33,5744.82,10458,5735.14,5745.9,5734.03,5744.52,5739.965,0.06953239514,0.05146032477,5642.34229466354,5659.33827078082,5668.54231876581,5463.05134916735,5460.41212913068,5534.86754080611,5946.51103216303,5827.11391316166,5603.61960190563,0,0,0,0,0,0,0,0,0,0,0,0,0,0,0,0,0,0,113.50162554982,0,0,0,1,0,0,0,0,green,1,0,1,0,0,0,0,0,0,1,0,3,--,-+,-+,++,green,red,gray
2025-05-12 05:00:00,5744.22,5836.1,5742.35,5813.73,5744.82,5836.7,5742.95,5814.33,48592,5744.52,5836.4,5742.65,5814.03,5789.525,0.10899215111,0.11807114013,5643.70731045866,5661.50786193322,5667.03485501265,5463.9489744576,5464.25690860103,5537.06849548829,5945.66457053926,5823.01748005796,5601.01984772573,0,0,0,0,0,0,0,0,0,0,0,0,0,0,0,0,0,0,192.93299308528,0,0,0,1,0,0,0,0,green,1,0,1,0,0,0,0,0,1,0,0,4,++,-+,-+,++,green,red,gray
2025-05-12 09:00:00,5813.73,5849.11,5812.48,5831.85,5814.33,5849.71,5813.08,5832.45,35012,5814.03,5849.41,5812.78,5832.15,5831.095,0.16752616146,0.19569208829,5645.49905580799,5662.43625419156,5674.86738401012,5464.82033429516,5468.3977829901,5539.84001032687,5944.88202525931,5819.20539859848,5598.11274808874,0,0,0,0,0,0,0,0,0,0,0,0,0,0,0,0,0,0,104.6212727065,0,0,0,1,0,0,0,0,green,1,0,1,0,0,0,0,0,0,1,0,3,--,-+,-+,++,green,red,gray
2025-05-12 13:00:00,5831.85,5838.36,5789.39,5830.4,5832.45,5838.96,5789.89,5830.9,122567,5832.15,5838.66,5789.64,5830.65,5814.15,0.22200287447,0.23712298564,5647.59220536122,5662.25734741762,5687.8869072081,5465.54162267386,5472.05545966301,5543.04206884666,5944.16952651857,5815.87684538562,5594.89981233812,0,0,0,0,0,0,0,0,0,0,0,0,0,0,0,0,0,0,39.994452014,0,0,0,1,0,0,0,0,green,1,0,1,0,0,0,0,1,0,0,0,1,+-,-+,-+,++,green,red,gray
2025-05-12 17:00:00,5830.4,5859.66,5827.4,5851.7,5830.9,5860.16,5827.9,5852.1,39944,5830.65,5859.91,5827.65,5851.9,5843.78,0.26714759701,0.24011842948,5649.8308818719,5667.74986649042,5708.21452576648,5466.2419977,5475.31626948732,5545.79715505706,5943.46163652781,5812.58709497624,5591.92939697466,1,0,1,0,0,0,0,0,0,0,0,0,0,0,0,0,0,0,80.76306829561,0,0,0,1,0,0,0,0,green,1,0,1,0,0,0,0,0,0,0,1,2,-+,-+,-+,++,green,red,gray
2025-05-12 21:00:00,5851.7,5853.02,5831.02,5832.29,5852.1,5853.52,5831.52,5832.79,9622,5851.9,5853.27,5831.27,5832.54,5842.27,0.29762950737,0.20380945495,5651.30042942021,5676.77675817912,5732.79062061318,5467.20562693933,5478.46315549664,5548.4819446142,5942.72214942826,5809.58807310938,5589.12280394012,0,0,0,0,0,0,0,0,0,0,0,0,0,0,0,0,0,0,228.64269382665,0,0,0,1,0,0,0,0,gray,0,0,0,0,0,0,0,0,0,0,1,2,-+,-+,-+,--,green,red,green
2025-05-13 01:00:00,5832.29,5837.53,5819.02,5823.77,5832.79,5838.03,5819.52,5824.27,10521,5832.54,5837.78,5819.27,5824.02,5828.525,0.30244356917,0.12255364036,5652.04693484943,5690.87028840673,5749.06249649054,5468.13738955799,5481.44700721489,5550.59887271378,5941.99457078256,5806.65149339647,5586.45156919054,0,1,0,0,0,0,0,0,0,0,0,0,0,0,0,0,0,0,175.93384659252,0,0,0,1,0,0,0,0,gray,0,0,0,1,0,0,0,1,0,0,0,1,+-,-+,-+,--,green,red,green
2025-05-13 05:00:00,5823.77,5834.14,5821.27,5822.29,5824.27,5834.64,5821.77,5822.79,16947,5824.02,5834.39,5821.52,5822.54,5827.955,0.29080101129,0.03549005902,5656.21236293793,5708.39837735589,5768.00599719244,5468.8976436079,5484.65060708371,5552.58008233985,5941.26292735874,5803.76968441193,5583.7981555156,0,0,0,0,0,0,0,0,0,0,0,0,0,0,0,0,0,0,75.94264471588,0,0,0,1,0,0,0,0,gray,0,0,0,0,0,0,0,1,0,0,0,1,+-,-+,-+,--,green,red,green
2025-05-13 09:00:00,5822.29,5866.52,5820.78,5851.65,5822.79,5867.02,5821.28,5852.15,26302,5822.54,5866.77,5821.03,5851.9,5843.9,0.29230734185,0.00537656993,5662.65487348117,5721.6173301864,5782.85879775395,5469.77862514039,5487.95509604582,5555.02802109456,5940.43212383789,5801.04369864192,5581.58013013008,0,0,0,0,0,0,0,0,0,0,0,0,0,0,0,0,0,0,173.90312523763,0,0,0,1,0,0,0,0,gray,0,0,0,0,0,0,0,0,1,0,0,4,++,-+,-+,--,green,red,green
2025-05-13 13:00:00,5851.65,5903.53,5846.77,5898.78,5852.15,5904.03,5847.27,5899.28,69640,5851.9,5903.78,5847.02,5899.03,5875.4,0.29160215014,-0.00804629218,5672.41411398262,5736.8876639131,5791.99203820316,5470.34757317252,5490.87909429954,5558.22190282707,5939.56705189137,5798.38602182372,5579.44492089306,0,0,0,0,0,0,0,0,0,0,0,0,0,0,0,0,0,0,81.50488225158,0,0,0,1,0,0,0,0,gray,0,0,0,0,0,0,0,1,0,0,0,1,+-,-+,-+,--,green,red,green
2025-05-13 17:00:00,5898.78,5909.91,5882.77,5884.03,5899.28,5910.55,5883.27,5884.53,34956,5899.03,5910.23,5883.02,5884.28,5896.625,0.29854587998,0.00816939761,5684.62033598395,5750.06045592396,5799.18463056253,5470.4377127998,5493.61438349409,5561.73375862627,5938.72622416752,5795.00449383306,5577.82089366464,1,0,1,0,1,0,1,0,0,0,0,0,0,0,0,0,0,0,77.84071404051,0,1,-1,1,0,0,0,0,gray,0,0,0,0,0,0,0,0,0,1,0,3,--,-+,-+,--,green,red,green
2025-05-13 21:00:00,5884.03,5892.9,5883.5,5887.01,5884.53,5893.4,5884.03,5887.51,6471,5884.28,5893.15,5883.765,5887.26,5888.4575,0.30727154164,0.02678276547,5694.58415629288,5759.86852393347,5808.12770445002,5471.3070081616,5495.99521288511,5565.2783539608,5937.90221561536,5791.32562261489,5576.35613051419,0,0,0,0,0,0,0,0,0,0,0,0,0,0,0,0,0,0,145.03167980218,0,0,0,1,0,0,0,0,green,1,0,1,0,0,0,0,0,0,0,1,2,-+,-+,-+,+-,green,red,green
2025-05-14 01:00:00,5887.01,5894.52,5882.01,5891.89,5887.51,5895.02,5882.51,5892.39,6246,5887.26,5894.77,5882.26,5892.14,5888.515,0.31544211311,0.03455989841,5706.06075965496,5768.37933344178,5821.58216356002,5472.85162042944,5498.09007265083,5568.64869649136,5937.05121504343,5787.55629590839,5575.04476849673,0,0,0,0,0,0,0,0,0,0,0,0,0,0,0,0,0,0,200.28818443804,0,0,0,1,0,0,0,0,green,1,0,1,0,0,0,0,0,0,0,1,2,-+,-+,-+,+-,green,red,green
2025-05-14 05:00:00,5891.89,5900.78,5886.01,5888.78,5892.39,5901.54,5886.51,5889.28,14998,5892.14,5901.16,5886.26,5889.03,5893.71,0.31944024458,0.03113360744,5716.53839352766,5777.81941676156,5836.59073084801,5474.51710784035,5500.32152587536,5572.33917600632,5936.22667601149,5783.90175171994,5573.92614163217,0,0,0,0,0,0,0,0,0,0,0,0,0,0,0,0,0,0,99.34657954394,0,1,-1,1,0,0,0,0,gray,0,0,0,0,0,0,0,1,0,0,0,1,+-,-+,-+,+-,green,red,green
2025-05-14 09:00:00,5888.78,5907.77,5879.76,5898.76,5889.28,5908.27,5880.26,5899.26,17660,5889.03,5908.02,5880.01,5899.01,5894.015,0.3098587126,-0.000606814,5725.15274787168,5790.01698966637,5846.96408467841,5476.18775831405,5502.3102254049,5574.92000906496,5935.4600270035,5780.29137939496,5572.84964064861,0,0,0,0,0,0,0,0,0,0,0,0,0,0,0,0,0,0,158.60702151756,0,0,0,1,0,0,0,0,gray,0,0,0,0,0,0,0,0,1,0,0,4,++,-+,-+,+-,green,red,green
2025-05-14 13:00:00,5898.76,5908.28,5876.13,5893.02,5899.26,5908.78,5876.63,5893.52,88833,5899.01,5908.53,5876.38,5893.27,5892.455,0.29227229184,-0.03978018608,5733.06061342002,5803.34299095807,5855.27426774273,5477.90003069255,5504.6554940339,5577.62824409246,5934.76734125548,5776.92287562074,5571.57297647744,1,0,1,0,0,0,0,0,0,0,0,0,0,0,0,0,0,0,36.19150540903,0,0,0,1,0,0,0,0,red,-1,1,0,0,0,0,0,1,0,0,0,1,+-,-+,-+,+-,green,red,green
2025-05-14 17:00:00,5893.02,5901.03,5873.51,5889.28,5893.52,5901.53,5874.01,5889.78,52516,5893.27,5901.28,5873.76,5889.53,5887.52,0.27737846544,-0.06116429288,5741.58672008002,5813.98230458831,5862.96141419418,5479.6584011342,5507.27466686965,5580.42476632503,5934.1136745678,5774.63328173395,5570.25198358524,0,1,0,0,0,0,0,0,0,0,0,0,0,0,0,0,0,0,52.40307715744,0,0,0,1,0,0,0,0,red,-1,1,0,0,0,0,0,0,0,0,1,2,-+,-+,-+,+-,green,red,green
2025-05-14 21:00:00,5889.28,5889.28,5874.98,5881.98,5889.78,5889.78,5875.48,5882.48,5152,5889.53,5889.53,5875.23,5882.23,5882.38,0.25992131059,-0.07640264306,5751.88004930463,5823.29889151477,5869.17213135535,5481.1715651664,5509.62812747202,5583.25624378606,5933.49347914454,5773.32826764926,5568.89599758812,0,0,0,0,0,0,0,0,0,0,0,0,0,0,0,0,0,0,277.56211180125,0,0,0,1,0,0,0,0,red,-1,1,0,0,0,0,0,0,0,0,1,2,-+,-+,-+,++,green,red,green
2025-05-15 01:00:00,5881.98,5885.5,5877.1,5880.98,5882.48,5886.0,5877.6,5881.48,4103,5882.23,5885.75,5877.35,5881.23,5881.55,0.24004801305,-0.08598472965,5763.0142762812,5832.10028007543,5873.82870508428,5482.63739027689,5511.94543424526,5585.77620720412,5932.87656010172,5771.90698753059,5567.40272677153,0,0,0,0,0,0,0,0,0,0,0,0,0,0,0,0,0,0,204.72824762368,0,0,0,1,0,0,0,0,red,-1,1,0,0,0,0,0,0,0,1,0,3,--,-+,-+,++,green,red,green
2025-05-15 05:00:00,5880.98,5881.74,5849.98,5853.23,5881.48,5882.24,5850.48,5853.73,18255,5881.23,5881.99,5850.23,5853.48,5866.11,0.21359913231,-0.10324743477,5772.6637550288,5839.839620066,5876.56696406742,5484.44629600412,5513.91838089534,5587.98881875694,5932.16875755503,5770.27617427939,5565.98836755784,0,0,0,0,0,0,0,0,0,0,0,0,0,0,0,0,0,0,173.97973158039,0,0,0,1,0,0,0,0,red,-1,1,0,0,0,0,0,1,0,0,0,1,+-,-+,-+,++,green,red,green
2025-05-15 09:00:00,5853.23,5880.75,5849.48,5869.5,5853.73,5881.25,5849.98,5870.0,22230,5853.48,5881.0,5849.73,5869.75,5865.365,0.18738044574,-0.11581690778,5781.57538925735,5846.41654255775,5877.72957125394,5486.10425897037,5515.81004669725,5591.46554467585,5931.48009374189,5768.52301473312,5565.03084417202,0,1,0,1,0,1,0,1,0,0,0,0,0,0,0,0,0,0,140.66576698156,0,0,0,1,0,0,0,0,red,-1,1,0,0,0,0,0,1,0,0,0,1,+-,-+,-+,++,green,red,green
2025-05-15 13:00:00,5869.5,5919.25,5867.23,5919.0,5870.0,5919.75,5867.73,5919.5,80958,5869.75,5919.5,5867.48,5919.25,5893.49,0.17419362187,-0.0979469224,5790.20112854525,5851.55447473803,5878.49365700315,5487.86224482463,5517.99186403002,5595.8331757148,5930.76441710066,5766.27229363985,5564.51052580972,0,0,0,0,0,0,0,0,0,0,0,0,0,0,0,0,0,0,64.25553990958,0,0,0,1,0,0,0,0,gray,0,0,0,0,0,0,0,1,0,0,0,1,+-,-+,-+,++,green,red,green
2025-05-15 17:00:00,5919.0,5927.0,5900.23,5916.65,5919.5,5927.5,5900.73,5917.05,59144,5919.25,5927.25,5900.48,5916.85,5913.865,0.17199786298,-0.06103489304,5798.18681096484,5855.40766539578,5876.01692560252,5489.92980387154,5520.63964832039,5601.52999407613,5930.05776082188,5763.98816362423,5564.10805688048,1,0,0,0,0,0,0,0,0,0,0,0,0,0,0,0,0,0,45.26241038821,0,0,0,1,0,0,0,0,gray,0,0,0,0,1,0,0,0,0,1,0,3,--,-+,-+,++,green,red,green
2025-05-15 21:00:00,5916.65,5922.34,5907.07,5907.84,5917.05,5922.84,5907.57,5908.34,5084,5916.85,5922.59,5907.32,5908.09,5914.955,0.17137971922,-0.02957589913,5805.4382101214,5858.6754572213,5873.88654048202,5492.20031169321,5523.49392744184,5608.28190601506,5929.35827074012,5761.73547837262,5563.75348704104,0,0,0,0,0,0,0,0,0,0,0,0,0,0,0,0,0,0,300.35405192762,0,0,0,1,0,0,0,0,gray,0,0,0,0,1,0,0,0,0,0,1,2,-+,-+,-+,-+,green,red,green
2025-05-16 01:00:00,5907.84,5918.09,5905.57,5915.46,5908.34,5918.59,5906.07,5915.96,5355,5908.09,5918.34,5905.82,5915.71,5912.08,0.17640736135,0.00032515334,5811.75219395821,5859.60477506864,5877.80723238561,5494.19322953936,5526.38040148835,5614.3368499558,5928.61854057901,5759.50684971008,5563.39742115881,0,0,0,0,0,0,0,0,0,0,0,0,0,0,0,0,0,0,233.80018674137,0,0,0,1,0,0,0,0,gray,0,0,0,0,0,0,1,1,0,0,0,1,+-,-+,-+,-+,green,red,green
2025-05-16 05:00:00,5915.46,5934.59,5909.57,5931.09,5915.96,5935.34,5910.07,5931.59,8790,5915.71,5934.965,5909.82,5931.34,5922.3925,0.18523149107,0.02252169181,5817.18510211527,5860.32480318506,5885.01878590849,5495.95959774678,5529.17112146129,5621.08517789827,5927.83866381355,5757.4878503551,5562.87372378965,0,0,0,0,0,0,0,0,0,0,0,0,0,0,0,0,0,0,286.06370875996,0,0,0,1,0,0,0,0,green,1,0,1,0,0,0,0,0,1,0,0,4,++,-+,-+,-+,green,red,green
2025-05-16 09:00:00,5931.09,5940.34,5925.45,5927.84,5931.59,5940.84,5925.95,5928.34,10282,5931.34,5940.59,5925.7,5928.09,5933.145,0.18709236134,0.02079738539,5822.1362481064,5864.47045278693,5891.00602872679,5497.67235507547,5532.17028288926,5627.59061384244,5927.04991404216,5755.45132524628,5562.32807293,0,0,0,0,0,0,0,0,0,0,0,0,0,0,0,0,0,0,144.81618362187,0,1,-1,1,0,0,0,0,gray,0,0,0,0,0,0,0,1,0,0,0,1,+-,-+,-+,-+,green,red,green
2025-05-16 13:00:00,5927.84,5939.84,5907.32,5937.07,5928.34,5940.34,5907.82,5937.57,68075,5928.09,5940.09,5907.57,5937.32,5923.83,0.17518747506,-0.00928790995,5825.51884440591,5870.64477118856,5895.22082298143,5499.30047468136,5534.4960504731,5633.50044872943,5926.32791161764,5753.44099767012,5561.98628075687,0,0,0,0,0,0,0,0,0,0,0,0,0,0,0,0,0,0,47.77084098421,0,0,0,1,0,0,0,0,gray,0,0,0,0,0,0,0,1,0,0,0,1,+-,-+,-+,-+,green,red,green
2025-05-16 17:00:00,5937.07,5959.84,5935.57,5953.64,5937.57,5960.34,5936.07,5954.04,26058,5937.32,5960.09,5935.82,5953.84,5947.955,0.17175202692,-0.01770681132,5828.58393329776,5876.18354978999,5900.65515838515,5501.07962665124,5536.90521319177,5639.21970023739,5925.69754580434,5751.7088260063,5561.64505658495,1,0,1,0,0,0,0,0,0,0,0,0,0,0,0,0,0,0,93.1383836058,0,0,0,1,0,0,0,0,red,-1,1,0,0,0,0,0,0,0,0,1,2,-+,-+,-+,-+,green,red,green
2025-05-18 21:00:00,5953.64,5953.64,5903.66,5915.21,5954.04,5954.04,5904.96,5915.71,16482,5953.84,5953.84,5904.31,5915.46,5929.075,0.16319915515,-0.03188554276,5833.57670765948,5880.67060606624,5907.15312670812,5502.93713084617,5539.37439113374,5645.23970905393,5925.11645151838,5750.23173877022,5561.22022980311,0,0,0,0,0,0,0,0,0,0,0,0,0,0,0,0,0,0,300.50964688751,0,0,0,1,0,0,0,0,red,-1,1,0,0,0,0,0,0,0,0,1,2,-+,+-,-+,++,green,red,gray
2025-05-19 01:00:00,5915.21,5918.96,5893.2,5896.19,5915.71,5919.46,5893.7,5896.69,12378,5915.46,5919.21,5893.45,5896.44,5906.33,0.14261501659,-0.06081479237,5839.75273014721,5885.88584280796,5910.48850136649,5504.57575858947,5541.87112947676,5652.00912937588,5924.56858294672,5748.76258967678,5560.85165181836,0,0,0,0,0,0,0,0,0,0,0,0,0,0,0,0,0,0,208.11116497011,0,0,0,1,0,0,0,0,red,-1,1,0,0,0,0,0,0,0,1,0,3,--,+-,-+,++,green,red,gray
2025-05-19 05:00:00,5896.19,5907.21,5876.2,5881.33,5896.69,5907.71,5876.7,5881.83,22228,5896.44,5907.46,5876.45,5881.58,5891.955,0.1120533477,-0.0981224376,5845.53752013589,5891.79323745697,5917.9818010932,5506.11221074015,5544.18138166809,5659.203713806,5924.05314903969,5747.39143049362,5560.56896673629,0,1,0,1,0,1,0,1,0,0,0,0,0,0,0,0,0,0,139.50872773079,0,0,0,1,0,0,0,0,red,-1,1,0,0,0,0,0,1,0,0,0,1,+-,+-,-+,++,green,red,gray
2025-05-19 09:00:00,5881.33,5902.69,5877.2,5901.19,5881.83,5903.19,5877.7,5901.69,18468,5881.58,5902.94,5877.45,5901.44,5890.195,0.08423760751,-0.12121088935,5850.65617243313,5895.79783277485,5920.20044087456,5507.44308477678,5546.30544745594,5665.94647222347,5923.59048816691,5746.05331276618,5560.26748085618,0,0,0,0,0,0,0,0,0,0,0,0,0,0,0,0,0,0,138.02252544942,0,0,0,1,0,0,0,0,red,-1,1,0,0,0,0,0,0,0,1,0,3,--,+-,-+,++,green,red,gray
2025-05-19 13:00:00,5901.19,5962.96,5886.19,5960.69,5901.69,5963.46,5886.69,5961.19,76138,5901.44,5963.21,5886.44,5960.94,5924.825,0.06140276597,-0.12304579978,5856.17435147673,5902.31747867799,5917.42635269964,5508.60903326243,5549.21257568402,5672.49260539337,5923.16287413994,5744.63647451396,5559.89864418357,0,0,0,0,0,0,0,0,0,0,0,0,0,0,0,0,0,0,100.83007171189,0,0,0,1,0,0,0,0,red,-1,1,0,0,0,0,0,1,0,0,0,1,+-,+-,-+,++,green,red,gray
2025-05-19 17:00:00,5960.69,5970.46,5946.46,5964.24,5961.19,5970.96,5946.96,5964.64,33529,5960.94,5970.71,5946.71,5964.44,5958.71,0.06035630739,-0.07621988636,5862.09517059391,5905.66216884324,5912.33208215972,5509.8698306415,5552.68080158067,5678.99899935238,5922.73989569395,5743.21636088944,5559.67195221007,0,0,0,0,0,0,0,0,0,0,0,0,0,0,0,0,0,0,71.57982641892,0,0,0,1,0,0,0,0,gray,0,0,0,0,0,0,0,0,0,1,0,3,--,+-,-+,++,green,red,gray
2025-05-19 21:00:00,5964.24,5976.76,5959.97,5966.0,5964.64,5977.26,5960.5,5966.5,5836,5964.44,5977.01,5960.235,5966.25,5968.6225,0.07520800695,-0.00825985073,5866.84400362514,5905.74564773784,5907.90466572777,5510.99151793767,5556.98705973375,5685.32299937143,5922.3179331059,5741.72996019893,5559.5557580975,1,0,1,0,1,0,1,0,1,0,1,0,1,0,0,0,0,0,287.44002741605,0,1,-1,1,0,0,0,0,gray,0,0,0,0,0,0,1,0,0,0,1,2,-+,+-,-+,--,green,red,gray
2025-05-20 01:00:00,5966.0,5966.27,5947.25,5951.25,5966.5,5966.77,5947.75,5951.75,9101,5966.25,5966.52,5947.5,5951.5,5957.01,0.09443139096,0.0463031707,5873.0833110386,5904.02181677061,5911.28873258222,5512.343298635,5561.97084046586,5691.41511703698,5921.88911895973,5740.28603333112,5559.43037088849,0,0,0,0,0,0,0,0,0,0,0,0,0,0,0,0,0,0,208.98802329415,0,0,0,1,0,0,0,0,green,1,0,1,0,0,0,0,1,0,0,0,1,+-,+-,-+,--,green,red,gray
2025-05-20 05:00:00,5951.25,5958.26,5939.5,5946.26,5951.75,5958.76,5940.0,5946.76,15024,5951.5,5958.51,5939.75,5946.51,5949.13,0.11057614449,0.07239295274,5877.39036403563,5902.29346467428,5920.77298606578,5513.87550876269,5566.55591609376,5697.18290771236,5921.48896214551,5738.89276709365,5559.2191530351,0,0,0,0,0,0,0,0,0,0,0,0,0,0,0,0,0,0,124.86687965921,0,0,0,1,0,0,0,0,green,1,0,1,0,0,0,0,1,0,0,0,1,+-,+-,-+,--,green,red,gray
2025-05-20 09:00:00,5946.26,5958.5,5942.75,5950.27,5946.76,5959.0,5943.25,5950.77,12973,5946.51,5958.75,5943.0,5950.52,5950.875,0.11483104617,0.0569680867,5879.61648987904,5905.10990659,5930.34288885262,5515.25572776536,5571.59635398296,5702.62988101494,5921.10678983213,5737.46981530355,5559.00148530569,0,0,0,0,0,0,0,0,0,0,0,0,0,0,0,0,0,0,121.40599707084,0,1,-1,1,0,0,0,0,gray,0,0,0,0,0,0,0,0,0,1,0,3,--,+-,-+,--,green,red,gray
2025-05-20 13:00:00,5950.27,5955.26,5935.0,5948.75,5950.77,5955.76,5935.5,5949.25,68100,5950.52,5955.51,5935.25,5949.0,5945.38,0.1030614092,0.00825075879,5880.56560604219,5911.80991826625,5935.6763110821,5516.62453981294,5576.51769300145,5707.89223745568,5920.71567102621,5736.15170450826,5558.95289860218,0,0,0,0,0,0,0,0,0,0,0,0,0,0,0,0,0,0,29.7503671072,0,0,0,1,0,0,0,0,gray,0,0,0,0,0,0,0,1,0,0,0,1,+-,+-,-+,--,green,red,gray
2025-05-20 17:00:00,5948.75,5953.02,5911.0,5938.43,5949.25,5953.52,5911.5,5938.83,50630,5949.0,5953.27,5911.25,5938.63,5932.26,0.08173982319,-0.04602484666,5881.30632865433,5918.91149098297,5938.36704886568,5517.79120228695,5581.09964403779,5712.54570105992,5920.36032441871,5734.73731951036,5558.89164583411,0,1,0,0,0,0,0,0,0,0,0,0,0,0,0,0,0,0,82.99427217065,0,0,0,1,0,0,0,0,red,-1,1,0,0,0,0,0,0,0,0,1,2,-+,+-,-+,--,green,red,gray
2025-05-20 21:00:00,5938.43,5942.77,5920.86,5937.89,5938.83,5943.27,5921.4,5938.39,9290,5938.63,5943.02,5921.13,5938.14,5932.075,0.06511518212,-0.07183723718,5884.65391875784,5923.6738046101,5940.86863909254,5518.91669439609,5585.5879232371,5717.04038632286,5919.9949787306,5733.16359710903,5558.73128718248,0,0,0,0,0,0,0,0,0,0,0,0,0,0,0,0,0,0,235.62970936491,0,0,0,1,0,0,0,0,red,-1,1,0,0,0,0,0,0,0,0,1,2,-+,+-,-+,+-,green,red,gray
2025-05-21 01:00:00,5937.89,5940.15,5920.51,5922.76,5938.39,5940.65,5921.01,5923.26,7018,5938.14,5940.4,5920.76,5923.01,5930.58,0.05218737604,-0.07483562425,5890.35054039185,5926.85582903383,5941.77091127403,5520.23010232422,5590.28450645098,5722.23008084278,5919.61371884007,5731.53755162788,5558.65193796594,0,0,0,0,0,0,0,0,0,0,0,0,0,0,0,0,0,0,279.85180963237,0,0,0,1,0,0,0,0,red,-1,1,0,0,0,0,0,0,0,0,1,2,-+,+-,-+,+-,green,red,gray
2025-05-21 05:00:00,5922.76,5928.4,5905.14,5911.64,5923.26,5928.9,5905.64,5912.14,13480,5923.01,5928.65,5905.39,5911.89,5917.02,0.03567474923,-0.07646995836,5896.37146036171,5929.8582254046,5939.86872901923,5521.84122477002,5595.4684245155,5727.86640199446,5919.23413337895,5729.91904282261,5558.38640367451,0,0,0,0,0,0,0,0,0,0,0,0,0,0,0,0,0,0,172.55192878338,0,0,0,1,0,0,0,0,red,-1,1,0,0,0,0,0,1,0,0,0,1,+-,+-,-+,+-,green,red,gray
2025-05-21 09:00:00,5911.64,5918.64,5889.88,5907.88,5912.14,5919.14,5890.38,5908.38,17404,5911.89,5918.89,5890.13,5908.13,5904.51,0.01831369338,-0.07745701644,5901.03596341081,5931.79844722903,5938.30998321538,5523.59160426698,5600.94399861522,5733.36900781815,5918.79387042569,5728.33586023539,5557.83073420455,0,0,0,0,0,0,0,0,0,0,0,0,0,0,0,0,0,0,165.24936796139,1,0,1,1,0,0,0,0,red,-1,1,0,0,0,0,0,1,0,0,0,1,+-,+-,-+,+-,green,red,gray
2025-05-21 13:00:00,5907.88,5940.9,5893.65,5931.15,5908.38,5941.4,5894.15,5931.65,83408,5908.13,5941.15,5893.9,5931.4,5917.525,0.01046142706,-0.06209773183,5904.7355046869,5931.8561413254,5936.7639865723,5525.37428287072,5606.17151682222,5738.62521347056,5918.24602196302,5726.69249817429,5557.76111105035,1,0,1,0,0,0,0,0,0,0,0,0,0,0,0,0,0,0,56.64924227892,0,0,0,1,0,0,0,0,gray,0,0,0,0,0,0,0,1,0,0,0,1,+-,+-,-+,+-,green,red,gray
2025-05-21 17:00:00,5931.15,5932.65,5832.63,5843.44,5931.65,5933.15,5833.13,5843.84,179681,5931.4,5932.9,5832.88,5843.64,5882.89,-0.00951361878,-0.07420899448,5908.28469663406,5931.88349865972,5932.81518925784,5527.11018980476,5611.30503469818,5744.0301336626,5917.66131102944,5724.7782599847,5558.11539152916,0,1,0,1,0,0,0,0,0,0,0,0,0,0,0,0,0,0,55.6653179802,0,0,0,0,1,-1,0,1,gray,0,0,0,0,0,0,0,1,0,0,0,1,+-,+-,-+,+-,green,red,gray
2025-05-21 21:00:00,5843.44,5857.95,5836.82,5857.33,5843.84,5858.45,5837.32,5857.83,10784,5843.64,5858.2,5837.07,5857.58,5847.635,-0.04097668658,-0.10498376178,5911.13818150837,5931.72056132726,5927.15415140628,5528.98676070583,5616.43967043094,5749.5923356137,5917.12242161026,5722.89298848262,5558.55264575466,0,0,0,0,0,0,0,0,0,0,0,0,0,0,0,0,0,0,195.9384272997,0,0,0,0,1,0,0,0,red,-1,1,0,0,0,0,0,0,0,0,1,2,-+,+-,-+,--,green,red,red
2025-05-22 01:00:00,5857.33,5859.83,5847.07,5848.57,5857.83,5860.33,5847.57,5849.07,5820,5857.58,5860.08,5847.32,5848.82,5853.7,-0.06468319221,-0.11370250768,5912.76293677695,5929.88299116135,5925.22832112502,5530.45980272037,5621.48649460492,5754.71697280154,5916.58099608875,5721.11428466939,5559.00162043692,0,0,0,0,0,0,0,0,0,0,0,0,0,0,0,0,0,0,219.2439862543,0,0,0,0,1,0,0,0,red,-1,1,0,0,0,0,0,0,0,0,1,2,-+,+-,-+,--,green,red,red
2025-05-22 05:00:00,5848.57,5862.2,5846.81,5854.58,5849.07,5862.7,5847.31,5855.08,14297,5848.82,5862.45,5847.06,5854.83,5854.755,-0.08294528249,-0.10892998338,5914.2484801018,5926.71136726618,5916.76065690002,5531.99396224037,5626.41319470301,5760.40044418972,5916.03901731928,5719.43570404849,5559.48480362833,0,0,0,0,0,0,0,0,0,0,0,0,0,0,0,0,0,0,107.64496048122,1,0,1,0,1,0,0,0,gray,0,0,0,0,0,0,0,1,0,0,0,1,+-,+-,-+,--,green,red,red
2025-05-22 09:00:00,5854.58,5860.58,5814.53,5845.08,5855.08,5861.08,5815.08,5845.58,27774,5854.83,5860.83,5814.805,5845.33,5837.8175,-0.11285068998,-0.1215058528,5915.5047508632,5925.56307135791,5902.93552552001,5533.57504131632,5631.16059116296,5765.36146053709,5915.47891382506,5717.6878684088,5560.00501332535,0,1,0,1,0,1,0,0,0,0,0,0,0,0,0,0,0,0,165.71253690502,1,0,1,0,1,0,0,0,gray,0,0,0,0,0,0,0,0,1,0,0,4,++,+-,-+,--,green,red,red
2025-05-22 13:00:00,5845.08,5870.57,5828.57,5845.57,5845.58,5871.07,5829.07,5846.07,146025,5845.33,5870.82,5828.82,5845.82,5849.82,-0.12453297526,-0.09434979334,5915.62130848911,5920.22893743817,5893.08842041601,5535.18313073973,5635.72821677818,5769.5075940507,5914.92725888123,5715.86062433838,5560.38227017726,0,0,0,0,0,0,0,0,0,0,0,0,0,0,0,0,0,0,28.76219825372,0,0,0,0,1,0,0,0,gray,0,0,0,0,0,0,0,1,0,0,0,1,+-,+-,-+,--,green,red,red
2025-05-22 17:00:00,5845.57,5880.58,5839.55,5853.62,5846.07,5881.08,5840.08,5854.02,62071,5845.82,5880.83,5839.815,5853.82,5860.3225,-0.11800270802,-0.04173517129,5914.76659245149,5911.1546952584,5885.42173633281,5536.68596073142,5640.19770374585,5773.10898834333,5914.33661628473,5714.09864740989,5560.73815718992,1,0,1,0,1,0,0,0,0,0,0,0,0,0,0,0,0,0,66.07755634676,0,0,0,0,1,0,0,0,gray,0,0,0,0,0,0,0,0,0,0,1,2,-+,+-,-+,--,green,red,red
2025-05-22 21:00:00,5853.62,5857.79,5835.91,5851.18,5854.02,5858.29,5836.41,5851.68,7308,5853.82,5858.04,5836.16,5851.43,5847.1,-0.11957418788,-0.01917212864,5914.97877764753,5903.9728583511,5875.90088906625,5538.08280386927,5644.30520004138,5776.55269456852,5913.76145284631,5712.22274119783,5561.31379498721,0,0,0,0,0,0,0,0,0,0,0,0,0,0,0,0,0,0,299.39792008758,1,0,1,0,1,0,0,0,gray,0,0,0,0,0,0,0,0,0,0,1,2,-+,+-,-+,++,green,red,red
2025-05-23 01:00:00,5851.18,5853.93,5837.92,5840.18,5851.68,5854.43,5838.42,5840.68,7511,5851.43,5854.18,5838.17,5840.43,5846.175,-0.12195260776,-0.00616436303,5912.51041013618,5897.82062605721,5870.684711253,5539.97173303928,5648.32446913153,5780.91364472827,5913.15677392629,5710.23415647166,5561.80470613313,0,0,0,0,0,0,0,0,0,0,0,0,0,0,0,0,0,0,213.15404074025,0,0,0,0,1,0,0,0,gray,0,0,0,0,1,0,0,1,0,0,0,1,+-,+-,-+,++,green,red,red
2025-05-23 05:00:00,5840.18,5857.43,5827.66,5846.93,5840.68,5857.93,5828.16,5847.43,14654,5840.43,5857.68,5827.91,5847.18,5842.795,-0.11681708205,0.00805652061,5907.51999397186,5890.32023530006,5868.6122690024,5542.21884839839,5652.78202423823,5786.14294929509,5912.54333420765,5708.21684249538,5562.3655415072,0,0,0,0,0,0,0,0,0,0,0,0,0,0,0,0,0,0,203.15272280606,1,0,1,0,1,0,0,0,gray,0,0,0,0,0,0,0,1,0,0,0,1,+-,+-,-+,++,green,red,red
2025-05-23 09:00:00,5846.93,5847.18,5742.8,5760.68,5847.43,5847.68,5743.3,5761.18,91160,5847.18,5847.43,5743.05,5760.93,5795.24,-0.13215641418,-0.0250794113,5903.37999443556,5885.25770588755,5864.30981520192,5544.9975692029,5657.5289874339,5791.50999490406,5911.81711846705,5706.16121227008,5563.12602385785,0,1,0,1,0,1,0,1,0,1,0,1,0,1,0,0,0,0,114.50197455024,0,0,0,0,1,0,0,0,gray,0,0,0,0,0,0,0,1,0,0,0,1,+-,+-,-+,++,green,red,red
2025-05-23 13:00:00,5760.68,5808.18,5748.78,5800.93,5761.18,5808.68,5749.28,5801.43,167298,5760.93,5808.43,5749.03,5801.18,5778.73,-0.1575846227,-0.06708343585,5899.63961024821,5882.14080515161,5860.68285216153,5548.21214707702,5662.20946038965,5796.37764211276,5910.92984494326,5703.91329934188,5564.02101674772,0,0,0,0,0,0,0,0,0,0,0,0,0,0,0,0,0,0,35.50550514651,0,0,0,0,1,0,0,0,red,-1,1,0,0,0,0,0,1,0,0,0,1,+-,+-,-+,++,green,red,red
2025-05-23 17:00:00,5800.93,5829.68,5792.93,5794.97,5801.43,5830.18,5793.43,5795.37,74258,5801.18,5829.93,5793.18,5795.17,5811.555,-0.16616069915,-0.06530552488,5894.88406330604,5877.76070450766,5857.10528172923,5551.20021284021,5666.75256110984,5800.87035852121,5909.96940768877,5701.47354269234,5564.75399579809,0,0,0,0,0,0,0,0,0,0,0,0,0,0,0,0,0,0,49.48961728029,0,0,0,0,1,0,0,0,gray,0,0,0,0,0,0,0,0,0,0,1,2,-+,+-,-+,++,green,red,red
2025-05-25 21:00:00,5794.97,5864.76,5794.97,5853.77,5795.37,5865.26,5795.37,5854.27,22407,5795.17,5865.01,5795.17,5854.02,5830.09,-0.16719795483,-0.04608831538,5891.41759689788,5873.8124914442,5844.73222538338,5554.48762617908,5671.40055999875,5805.28225974117,5908.99489997607,5699.18035152199,5565.3557041606,0,0,0,0,0,0,0,0,0,0,0,0,0,0,0,0,0,0,311.68831168831,0,0,0,0,1,0,0,0,gray,0,0,0,0,1,0,0,0,0,0,1,2,-+,-+,-+,-+,green,red,red
2025-05-26 01:00:00,5853.77,5868.16,5850.02,5866.66,5854.27,5868.66,5850.52,5867.16,8374,5854.02,5868.41,5850.27,5866.91,5859.34,-0.15588044483,-0.00020248503,5889.02566636727,5869.93530501368,5831.5317803067,5557.72113599729,5676.15954981696,5809.40278151349,5908.01932994961,5696.9855002279,5565.93236593726,0,0,0,0,0,0,0,0,0,0,0,0,0,0,0,0,0,0,216.62288034391,0,0,0,0,1,0,0,0,gray,0,0,0,0,0,0,0,0,0,1,0,3,--,-+,-+,-+,green,red,red
2025-05-26 05:00:00,5866.66,5883.16,5858.41,5871.65,5867.16,5883.66,5858.91,5872.15,13945,5866.91,5883.41,5858.66,5871.9,5871.035,-0.12136492775,0.07740983744,5885.80061510825,5860.59839188696,5827.53642424536,5560.76387604227,5680.66264891119,5813.01622911604,5907.00108239006,5694.87167833852,5566.46460645159,1,0,1,0,1,0,0,0,0,0,0,0,0,0,0,0,0,0,177.48296880602,0,0,0,0,1,0,0,0,green,1,0,1,0,0,0,0,1,0,0,0,1,+-,-+,-+,-+,green,red,red
2025-05-26 09:00:00,5871.65,5880.41,5870.4,5873.16,5872.15,5880.91,5870.9,5873.66,5941,5871.9,5880.66,5870.65,5873.41,5875.655,-0.07693645256,0.14528769594,5882.75249086916,5850.36484290109,5828.04713939629,5563.76602350247,5685.52250984008,5816.51795767145,5906.0061126755,5692.7664780023,5567.09780362901,0,0,0,0,0,0,0,0,0,0,0,0,0,0,0,0,0,0,168.49015317287,0,0,0,0,1,0,0,0,green,1,0,1,0,0,0,0,0,0,1,0,3,--,-+,-+,-+,green,red,red
2025-05-26 13:00:00,5873.16,5881.4,5859.39,5879.41,5873.66,5881.9,5859.89,5879.91,13903,5873.41,5881.65,5859.64,5879.66,5870.645,-0.04897893294,0.15613220686,5879.67883772538,5845.51361253846,5834.30571151703,5566.9135962721,5689.9507369339,5819.87272362229,5905.17242272145,5690.92800599371,5567.7873848538,0,0,0,0,0,0,0,0,0,0,0,0,0,0,0,0,0,0,158.31115586564,0,0,0,0,1,0,0,0,green,1,0,1,0,0,0,0,1,0,0,0,1,+-,-+,-+,-+,green,red,red
2025-05-26 17:00:00,5879.41,5879.41,5879.36,5879.36,5879.91,5880.41,5879.91,5880.41,1,5879.66,5879.91,5879.635,5879.885,5879.7725,-0.02684345157,0.14189545603,5873.18354251573,5843.58566097115,5841.65156921363,5570.37973563983,5693.88490535328,5822.72999645692,5904.34490966384,5689.13908751305,5568.34979884788,0,0,0,0,0,0,0,0,0,0,0,0,0,0,0,0,0,0,27499.99999996362,0,0,0,0,1,0,0,0,gray,0,0,0,0,0,0,0,0,0,0,1,2,-+,-+,-+,-+,green,red,red
2025-05-26 21:00:00,5879.36,5879.36,5861.48,5870.61,5880.41,5880.41,5861.98,5871.11,5949,5879.885,5879.885,5861.73,5870.86,5870.8075,-0.02082198663,0.09154810685,5865.91788539914,5845.55495334976,5848.4522553709,5574.04541276748,5697.4861798014,5825.13529067878,5903.51331839152,5687.66460645076,5568.85653635588,0,0,0,0,0,0,0,0,0,0,0,0,0,0,0,0,0,0,305.17734072955,0,0,0,0,1,0,0,0,gray,0,0,0,1,0,0,0,1,0,0,0,1,+-,-+,-+,+-,green,red,red
2025-05-27 01:00:00,5870.61,5870.61,5851.1,5857.62,5871.11,5871.11,5851.6,5858.12,5885,5870.86,5870.86,5851.35,5857.87,5861.105,-0.02315666992,0.03883546963,5861.73612498382,5848.73995918104,5852.89080429672,5577.57813284874,5700.98997653229,5827.85263507058,5902.72572338252,5686.28791286084,5569.24336596452,0,1,0,1,0,1,0,0,0,0,0,0,0,0,0,0,0,0,331.52081563295,0,0,0,0,1,0,0,0,gray,0,0,0,0,0,1,0,0,0,0,1,2,-+,-+,-+,+-,green,red,red
2025-05-27 05:00:00,5857.62,5900.87,5854.61,5889.36,5858.12,5901.37,5855.11,5889.86,12810,5857.87,5901.12,5854.86,5889.61,5877.99,-0.01934715247,0.02034616883,5859.30180767737,5852.10433928341,5858.26714343738,5581.07180551336,5705.0597042317,5829.47138109792,5901.92511138416,5685.00564714041,5569.53481828421,0,0,0,0,0,0,0,0,0,0,0,0,0,0,0,0,0,0,361.12412177986,0,0,0,0,1,0,0,0,gray,0,0,0,0,0,0,0,0,1,0,0,4,++,-+,-+,+-,green,red,red
2025-05-27 09:00:00,5889.36,5898.61,5874.73,5880.1,5889.86,5899.11,5875.23,5880.6,15357,5889.61,5898.86,5874.98,5880.35,5886.92,-0.00826357247,0.02739929794,5859.30474554834,5854.42192187298,5860.7752147499,5584.58459421546,5709.67152779112,5830.00560518328,5901.14501825052,5683.8423718308,5569.89096537946,0,0,0,0,0,0,0,0,0,0,0,0,0,0,0,0,0,0,155.49912092206,0,0,0,0,1,0,0,0,gray,0,0,0,0,0,0,0,1,0,0,0,1,+-,-+,-+,+-,green,red,red
2025-05-27 13:00:00,5880.1,5920.6,5856.85,5913.12,5880.6,5921.1,5857.35,5913.62,57224,5880.35,5920.85,5857.1,5913.37,5888.975,0.00037589166,0.03506428241,5860.20707281385,5857.59074413886,5860.84117179992,5588.06134034787,5714.37972728583,5830.70249914847,5900.38094658407,5682.70532302466,5570.16741700877,0,0,0,0,0,0,0,0,0,0,0,0,0,0,0,0,0,0,111.40430588564,0,0,0,1,0,1,1,0,green,1,0,1,0,0,0,0,1,0,0,0,1,+-,-+,-+,+-,green,red,red
2025-05-27 17:00:00,5913.12,5930.12,5912.35,5928.91,5913.62,5930.64,5912.85,5929.31,24727,5913.37,5930.38,5912.6,5929.11,5921.49,0.02346887018,0.06920802067,5861.3953749051,5859.2428386215,5864.27093743994,5591.48149382711,5718.79118678972,5831.4099256441,5899.69047988225,5681.44482807605,5570.59194883509,0,0,0,0,0,0,0,0,0,0,0,0,0,0,0,0,0,0,71.90520483682,0,0,0,1,0,0,0,0,green,1,0,1,0,0,0,0,0,0,1,0,3,--,-+,-+,+-,green,red,red
2025-05-27 21:00:00,5928.91,5930.38,5923.11,5924.63,5929.31,5930.88,5923.61,5925.13,4134,5929.11,5930.63,5923.36,5924.88,5926.995,0.05203050141,0.10164728284,5862.10688452778,5859.47560879381,5868.80074995195,5594.80776917736,5722.97916521173,5831.5983837134,5898.97268020087,5680.15686744053,5571.13443530152,1,0,0,0,0,0,0,0,0,0,0,0,0,0,0,0,0,0,175.85873246252,0,1,-1,1,0,0,0,0,green,1,0,1,0,0,0,0,0,0,0,1,2,-+,-+,-+,+-,green,red,gray
2025-05-28 01:00:00,5924.63,5927.38,5916.62,5917.11,5925.13,5927.88,5917.12,5917.61,3787,5924.88,5927.63,5916.87,5917.36,5922.25,0.07205171365,0.10582431436,5863.46577802564,5861.78990769459,5872.83559996156,5598.03891783829,5727.12272584424,5832.13431360418,5898.2421624815,5678.84713839572,5571.5898558897,0,0,0,0,0,0,0,0,0,0,0,0,0,0,0,0,0,0,284.12991814101,0,0,0,1,0,0,0,0,green,1,0,1,0,0,0,0,0,0,0,1,2,-+,-+,-+,+-,green,red,gray
2025-05-28 05:00:00,5917.11,5921.63,5910.86,5911.38,5917.61,5922.13,5911.36,5911.88,8158,5917.36,5921.88,5911.11,5911.63,5916.495,0.08602281956,0.09410429645,5864.03052586982,5864.93116923276,5882.56647996925,5601.22443561539,5731.0910399198,5832.96337790994,5897.44839016723,5677.45236526956,5572.04464855713,0,0,0,0,0,0,0,0,0,0,0,0,0,0,0,0,0,0,132.01765138515,0,0,0,1,0,0,0,0,gray,0,0,0,0,0,0,0,1,0,0,0,1,+-,-+,-+,+-,green,red,gray
2025-05-28 09:00:00,5911.38,5934.37,5907.36,5927.11,5911.88,5934.87,5907.86,5927.61,11584,5911.63,5934.62,5907.61,5927.36,5921.115,0.09997582339,0.07979183775,5863.8054854183,5867.93664807867,5891.4521839754,5604.20067791185,5734.74865737581,5833.37916091259,5896.73720080339,5676.10593880918,5572.38084891437,0,0,0,0,0,0,0,0,0,0,0,0,0,0,0,0,0,0,233.16643646409,0,0,0,1,0,0,0,0,gray,0,0,0,1,0,0,0,0,1,0,0,4,++,-+,-+,+-,green,red,gray
2025-05-28 13:00:00,5927.11,5941.11,5902.61,5912.37,5927.61,5941.61,5903.11,5912.87,51023,5927.36,5941.36,5902.86,5912.62,5922.11,0.10083725191,0.04474276686,5864.89660192458,5874.63081706883,5897.61174718032,5607.13510849711,5738.33640905988,5833.75550912104,5896.03210875882,5675.04155709755,5572.69737079691,0,0,0,0,0,0,0,0,0,0,0,0,0,0,0,0,0,0,75.45616682673,0,1,-1,1,0,0,0,0,gray,0,0,0,1,0,0,0,1,0,0,0,1,+-,-+,-+,+-,green,red,gray
2025-05-28 17:00:00,5912.37,5921.38,5878.84,5914.42,5912.87,5921.88,5880.14,5914.82,67398,5912.62,5921.63,5879.49,5914.62,5900.56,0.09174137827,0.00387514712,5866.59070946885,5881.17633993523,5901.38839774426,5610.35257918815,5741.83174707698,5834.02137649983,5894.96769335097,5674.24783796838,5573.13565294416,0,1,0,1,0,0,0,0,0,0,0,0,0,0,0,0,0,0,62.52411050773,0,0,0,1,0,0,0,0,gray,0,0,0,0,0,0,0,1,0,0,0,1,+-,-+,-+,+-,green,red,gray
2025-05-28 21:00:00,5914.42,5992.1,5906.06,5989.84,5914.82,5992.6,5906.71,5990.34,40186,5914.62,5992.35,5906.385,5990.09,5949.3675,0.10097778607,0.01215321087,5868.31257797124,5886.31054744333,5905.3337181954,5613.76283110738,5745.01698803922,5832.88074777925,5893.94641299725,5673.52812621744,5573.76401646538,0,0,0,0,0,0,0,0,0,0,0,0,0,0,0,0,0,0,213.91778231225,0,0,0,1,0,0,0,0,gray,0,0,0,0,0,0,0,0,0,0,1,2,-+,-+,-+,+-,green,red,gray
2025-05-29 01:00:00,5989.84,5995.1,5973.81,5988.6,5990.34,5995.62,5974.33,5989.1,15300,5990.09,5995.36,5974.07,5988.85,5984.715,0.12428519535,0.04970327863,5872.40314889654,5890.08360401291,5908.68897455632,5617.14701278034,5747.91686098396,5831.28807872692,5892.91403524394,5672.83937889462,5574.48527329548,0,0,0,0,0,0,0,0,0,0,0,0,0,0,0,0,0,0,139.15032679739,0,0,0,1,0,0,0,0,green,1,0,1,0,0,0,0,0,0,1,0,3,--,-+,-+,+-,green,red,gray
2025-05-29 05:00:00,5988.6,5997.35,5974.83,5980.58,5989.1,5997.85,5975.33,5981.08,14808,5988.85,5997.6,5975.08,5980.83,5986.34,0.14704735518,0.08171956171,5876.60252205834,5893.9625285113,5907.06317964506,5620.46086656932,5751.0006453297,5830.70769405848,5891.83982029635,5672.15114121696,5575.23363945315,1,0,1,0,1,0,1,0,1,0,1,0,0,0,0,0,0,0,152.07995678012,0,1,-1,1,0,0,0,0,green,1,0,1,0,0,0,0,0,0,0,1,2,-+,-+,-+,+-,green,red,gray
2025-05-29 09:00:00,5980.58,5984.34,5930.08,5936.1,5981.08,5984.84,5930.58,5936.6,28510,5980.83,5984.59,5930.33,5936.35,5957.46,0.15711952662,0.07887892851,5880.11386651539,5897.48096244738,5915.52404371605,5623.85335683259,5753.39863359644,5830.68952658617,5890.69334862448,5671.36072859371,5575.96028084584,0,0,0,0,0,0,0,0,0,0,0,0,0,0,0,0,0,0,190.31918625044,0,0,0,1,0,0,0,0,gray,0,0,0,0,0,0,0,0,1,0,0,4,++,-+,-+,+-,green,red,gray
2025-05-29 13:00:00,5936.1,5947.1,5873.35,5910.83,5936.6,5947.6,5873.85,5911.33,130148,5936.35,5947.35,5873.6,5911.08,5910.475,0.1573978614,0.048049697,5882.91241524498,5897.86584214146,5929.36223497284,5627.32854383447,5755.1120220765,5831.53218756893,5889.44959968913,5670.55789284867,5576.7808691733,0,1,0,1,0,0,0,0,0,0,0,0,0,0,0,0,0,0,56.66625687679,0,0,0,1,0,0,0,0,gray,0,0,0,1,0,0,0,1,0,0,0,1,+-,-+,-+,+-,green,red,gray
2025-05-29 17:00:00,5910.83,5920.1,5889.08,5906.65,5911.33,5920.6,5889.58,5907.05,74179,5911.08,5920.35,5889.33,5906.85,5904.84,0.13589847402,-0.02027114577,5885.85107561075,5904.30354937378,5940.75778797827,5630.66002087004,5756.90453076602,5832.69403499338,5888.10734610905,5669.88215081928,5577.35938744292,0,0,0,0,0,0,0,0,0,0,0,0,0,0,0,0,0,0,41.81776513569,0,0,0,1,0,0,0,0,gray,0,0,0,0,0,0,0,0,0,1,0,3,--,-+,-+,+-,green,red,gray
2025-05-29 21:00:00,5906.65,5910.02,5893.77,5897.03,5907.05,5910.52,5894.27,5897.53,11704,5906.85,5910.27,5894.02,5897.28,5902.145,0.09891275098,-0.09681372308,5888.64022364069,5914.35498070206,5944.09823038262,5634.22513299509,5758.68363020664,5833.95759278769,5886.72898444829,5669.20819309044,5577.98189169679,0,0,0,0,0,0,0,0,0,0,0,0,0,0,0,0,0,0,138.84142173616,0,0,0,1,0,0,0,0,red,-1,1,0,0,0,0,0,0,0,0,1,2,-+,-+,-+,+-,green,red,gray
2025-05-30 01:00:00,5897.03,5902.53,5880.51,5899.53,5897.53,5903.03,5881.01,5900.03,10286,5897.28,5902.78,5880.76,5899.78,5891.77,0.05657157401,-0.15497044953,5889.55712951448,5923.3531081143,5937.37358430609,5637.53805284908,5760.12242783924,5835.03663417628,5885.350379715,5668.48399483684,5578.63972578223,0,0,0,0,0,0,0,0,0,0,0,0,0,0,0,0,0,0,214.07738673925,1,0,1,1,0,0,0,0,red,-1,1,0,0,0,0,0,0,0,0,1,2,-+,-+,-+,+-,green,red,gray
2025-05-30 05:00:00,5899.53,5912.52,5891.76,5901.53,5900.03,5913.02,5892.26,5902.03,18153,5899.78,5912.77,5892.01,5901.78,5902.39,0.03063055401,-0.15651329602,5894.15792724414,5927.61646960001,5930.86686744488,5640.55818708673,5761.75329278762,5836.35239493581,5883.70623414547,5667.7958446444,5579.32066518652,0,0,0,0,0,0,0,0,0,0,0,0,0,0,0,0,0,0,114.36126260122,0,0,0,1,0,0,0,0,red,-1,1,0,0,0,0,0,1,0,0,0,1,+-,-+,-+,+-,green,red,gray
2025-05-30 09:00:00,5901.53,5912.52,5866.0,5888.77,5902.03,5913.02,5866.53,5889.27,38807,5901.78,5912.77,5866.265,5889.02,5889.5175,0.02020022852,-0.11571487117,5901.12385591767,5925.47378590001,5925.1224939559,5643.38287037789,5763.54546019148,5837.36578037887,5881.893114161,5667.1621500322,5579.94298695606,0,0,0,0,0,0,0,0,0,0,0,0,0,0,0,0,0,0,119.83662741258,0,0,0,1,0,0,0,0,gray,0,0,0,0,0,0,0,0,1,0,0,4,++,-+,-+,+-,green,red,gray
2025-05-30 13:00:00,5888.77,5910.28,5842.77,5854.64,5889.27,5910.78,5843.27,5855.14,134987,5889.02,5910.53,5843.02,5854.89,5876.775,0.00680486618,-0.08591608844,5907.678943924,5922.89456266251,5918.45199516472,5646.15604037364,5765.06463364254,5838.06399272067,5879.83313242582,5666.51834252133,5580.5059176022,0,1,0,1,0,1,0,1,0,1,0,1,0,0,0,0,0,0,50.01222339929,0,0,0,1,0,0,0,0,gray,0,0,0,0,1,0,0,1,0,0,0,1,+-,-+,-+,+-,green,red,gray
2025-05-30 17:00:00,5854.64,5922.28,5850.27,5902.26,5855.14,5922.78,5850.77,5902.76,91893,5854.89,5922.53,5850.52,5902.51,5886.525,-0.00209832349,-0.05881414349,5911.50825592985,5920.3008673297,5915.23959613178,5649.28715227956,5766.53936757632,5839.23828705241,5877.33086947509,5665.83437967789,5581.37877581329,1,0,1,0,1,0,0,0,0,0,0,0,0,0,0,0,0,0,78.36287856529,0,0,0,0,1,-1,0,1,gray,0,0,0,0,1,0,0,0,0,0,1,2,-+,-+,-+,+-,green,red,gray
2025-06-01 21:00:00,5902.26,5902.26,5884.38,5890.88,5902.76,5902.76,5884.88,5891.38,9391,5902.51,5902.51,5884.63,5891.13,5893.57,-0.00443914206,-0.03516068026,5911.42877470447,5916.73450891348,5910.09517690542,5652.7638134899,5767.92583362038,5840.6406903744,5874.78444807065,5665.23961839172,5582.48006903681,0,0,0,0,0,0,0,0,0,0,0,0,0,0,0,0,0,0,190.39505909914,0,0,0,0,1,0,0,0,gray,0,0,0,0,1,0,0,0,0,0,1,2,-+,+-,-+,-+,gray,gray,gray
2025-06-02 01:00:00,5890.88,5895.15,5875.14,5877.89,5891.38,5895.65,5875.64,5878.39,8859,5891.13,5895.4,5875.39,5878.14,5885.395,-0.01693571754,-0.04231650164,5910.92194588105,5914.9414452993,5903.43114152434,5656.31278749563,5768.42245482729,5842.06228771633,5872.12625324818,5664.71472732566,5583.91788105739,0,0,0,0,0,0,0,0,0,0,0,0,0,0,0,0,0,0,225.87199458177,0,0,0,0,1,0,0,0,gray,0,0,0,0,0,0,0,0,0,0,1,2,-+,+-,-+,-+,gray,gray,gray
2025-06-02 05:00:00,5877.89,5885.51,5858.64,5878.52,5878.39,5886.01,5859.14,5879.02,22262,5878.14,5885.76,5858.89,5878.77,5872.325,-0.02972283761,-0.04903862009,5910.2467961979,5911.76345213688,5900.04991321947,5659.69140786085,5768.60986473952,5844.39839690114,5869.63998334566,5664.18590875344,5585.63438882782,0,1,0,0,0,0,0,0,0,0,0,0,0,0,0,0,0,0,120.6989488815,1,0,1,0,1,0,0,0,red,-1,1,0,0,0,0,0,1,0,0,0,1,+-,+-,-+,-+,gray,gray,gray
2025-06-02 09:00:00,5878.52,5892.4,5867.63,5889.88,5879.02,5892.9,5868.13,5890.38,18425,5878.77,5892.65,5867.88,5890.13,5880.265,-0.03245503788,-0.0367582678,5908.82550418267,5907.38989561978,5898.75393057558,5662.94352687365,5769.39068538062,5846.82770875699,5867.44903511398,5663.60577609785,5587.2213027943,0,0,0,0,0,0,0,0,0,0,0,0,0,0,0,0,0,0,134.4369063772,0,0,0,0,1,0,0,0,gray,0,0,0,0,0,0,0,0,0,0,1,2,-+,+-,-+,-+,gray,gray,gray
2025-06-02 13:00:00,5889.88,5913.4,5861.65,5911.65,5890.38,5913.9,5862.15,5912.15,101767,5890.13,5913.65,5861.9,5911.9,5887.775,-0.03544279346,-0.02792865562,5908.33046539939,5904.7817836673,5896.08214446046,5666.17871196496,5770.49430928279,5849.04601144061,5865.27905093596,5663.02324057812,5589.00296041378,0,0,0,0,0,0,0,0,0,0,0,0,0,0,0,0,0,0,50.85145479379,0,0,0,0,1,0,0,0,gray,0,0,0,0,1,0,0,1,0,0,0,1,+-,+-,-+,-+,gray,gray,gray
2025-06-02 17:00:00,5911.65,5946.4,5906.63,5940.4,5912.15,5946.9,5907.13,5940.9,33175,5911.9,5946.65,5906.88,5940.65,5926.765,-0.02582675817,0.00539656053,5906.88331421482,5903.38031070889,5891.33071556837,5669.31580508895,5772.10968547765,5851.02980522177,5863.2857775913,5662.54676744259,5590.7617592998,1,0,1,0,0,0,0,0,0,0,0,0,0,0,0,0,0,0,119.87942727958,0,0,0,0,1,0,0,0,gray,0,0,0,0,0,0,0,0,0,0,1,2,-+,+-,-+,-+,gray,gray,gray
2025-06-02 21:00:00,5940.4,5940.96,5921.98,5925.21,5940.9,5941.73,5922.48,5925.71,6571,5940.65,5941.345,5922.23,5925.46,5931.7875,-0.01035393833,0.03935238418,5904.56729004445,5901.13214687028,5889.1175724547,5672.27023424525,5773.90832755987,5853.09113447995,5861.32842804862,5662.06430277545,5592.41289291577,0,0,0,0,0,0,0,0,0,0,0,0,0,0,0,0,0,0,290.89940648304,0,0,0,0,1,0,0,0,green,1,0,1,0,0,0,0,0,0,0,1,2,-+,+-,-+,-+,gray,gray,gray
2025-06-03 01:00:00,5925.21,5927.71,5912.18,5914.73,5925.71,5928.21,5912.96,5915.23,4888,5925.46,5927.96,5912.57,5914.98,5920.265,0.00673868422,0.06285951675,5903.17942157949,5897.53125351149,5888.84905796376,5675.18938891665,5775.75826705878,5855.12110111289,5859.40233142249,5661.52239589659,5594.04860199274,0,0,0,0,0,0,0,0,0,0,0,0,0,0,0,0,0,0,314.85270049101,0,0,0,1,0,1,1,0,green,1,0,1,0,0,0,0,0,0,0,1,2,-+,+-,-+,-+,gray,gray,gray
2025-06-03 05:00:00,5914.73,5920.21,5900.96,5911.46,5915.23,5920.71,5901.46,5911.96,12330,5914.98,5920.46,5901.21,5911.71,5910.835,0.01692481377,0.06360346748,5902.44023530415,5895.37297182256,5896.432246371,5678.05894634456,5777.48348038499,5856.45753931546,5857.57000428344,5661.03219248072,5595.78368114557,0,1,0,1,0,0,0,0,0,0,0,0,0,0,0,0,0,0,156.12327656123,0,0,0,1,0,0,0,0,green,1,0,1,0,0,0,0,1,0,0,0,1,+-,+-,-+,-+,gray,gray,gray
2025-06-03 09:00:00,5911.46,5935.23,5908.96,5931.71,5911.96,5935.73,5909.46,5932.21,14143,5911.71,5935.48,5909.21,5931.96,5922.345,0.02861848879,0.06092042787,5901.12906335767,5894.42322534474,5903.5032970968,5680.7439020036,5779.34328074162,5859.19018521794,5855.77752416598,5660.42868521686,5597.72546113762,0,0,0,0,0,0,0,0,0,0,0,0,0,0,0,0,0,0,185.7455985293,0,0,0,1,0,0,0,0,gray,0,0,0,0,0,0,0,0,1,0,0,4,++,+-,-+,-+,gray,gray,gray
2025-06-03 13:00:00,5931.71,5978.73,5929.46,5976.98,5932.21,5979.23,5929.96,5977.48,48279,5931.96,5978.98,5929.71,5977.23,5954.345,0.0349363906,0.04692519621,5898.91336617632,5898.46594717664,5906.85563767744,5683.25812782379,5781.00626654632,5862.88209153506,5853.53538219206,5659.64731746914,5599.80115237972,0,0,0,0,0,0,0,0,0,0,0,0,0,0,0,0,0,0,102.05265229189,0,0,0,1,0,0,0,0,gray,0,0,0,1,0,0,0,1,0,0,0,1,+-,+-,-+,-+,gray,gray,gray
2025-06-03 17:00:00,5976.98,5982.73,5959.71,5971.76,5977.48,5983.23,5960.21,5972.16,28715,5977.23,5982.98,5959.96,5971.96,5971.47,0.04462380157,0.04378748685,5897.47887647044,5902.63114127956,5907.65151014196,5685.89033987071,5782.46260715457,5866.51320648991,5851.10644881755,5659.16730752292,5601.8057103493,1,0,0,0,0,0,0,0,0,0,0,0,0,0,0,0,0,0,80.16716002089,0,0,0,1,0,0,0,0,gray,0,0,0,1,0,0,0,0,0,1,0,3,--,+-,-+,-+,gray,gray,gray
2025-06-03 21:00:00,5971.76,5979.88,5971.33,5974.62,5972.16,5980.4,5971.86,5975.12,6250,5971.96,5980.14,5971.595,5974.87,5975.8675,0.06164580776,0.05827648067,5896.73242443426,5904.83537361962,5910.59020811356,5688.10381919801,5784.19946884267,5869.18811218138,5848.61829510716,5658.95104225459,5603.79674708299,0,0,0,0,0,0,0,0,0,0,0,0,0,0,0,0,0,0,136.72,0,0,0,1,0,0,0,0,gray,0,0,0,0,0,0,0,0,0,0,1,2,-+,+-,-+,+-,gray,gray,gray
2025-06-04 01:00:00,5974.62,5976.88,5966.62,5967.86,5975.12,5977.38,5967.12,5968.36,4497,5974.87,5977.13,5966.87,5968.11,5972.0,0.08174289083,0.07538688126,5899.0426225547,5905.58532691717,5919.34116649085,5689.89630437556,5786.06711486371,5870.40243241134,5846.19768291854,5658.78850559255,5605.81003356158,0,0,0,0,0,0,0,0,0,0,0,0,0,0,0,0,0,0,228.15210140094,0,0,0,1,0,0,0,0,green,1,0,1,0,0,0,0,0,0,0,1,2,-+,+-,-+,+-,gray,gray,gray
2025-06-04 05:00:00,5967.86,5987.88,5967.36,5980.62,5968.36,5988.38,5967.86,5981.12,9471,5968.11,5988.13,5967.61,5980.87,5977.87,0.09927852856,0.08355085868,5901.56145928126,5907.68028605252,5929.76693319268,5691.73679533763,5787.93816732073,5871.4153020463,5843.80109755271,5658.63578668443,5607.81145693962,0,0,0,0,0,0,0,0,0,0,0,0,0,0,0,0,0,0,216.6613873931,0,0,0,1,0,0,0,0,green,1,0,1,0,0,0,0,1,0,0,0,1,+-,+-,-+,+-,gray,gray,gray
2025-06-04 09:00:00,5980.62,5988.63,5966.11,5974.0,5981.12,5989.13,5966.61,5974.5,15754,5980.87,5988.88,5966.36,5974.25,5977.62,0.10548304934,0.06459030701,5903.0001931827,5913.51337529596,5938.98704655414,5693.56846055856,5790.36638246036,5872.319116692,5841.55077633905,5658.50679189179,5609.78814821088,0,1,0,0,0,0,0,0,0,0,0,0,0,0,0,0,0,0,142.94782277517,0,1,-1,1,0,0,0,0,gray,0,0,0,0,0,0,0,1,0,0,0,1,+-,+-,-+,+-,gray,gray,gray
2025-06-04 13:00:00,5974.0,5990.63,5966.36,5978.86,5974.5,5991.13,5966.86,5979.36,62979,5974.25,5990.88,5966.61,5979.11,5978.745,0.10534455015,0.03512903332,5903.60287063019,5920.75795338396,5945.58963724332,5695.18923628262,5792.8505391429,5872.89120149518,5839.96429549995,5658.40330780642,5611.71684162608,0,0,0,0,0,0,0,0,0,0,0,0,0,0,0,0,0,0,38.5366550755,0,0,0,1,0,0,0,0,gray,0,0,0,0,0,0,0,1,0,0,0,1,+-,+-,-+,+-,gray,gray,gray
2025-06-04 17:00:00,5978.86,5990.88,5967.37,5968.66,5979.36,5991.38,5967.87,5969.06,24045,5979.11,5991.13,5967.62,5968.86,5979.375,0.10332331239,0.01028726546,5905.0445728894,5927.64664671097,5952.04570979465,5696.92666059405,5795.20325661302,5873.75881321591,5838.98445651984,5658.21415197892,5613.59644689256,1,0,1,0,0,0,0,0,0,0,0,0,0,0,0,0,0,0,97.77500519859,0,1,-1,1,0,0,0,0,red,-1,1,0,0,0,0,0,0,0,0,1,2,-+,+-,-+,+-,gray,gray,gray
2025-06-04 21:00:00,5968.66,5973.35,5964.83,5968.6,5969.06,5973.85,5965.72,5969.1,4457,5968.86,5973.6,5965.275,5968.85,5969.4375,0.09904882036,-0.00826760219,5908.83691343637,5933.1908158721,5957.16056783572,5698.76256890198,5797.40856103824,5874.22230400368,5837.93189827974,5658.01421999618,5615.45723545581,0,0,0,0,0,0,0,0,0,0,0,0,0,0,0,0,0,0,186.78483284722,0,0,0,1,0,0,0,0,red,-1,1,0,0,0,0,0,0,0,0,1,2,-+,+-,-+,++,gray,gray,red
2025-06-05 01:00:00,5968.6,5971.12,5965.35,5970.1,5969.1,5971.62,5965.85,5970.6,3771,5968.85,5971.37,5965.6,5970.35,5968.485,0.09229467647,-0.02111784706,5913.65484317204,5938.77571388808,5961.47745426858,5700.42928161095,5799.65776901936,5874.29738329768,5836.74886274054,5657.95248514641,5617.19787965403,0,0,0,0,0,0,0,0,0,0,0,0,0,0,0,0,0,0,153.00981172102,0,0,0,1,0,0,0,0,red,-1,1,0,0,0,0,0,0,0,1,0,3,--,+-,-+,++,gray,gray,red
2025-06-05 05:00:00,5970.1,5988.86,5964.6,5979.35,5970.6,5989.36,5965.1,5979.85,10133,5970.35,5989.11,5964.85,5979.6,5976.98,0.08869722072,-0.0216942089,5918.4404321588,5943.63124965207,5965.05696341486,5702.0668739524,5801.88417321901,5874.65701908305,5835.48902490833,5657.84112254921,5618.92126243421,0,0,0,0,0,0,0,0,0,0,0,0,0,0,0,0,0,0,239.41577025559,0,0,0,1,0,0,0,0,red,-1,1,0,0,0,0,0,0,1,0,0,4,++,+-,-+,++,gray,gray,red
2025-06-05 09:00:00,5979.35,6002.62,5963.47,5984.12,5979.85,6003.38,5963.97,5984.62,23769,5979.6,6003.0,5963.72,5984.37,5983.36,0.08557382098,-0.01970157375,5922.56039891582,5948.02046844556,5965.93307073189,5703.64808885181,5803.67827916048,5875.21328322766,5833.92036701733,5657.77555979149,5620.82798977842,1,0,1,0,1,0,0,0,0,0,0,0,0,0,0,0,0,0,165.25726786991,0,0,0,1,0,0,0,0,gray,0,0,0,0,0,0,0,1,0,0,0,1,+-,+-,-+,++,gray,gray,red
2025-06-05 13:00:00,5984.12,6000.98,5949.85,5958.1,5984.62,6001.63,5950.35,5958.6,120652,5984.37,6001.305,5950.1,5958.35,5975.7025,0.08245710322,-0.01716738548,5926.8149836146,5951.93978488987,5966.44345658551,5704.67721144898,5806.32717408484,5875.51274548567,5832.32925198545,5657.83607241041,5622.86296901607,0,0,0,0,0,0,0,0,0,0,0,0,0,0,0,0,0,0,42.4402413553,0,0,0,1,0,0,0,0,gray,0,0,0,0,1,0,0,1,0,0,0,1,+-,+-,-+,++,gray,gray,red
2025-06-05 17:00:00,5958.1,5980.37,5921.1,5932.03,5958.6,5980.87,5921.6,5932.43,103962,5958.35,5980.62,5921.35,5932.23,5950.985,0.07688390791,-0.01990231033,5930.72306179809,5954.12699927864,5968.55076526841,5705.50926525292,5809.57058910148,5875.4189882655,5830.75573274942,5657.98272016831,5624.8913858979,0,1,0,1,0,1,0,1,0,0,0,0,0,0,0,0,0,0,57.01121563648,0,0,0,1,0,0,0,0,gray,0,0,0,0,0,0,0,0,0,0,1,2,-+,+-,-+,++,gray,gray,red
2025-06-05 21:00:00,5932.03,5949.43,5922.39,5946.06,5932.43,5949.93,5923.06,5946.56,8323,5932.23,5949.68,5922.725,5946.31,5936.2025,0.06659466329,-0.03225332913,5934.41705704439,5955.92174936881,5971.51261221473,5706.70079036244,5812.78457839054,5875.5615180224,5829.1952798774,5658.03245098304,5626.88575127361,0,0,0,0,0,0,0,0,0,0,0,0,0,0,0,0,0,0,323.86158836958,0,0,0,1,0,0,0,0,red,-1,1,0,0,0,0,0,0,0,0,1,2,-+,+-,-+,-+,gray,gray,gray
2025-06-06 01:00:00,5946.06,5959.19,5943.81,5959.17,5946.56,5959.69,5944.31,5959.67,6542,5946.31,5959.44,5944.06,5959.42,5951.75,0.05651981905,-0.04098274057,5937.87536034867,5958.5540306977,5972.35058977178,5708.08718597634,5815.41504060163,5875.92073808057,5827.76261335253,5658.00398552817,5628.9378814731,0,0,0,0,0,0,0,0,0,0,0,0,0,0,0,0,0,0,235.09630082542,0,0,0,1,0,0,0,0,red,-1,1,0,0,0,0,0,0,0,1,0,3,--,+-,-+,-+,gray,gray,gray
2025-06-06 05:00:00,5959.17,5966.94,5955.79,5962.67,5959.67,5967.44,5956.29,5963.17,13179,5959.42,5967.19,5956.04,5962.92,5961.615,0.04443114798,-0.05024169912,5940.30321724493,5961.65477686049,5968.07747181743,5709.78665579684,5817.14340349978,5877.41615754879,5826.31756000146,5657.96274524694,5631.05043090732,0,0,0,0,0,0,0,0,0,0,0,0,0,0,0,0,0,0,84.60429471128,0,0,0,1,0,0,0,0,red,-1,1,0,0,0,0,0,1,0,0,0,1,+-,+-,-+,-+,gray,gray,gray
2025-06-06 09:00:00,5962.67,5989.69,5954.92,5985.69,5963.17,5990.19,5955.42,5986.19,24120,5962.92,5989.94,5955.17,5985.94,5972.555,0.03901765196,-0.04238770725,5942.47104668762,5963.41074225293,5961.70247745394,5711.59843494519,5818.73788707251,5879.0153146797,5824.88712880782,5657.89670342184,5633.08362235935,0,0,0,0,0,0,0,0,0,0,0,0,0,0,0,0,0,0,144.15422885572,0,0,0,1,0,0,0,0,gray,0,0,0,0,0,0,0,0,1,0,0,4,++,+-,-+,-+,gray,gray,gray
2025-06-06 13:00:00,5985.69,6017.19,5976.92,5984.44,5986.19,6017.69,5977.42,5984.94,76009,5985.94,6017.44,5977.17,5984.69,5997.305,0.05237043188,0.00140004187,5945.12558155781,5961.85752447131,5959.71198196315,5713.44176713681,5820.25438003483,5880.22854071854,5823.62707011072,5657.89562314964,5635.27022914852,1,0,1,0,1,0,0,0,0,0,0,0,0,0,0,0,0,0,52.98056809062,0,1,-1,1,0,0,0,0,gray,0,0,0,0,0,0,1,1,0,0,0,1,+-,+-,-+,-+,gray,gray,gray
2025-06-06 17:00:00,5984.44,6012.94,5979.67,6002.68,5984.94,6013.44,5980.17,6003.18,45408,5984.69,6013.19,5979.92,6002.93,5996.555,0.07093491206,0.04384686128,5948.06669066874,5958.6506464124,5960.09258557052,5715.20809559595,5821.5546640342,5881.1287306974,5822.52341077356,5657.93211189149,5637.31054005721,0,0,0,0,0,0,0,0,0,0,0,0,0,0,0,0,0,0,73.26902748414,0,0,0,1,0,0,0,0,green,1,0,1,0,0,0,0,0,0,0,1,2,-+,+-,-+,-+,gray,gray,gray
2025-06-08 21:00:00,6002.68,6009.76,5989.12,5993.88,6003.18,6010.41,5989.62,5994.38,9389,6002.93,6010.085,5989.37,5994.13,5999.7275,0.08484007899,0.06361407475,5950.19252215576,5957.78806561085,5962.58506845642,5717.05713384768,5823.02439741539,5882.34097391219,5821.4236669784,5657.89281098209,5639.17873075125,0,0,0,0,0,0,0,0,0,0,0,0,0,0,0,0,0,0,220.63052508254,0,0,0,1,0,0,0,0,green,1,0,1,0,0,0,0,0,0,0,1,2,-+,-+,-+,--,gray,gray,gray
2025-06-09 01:00:00,5993.88,5994.88,5986.62,5992.63,5994.38,5995.38,5987.12,5993.13,5085,5994.13,5995.13,5986.87,5992.88,5991.0,0.09081349444,0.05569133967,5950.25348198994,5958.26643240949,5969.52905476514,5718.78466605164,5824.23336291693,5884.45873938536,5820.38350473177,5657.82168303796,5640.93412150993,0,0,0,0,0,0,0,0,0,0,0,0,0,0,0,0,0,0,162.43854473943,0,0,0,1,0,0,0,0,gray,0,0,0,0,0,0,0,0,0,1,0,3,--,-+,-+,--,gray,gray,gray
2025-06-09 05:00:00,5992.63,6009.88,5988.75,6008.64,5993.13,6010.38,5989.25,6009.14,10615,5992.88,6010.13,5989.0,6008.89,5999.565,0.09451154433,0.0379398846,5949.17263722148,5960.05250335831,5974.93424381211,5720.38377092746,5825.18866540935,5887.01789410932,5819.36288535583,5657.6789290335,5642.66509983277,0,0,0,0,0,0,0,0,0,0,0,0,0,0,0,0,0,0,199.05793688177,0,0,0,1,0,0,0,0,gray,0,0,0,1,0,0,0,0,1,0,0,4,++,-+,-+,--,gray,gray,gray
2025-06-09 09:00:00,6008.64,6013.89,6000.62,6007.62,6009.14,6014.39,6001.12,6008.12,10254,6008.89,6014.14,6000.87,6007.87,6007.505,0.09137587405,0.0117068754,5949.37089589675,5964.70906543852,5979.89289504969,5722.1546274339,5826.30387149282,5889.63111781198,5818.29277160157,5657.47950229945,5644.62454358393,0,0,0,0,0,0,0,0,0,0,0,0,0,0,0,0,0,0,129.41291203433,0,0,0,1,0,0,0,0,gray,0,0,0,0,0,0,0,0,0,1,0,3,--,-+,-+,--,gray,gray,gray
2025-06-09 13:00:00,6007.62,6013.75,5994.37,6005.63,6008.12,6014.25,5994.87,6006.13,30639,6007.87,6014.0,5994.62,6005.88,6004.31,0.08785228454,-0.00486047132,5950.31275005854,5968.6898072587,5982.11431603975,5724.00592375486,5827.52689201113,5892.05373199398,5817.21971385196,5657.32216537971,5646.80569258682,0,0,0,0,0,0,0,0,0,0,0,0,0,0,0,0,0,0,63.25271712523,0,0,0,1,0,0,0,0,red,-1,1,0,0,0,0,0,1,0,0,0,1,+-,-+,-+,--,gray,gray,gray
