Date,BidOpen,BidHigh,BidLow,BidClose,AskOpen,AskHigh,AskLow,AskClose,Volume,Open,High,Low,Close,Median,ao,ac,jaw,teeth,lips,bjaw,bteeth,blips,tjaw,tteeth,tlips,fh,fl,fh3,fl3,fh5,fl5,fh8,fl8,fh13,fl13,fh21,fl21,fh34,fl34,fh55,fl55,fh89,fl89,mfi,fdbb,fdbs,fdb,aoaz,aobz,zlc,zlcb,zlcs,zcol,zone_sig,sz,bz,acs,acb,ss,sb,mfi_sq,mfi_green,mfi_fade,mfi_fake,mfi_sig,mfi_str,mfi_str_D1,mfi_str_W1,mfi_str_M1,zcol_D1,zcol_W1,zcol_M1
2025-03-26 13:00:00,1.42676,1.42711,1.42351,1.42657,1.4268,1.42714,1.42352,1.42659,55311,1.42678,1.427125,1.423515,1.42658,1.42532,-0.22637786071,-0.18240318865,1.43325354798,1.43179384839,1.43006655554,1.43517238762,1.43578827845,1.43525105372,1.42152318948,1.42538781512,1.43146061144,0,1,0,1,0,1,0,1,0,1,0,1,0,0,0,0,0,0,0.00652673067,1,0,1,0,1,0,0,0,gray,0,0,0,0,0,0,0,1,0,0,0,1,+-,+-,--,+-,red,gray,green
2025-03-26 17:00:00,1.42657,1.42977,1.42633,1.42658,1.42659,1.42979,1.42637,1.42669,39253,1.42658,1.42978,1.42635,1.426635,1.428065,-0.22102325217,-0.09088149809,1.43303269813,1.43132117984,1.42930174443,1.43526769787,1.43571840066,1.4352221992,1.42165515052,1.42535914424,1.43149152733,0,0,0,0,0,0,0,0,0,0,0,0,0,0,0,0,0,0,0.00873818562,0,0,0,0,1,0,0,0,gray,0,0,0,0,0,0,0,0,0,0,1,2,-+,+-,--,+-,red,gray,green
2025-03-26 21:00:00,1.42658,1.43162,1.42603,1.42874,1.42669,1.43168,1.42653,1.42877,26872,1.426635,1.43165,1.42628,1.428755,1.428965,-0.21200433222,-0.0156324064,1.43274325982,1.43096040736,1.42861289554,1.43535974621,1.43565983883,1.4352300757,1.42179916868,1.42533419084,1.43148460701,1,0,1,0,0,0,0,0,0,0,0,0,0,0,0,0,0,0,0.01998362608,0,0,0,0,1,0,0,0,green,1,0,1,0,0,0,0,0,0,0,1,2,-+,+-,--,+-,red,gray,green
2025-03-27 01:00:00,1.42874,1.42874,1.42594,1.42651,1.42877,1.42879,1.426,1.42655,32665,1.428755,1.428765,1.42597,1.42653,1.4273675,-0.19600495905,0.05200541258,1.43245935521,1.43037066894,1.42795431643,1.43543896254,1.43560015994,1.43520985288,1.42193060325,1.42532256341,1.43147499168,0,1,0,0,0,0,0,0,0,0,0,0,0,0,0,0,0,0,0.00855655901,0,0,0,0,1,0,0,0,green,1,0,1,0,0,0,0,1,0,0,0,1,+-,+-,--,+-,red,gray,green
2025-03-27 05:00:00,1.42651,1.43059,1.42624,1.42836,1.42655,1.43064,1.42628,1.4284,41219,1.42653,1.430615,1.42626,1.42838,1.4284375,-0.16820636411,0.12440140713,1.43211728943,1.42980652282,1.42797645315,1.43551403038,1.43555088431,1.43521279839,1.42204367857,1.42530452665,1.43146302993,0,0,0,0,0,0,0,0,0,0,0,0,0,0,0,0,0,0,0.0105655159,0,0,0,0,1,0,0,0,green,1,0,1,0,0,0,0,0,1,0,0,4,++,+-,--,+-,red,gray,green
2025-03-27 09:00:00,1.42836,1.42979,1.42756,1.42969,1.4284,1.42981,1.42759,1.42975,38076,1.42838,1.4298,1.427575,1.42972,1.4286875,-0.13446487405,0.17672411752,1.4318340364,1.42924570747,1.42817416252,1.43555530532,1.43549518641,1.43518124549,1.42214770728,1.42527737203,1.43145523111,0,0,0,0,0,0,0,0,0,0,0,0,0,0,0,0,0,0,0.00584357601,0,0,0,0,1,0,0,0,green,1,0,1,0,0,0,0,0,0,1,0,3,--,+-,--,+-,red,gray,green
2025-03-27 13:00:00,1.42969,1.43289,1.42923,1.43154,1.42975,1.43294,1.42926,1.43156,65068,1.42972,1.432915,1.429245,1.43155,1.43108,-0.10638761704,0.1942689213,1.43140391821,1.42909811904,1.42801283001,1.43557190301,1.43544609211,1.43515017945,1.42221924519,1.42525482966,1.43144488229,1,0,1,0,0,0,0,0,0,0,0,0,0,0,0,0,0,0,0.00564025327,0,0,0,0,1,0,0,0,green,1,0,1,0,0,0,0,1,0,0,0,1,+-,+-,--,+-,red,gray,green
2025-03-27 17:00:00,1.43154,1.43214,1.42996,1.43049,1.43156,1.4322,1.42998,1.43057,31842,1.43155,1.43217,1.42997,1.43053,1.43107,-0.08423177101,0.18269078015,1.43097727066,1.42908147916,1.42809776401,1.43559988725,1.4354250268,1.43510892417,1.42227292756,1.42523884327,1.43145918866,0,0,0,0,0,0,0,0,0,0,0,0,0,0,0,0,0,0,0.00690911375,0,0,0,0,1,0,0,0,gray,0,0,0,0,0,0,0,0,0,0,1,2,-+,+-,--,+-,red,gray,green
2025-03-27 21:00:00,1.43049,1.43156,1.42981,1.43107,1.43057,1.43203,1.43057,1.43111,10776,1.43053,1.431795,1.43019,1.43109,1.4309925,-0.04533913995,0.21253141227,1.43054209599,1.42886723176,1.42821571121,1.43561918627,1.43545579904,1.43504969111,1.42234014791,1.42522777527,1.43150586096,0,0,0,0,0,0,0,0,0,0,0,0,0,0,0,0,0,0,0.01489420935,0,0,0,0,1,0,0,0,gray,0,0,0,0,0,0,0,0,0,0,1,2,-+,--,--,+-,red,gray,green
2025-03-28 01:00:00,1.43107,1.43157,1.43076,1.43132,1.43111,1.43161,1.4308,1.43138,22582,1.43109,1.43159,1.43078,1.43135,1.431185,-0.01571881544,0.2095431299,1.43035155015,1.42881351529,1.42878856897,1.43563745384,1.43546460269,1.43495058255,1.42240195787,1.42522145435,1.43155333762,0,0,0,0,0,0,0,0,0,0,0,0,0,0,0,0,0,0,0.00358692764,0,0,0,0,1,0,0,0,gray,0,0,0,0,0,0,0,1,0,0,0,1,+-,--,--,+-,red,gray,green
2025-03-28 05:00:00,1.43132,1.43324,1.43105,1.43214,1.43138,1.4333,1.4311,1.4322,26607,1.43135,1.43327,1.431075,1.43217,1.4321725,0.01458710622,0.21123122314,1.43024489244,1.42879776338,1.42924485517,1.43565321278,1.43540988265,1.43485571247,1.42245172721,1.42522772493,1.43159692555,0,0,0,0,0,0,0,0,0,0,0,0,0,0,0,0,0,0,0.00824970872,0,1,-1,1,0,1,1,0,gray,0,0,0,0,0,0,0,0,1,0,0,4,++,--,--,+-,red,gray,green
2025-03-28 09:00:00,1.43214,1.43331,1.43083,1.43115,1.4322,1.43334,1.43086,1.43118,28462,1.43217,1.433325,1.430845,1.431165,1.432085,0.02351124316,0.15312826796,1.43002355456,1.42908304296,1.42959438414,1.43564739017,1.4353535666,1.4347734121,1.42248534332,1.42522811023,1.43163866565,1,0,1,0,1,0,0,0,0,0,0,0,0,0,0,0,0,0,0.00871337222,0,1,-1,1,0,0,0,0,gray,0,0,0,0,0,0,0,0,1,0,0,4,++,--,--,+-,red,gray,green
2025-03-28 13:00:00,1.43115,1.43266,1.42763,1.42935,1.43118,1.43269,1.42767,1.42938,75431,1.431165,1.432675,1.42765,1.429365,1.4301625,0.0185781031,0.06627477302,1.42990155036,1.42933141259,1.42991250731,1.43560014421,1.43530041084,1.43468537057,1.42251170845,1.42523127285,1.43167058464,0,1,0,1,0,1,0,0,0,0,0,0,0,0,0,0,0,0,0.00666171733,0,0,0,1,0,0,0,0,gray,0,0,0,0,0,0,0,1,0,0,0,1,+-,--,--,+-,red,gray,green
2025-03-28 17:00:00,1.42935,1.43241,1.42924,1.43119,1.42938,1.43281,1.42928,1.43256,33108,1.429365,1.43261,1.42926,1.431875,1.430935,0.0205609638,0.02812972099,1.42980816188,1.42953904851,1.43036450585,1.43552031113,1.4352566761,1.43461999202,1.42253863363,1.42523354206,1.43170754239,0,0,0,0,0,0,0,0,0,0,0,0,0,0,0,0,0,0,0.01011840039,0,0,0,1,0,0,0,0,gray,0,0,0,0,0,0,0,0,0,0,1,2,-+,--,--,+-,red,gray,green
2025-03-30 17:00:00,1.43119,1.43119,1.42997,1.43064,1.43256,1.43256,1.43115,1.43159,34,1.431875,1.431875,1.43056,1.431115,1.4312175,0.02469792653,0.01468567928,1.42990599558,1.42974479245,1.43070860468,1.43544977393,1.43523873653,1.43449535991,1.42256682028,1.42524718566,1.43175724695,0,0,0,0,0,0,0,0,0,0,0,0,0,0,0,0,0,0,3.86764705882,0,0,0,1,0,0,0,0,gray,0,0,0,1,0,0,0,0,0,0,1,2,-+,-+,++,+-,gray,gray,green
2025-03-30 21:00:00,1.43064,1.43293,1.43026,1.43087,1.43159,1.433,1.43056,1.43091,26175,1.431115,1.432965,1.43041,1.43089,1.4316875,0.02533550028,0.00953443327,1.42999553438,1.43004825589,1.43059938374,1.43538657422,1.43524330496,1.43434167285,1.42258964038,1.42526725139,1.43183195357,0,0,0,0,0,0,0,0,0,0,0,0,0,0,0,0,0,0,0.00976122254,0,0,0,1,0,0,0,0,gray,0,0,0,1,0,0,0,1,0,0,0,1,+-,+-,++,+-,gray,gray,green
2025-03-31 01:00:00,1.43087,1.43203,1.42992,1.43155,1.43091,1.43208,1.42996,1.43161,34138,1.43089,1.432055,1.42994,1.43158,1.4309975,0.02046997211,-0.0049687029,1.43007222404,1.43030284891,1.43066650699,1.43531509586,1.43523056305,1.43418610894,1.42260482038,1.42528996705,1.43192457889,0,1,0,0,0,0,0,0,0,0,0,0,0,0,0,0,0,0,0.00619544203,0,0,0,1,0,0,0,0,gray,0,0,0,0,0,0,0,1,0,0,0,1,+-,+-,++,+-,gray,gray,green
2025-03-31 05:00:00,1.43155,1.43487,1.43092,1.43481,1.43161,1.4349,1.43099,1.43487,43223,1.43158,1.434885,1.430955,1.43484,1.43292,0.04718740877,0.06655633715,1.43015782219,1.43028530529,1.4307767056,1.43523422399,1.43523200736,1.43400453221,1.42262058346,1.4253177247,1.43200388737,0,0,0,0,0,0,0,0,0,0,0,0,0,0,0,0,0,0,0.00909238137,0,0,0,1,0,0,0,0,gray,0,0,0,0,0,0,0,0,1,0,0,4,++,+-,++,+-,gray,gray,green
2025-03-31 09:00:00,1.43481,1.43807,1.4341,1.43787,1.43487,1.43812,1.43413,1.43789,33412,1.43484,1.438095,1.434115,1.43788,1.436105,0.08913331674,0.16273158543,1.43031279741,1.43036651713,1.43095886448,1.43517049676,1.43521215268,1.43384072244,1.42264215353,1.4253486894,1.43208167288,0,0,0,0,0,0,0,0,0,0,0,0,0,0,0,0,0,0,0.01191188794,0,0,0,1,0,0,0,0,green,1,0,1,0,0,0,0,0,0,0,1,2,-+,+-,++,+-,gray,gray,green
2025-03-31 13:00:00,1.43787,1.43954,1.43604,1.43757,1.43789,1.43958,1.43606,1.43761,74310,1.43788,1.43956,1.43605,1.43759,1.437805,0.14109336633,0.2604382154,1.43044912068,1.43047288999,1.43096659158,1.43511911477,1.43519238627,1.43361724531,1.42266663057,1.42538727872,1.43215619251,0,0,0,0,0,0,0,0,0,0,0,0,0,0,0,0,0,0,0.00472345579,0,1,-1,1,0,0,0,0,green,1,0,1,0,0,0,0,1,0,0,0,1,+-,+-,++,+-,gray,gray,green
2025-03-31 17:00:00,1.43757,1.43958,1.43714,1.43868,1.43761,1.43961,1.43718,1.43887,35949,1.43759,1.439595,1.43716,1.438775,1.4383775,0.19273368121,0.32230569169,1.43042707294,1.43062471624,1.43135727327,1.43506050112,1.43516611561,1.4333890175,1.42269492201,1.42542112087,1.43221755576,0,0,0,0,0,0,0,0,0,0,0,0,0,0,0,0,0,0,0.00677348466,0,0,0,1,0,0,0,0,green,1,0,1,0,0,0,0,0,0,0,1,2,-+,+-,++,+-,gray,gray,green
2025-03-31 21:00:00,1.43868,1.43959,1.43783,1.43913,1.43887,1.43966,1.43873,1.43917,16251,1.438775,1.439625,1.43828,1.43915,1.4389525,0.25369369415,0.3710731167,1.43046614425,1.43067131421,1.43230681861,1.43501010223,1.43512845896,1.43315169346,1.42272858932,1.42545577271,1.4323142394,0,0,0,0,0,0,0,0,0,0,0,0,0,0,0,0,0,0,0.00827641376,0,0,0,1,0,0,0,0,green,1,0,1,0,0,0,0,0,0,0,1,2,-+,-+,++,++,green,gray,gray
2025-04-01 01:00:00,1.43913,1.44006,1.43728,1.43741,1.43917,1.4401,1.43732,1.43743,26561,1.43915,1.44008,1.4373,1.43742,1.43869,0.29442006064,0.34136637823,1.43052394085,1.43095239993,1.43340645489,1.43497566288,1.43506575971,1.43300208483,1.42276194187,1.42549443892,1.43239672732,0,0,0,0,0,0,0,0,0,0,0,0,0,0,0,0,0,0,0.0104664734,0,1,-1,1,0,0,0,0,gray,0,0,0,0,0,0,0,0,1,0,0,4,++,-+,++,++,green,gray,gray
2025-04-01 05:00:00,1.43741,1.4404,1.43734,1.43817,1.43743,1.44044,1.43737,1.43822,32956,1.43742,1.44042,1.437355,1.438195,1.4388875,0.30928014195,0.24199619501,1.4306134454,1.43159647494,1.43440066391,1.43494781836,1.43500501862,1.43288334704,1.42278819003,1.42553708081,1.43247173269,0,0,0,0,0,0,0,0,0,0,0,0,0,0,0,0,0,0,0.00930027916,0,1,-1,1,0,0,0,0,gray,0,0,0,1,0,0,0,1,0,0,0,1,+-,-+,++,++,green,gray,gray
2025-04-01 09:00:00,1.43817,1.44042,1.43662,1.4395,1.43822,1.44047,1.43665,1.43953,42260,1.438195,1.440445,1.436635,1.439515,1.43854,0.30740407011,0.12229182874,1.43064298806,1.43237254058,1.43531103113,1.43491893837,1.43495142737,1.43272111624,1.4228100516,1.42557311266,1.43255146024,0,0,0,0,0,0,0,0,0,0,0,0,0,0,0,0,0,0,0.00901561761,0,0,0,1,0,0,0,0,gray,0,0,0,0,0,0,0,1,0,0,0,1,+-,-+,++,++,green,gray,gray
2025-04-01 13:00:00,1.4395,1.44152,1.43054,1.43204,1.43953,1.44154,1.43057,1.43208,88850,1.439515,1.44153,1.430555,1.43206,1.4360425,0.28195103889,-0.0252051565,1.43081814282,1.4331231605,1.4359868249,1.43489614131,1.43489376506,1.43259512753,1.42283172255,1.42562659715,1.43264438412,1,0,1,0,1,0,1,0,1,0,1,0,1,0,1,0,0,0,0.01235227912,0,0,0,1,0,0,0,0,red,-1,1,0,0,0,0,0,0,1,0,0,4,++,-+,++,++,green,gray,gray
2025-04-01 17:00:00,1.43204,1.4344,1.4298,1.43026,1.43208,1.43443,1.42987,1.43035,40221,1.43206,1.434415,1.429835,1.430305,1.432125,0.22370434776,-0.20319975684,1.43122482415,1.43385182794,1.43656695992,1.43486907793,1.43484956024,1.43248019731,1.42285445671,1.42569806025,1.4326999266,0,0,0,0,0,0,0,0,0,0,0,0,0,0,0,0,0,0,0.01138708635,0,0,0,1,0,0,0,0,red,-1,1,0,0,0,0,0,0,0,1,0,3,--,-+,++,++,green,gray,gray
2025-04-01 21:00:00,1.43026,1.43076,1.42887,1.43044,1.43035,1.43093,1.42891,1.43049,17821,1.430305,1.430845,1.42889,1.430465,1.4298675,0.14853762443,-0.35987340808,1.43173099152,1.43445659945,1.43696156794,1.43484577368,1.43476834096,1.43243901504,1.42287749528,1.42577410935,1.43275277433,0,1,0,1,0,0,0,0,0,0,0,0,0,0,0,0,0,0,0.01097020369,1,0,1,1,0,0,0,0,red,-1,1,0,0,0,0,0,0,0,1,0,3,--,++,++,++,gray,gray,gray
2025-04-02 01:00:00,1.43044,1.4308,1.42923,1.43059,1.43049,1.43092,1.42929,1.43064,24134,1.430465,1.43086,1.42926,1.430615,1.43006,0.07167870832,-0.45982049641,1.4322422614,1.43501046202,1.43677775435,1.43483950094,1.43466837113,1.43239874989,1.42290061201,1.42585179558,1.43278447381,0,0,0,0,0,0,0,0,0,0,0,0,0,0,0,0,0,0,0.00662965111,0,0,0,1,0,0,0,0,red,-1,1,0,0,0,0,0,1,0,0,0,1,+-,++,++,++,gray,gray,gray
2025-04-02 05:00:00,1.43059,1.43177,1.42931,1.43033,1.43064,1.43182,1.42935,1.43036,31083,1.430615,1.431795,1.42933,1.430345,1.4305625,0.00121448638,-0.49125149231,1.4327584336,1.43545165426,1.43584720348,1.43486509644,1.43456626438,1.4323573896,1.42292206927,1.42593184152,1.43281114413,0,0,0,0,0,0,0,0,0,0,0,0,0,0,0,0,0,0,0.00793037995,0,0,0,1,0,0,0,0,red,-1,1,0,0,0,0,0,0,1,0,0,4,++,++,++,++,gray,gray,gray
2025-04-02 09:00:00,1.43033,1.43323,1.42993,1.43213,1.43036,1.43327,1.42997,1.43216,36848,1.430345,1.43325,1.42995,1.432145,1.4316,-0.04149663647,-0.41637824999,1.43321470794,1.43552550998,1.43465126278,1.43487717401,1.43444710503,1.43232290755,1.42293747492,1.4260098701,1.43284526813,0,0,0,0,0,0,0,0,0,0,0,0,0,0,0,0,0,0,0.00895570994,0,0,0,0,1,-1,0,1,gray,0,0,0,0,0,0,0,0,1,0,0,4,++,++,++,++,gray,gray,gray
2025-04-02 13:00:00,1.43213,1.43348,1.42957,1.43206,1.43216,1.43351,1.42962,1.43209,65261,1.432145,1.433495,1.429595,1.432075,1.431545,-0.0504112951,-0.2599831492,1.43365107656,1.43510044623,1.43373301023,1.43484995857,1.43433779403,1.4323184838,1.42296169913,1.4260797419,1.43288950238,0,0,0,0,0,0,0,0,0,0,0,0,0,0,0,0,0,0,0.00597600405,1,0,1,0,1,0,0,0,gray,0,0,0,0,1,0,0,1,0,0,0,1,+-,++,++,++,gray,gray,gray
2025-04-02 17:00:00,1.43206,1.43661,1.42269,1.42323,1.43209,1.43677,1.42294,1.42449,98158,1.432075,1.43669,1.422815,1.42386,1.4297525,-0.05583541119,-0.13921495269,1.43402714759,1.43444632795,1.43309890818,1.4348214478,1.43419060686,1.43231161663,1.42299411504,1.42614978592,1.43292719681,1,0,1,0,1,0,0,0,0,0,0,0,0,0,0,0,0,0,0.01413537358,0,0,0,0,1,0,0,0,gray,0,0,0,0,1,0,0,0,1,0,0,4,++,++,++,++,gray,gray,gray
2025-04-02 21:00:00,1.42323,1.4319,1.42149,1.4254,1.42449,1.43198,1.42157,1.42547,99571,1.42386,1.43194,1.42153,1.425435,1.426735,-0.08551829249,-0.13323106901,1.4341821747,1.43389803696,1.43279912655,1.4347945776,1.43403909583,1.43224840732,1.42302526461,1.42623221174,1.432977876,0,0,0,0,0,0,0,0,0,0,0,0,0,0,0,0,0,0,0.01045485131,0,0,0,0,1,0,0,0,gray,0,0,0,0,1,0,0,1,0,0,0,1,+-,++,++,++,red,gray,gray
2025-04-03 01:00:00,1.4254,1.42583,1.42375,1.42555,1.42547,1.42591,1.42382,1.42561,73449,1.425435,1.42587,1.423785,1.42558,1.4248275,-0.134180525,-0.2067580559,1.43402393049,1.43348109484,1.43254830124,1.43477323403,1.43388056681,1.43220977769,1.42305364587,1.42631391898,1.43305120672,0,0,0,0,0,0,0,0,0,0,0,0,0,0,0,0,0,0,0.00283870441,0,0,0,0,1,0,0,0,gray,0,0,0,0,0,0,0,0,0,1,0,3,--,++,++,++,red,gray,gray
2025-04-03 05:00:00,1.42555,1.42557,1.41169,1.41312,1.42561,1.42562,1.41174,1.41315,91834,1.42558,1.425595,1.411715,1.413135,1.418655,-0.23353334656,-0.41437931683,1.43370420507,1.43324595799,1.43198914099,1.43476757971,1.43377482923,1.43218059305,1.42308158049,1.42639045796,1.43312484417,0,0,0,0,0,0,0,0,0,0,0,0,0,0,0,0,0,0,0.01511422785,0,0,0,0,1,0,0,0,red,-1,1,0,0,0,0,0,0,1,0,0,4,++,++,++,++,red,gray,gray
2025-04-03 09:00:00,1.41312,1.41597,1.40692,1.40819,1.41315,1.416,1.40696,1.40824,107391,1.413135,1.415985,1.40694,1.408215,1.4114625,-0.38399633,-0.69967439303,1.4334238816,1.43303333824,1.43093831279,1.4347756968,1.43368737779,1.43216609031,1.4231075511,1.42646690449,1.43319661609,0,0,0,0,0,0,0,0,0,0,0,0,0,0,0,0,0,0,0.00842249351,0,0,0,0,1,0,0,0,red,-1,1,0,0,0,0,0,1,0,0,0,1,+-,++,++,++,red,gray,gray
2025-04-03 13:00:00,1.40819,1.40906,1.40255,1.40611,1.40824,1.40912,1.40275,1.40614,152712,1.408215,1.40909,1.40265,1.406125,1.40587,-0.56206644669,-0.96138825757,1.43320377533,1.43262323346,1.42971615023,1.43477307661,1.43357247092,1.43213172001,1.42312960004,1.42654187485,1.43326059792,0,1,0,1,0,1,0,1,0,1,0,1,0,0,0,0,0,0,0.00421708838,1,0,1,0,1,0,0,0,red,-1,1,0,0,0,0,0,1,0,0,0,1,+-,++,++,++,red,gray,gray
2025-04-03 17:00:00,1.40611,1.41042,1.40605,1.40953,1.40614,1.41047,1.40608,1.40984,48011,1.406125,1.410445,1.406065,1.409685,1.408255,-0.69537117661,-1.0,1.43308040799,1.43188720428,1.42750392019,1.43477910946,1.43347910782,1.43215490472,1.42315522444,1.42660836895,1.43332212155,0,0,0,0,0,0,0,0,0,0,0,0,0,0,0,0,0,0,0.00912290933,0,0,0,0,1,0,0,0,red,-1,1,0,0,0,0,0,0,0,0,1,2,-+,++,++,++,red,gray,gray
2025-04-03 21:00:00,1.40953,1.40975,1.40611,1.40638,1.40984,1.41032,1.40619,1.40645,28426,1.409685,1.410035,1.40615,1.406415,1.4080925,-0.81315866298,-0.93865216884,1.43296229969,1.43100474124,1.42429563615,1.43477192845,1.43339198767,1.43227108399,1.42318267743,1.42666332231,1.43336285334,0,0,0,0,0,0,0,0,0,0,0,0,0,0,0,0,0,0,0.01366706536,0,0,0,0,1,0,0,0,gray,0,0,0,0,0,0,0,0,0,0,1,2,-+,+-,++,++,red,gray,gray
2025-04-04 01:00:00,1.40638,1.41034,1.40532,1.41013,1.40645,1.41037,1.40543,1.41015,55517,1.406415,1.410355,1.405375,1.41014,1.407865,-0.87654575303,-0.71648471912,1.43271539202,1.42946102359,1.42061050892,1.43476465959,1.43334995153,1.43243384623,1.42320941436,1.42675160204,1.433388337,0,1,0,0,0,0,0,0,0,0,0,0,0,0,0,0,0,0,0.00897022534,1,0,1,0,1,0,0,0,gray,0,0,0,0,1,0,0,1,0,0,0,1,+-,+-,++,++,red,gray,gray
2025-04-04 05:00:00,1.41013,1.41637,1.4082,1.41321,1.41015,1.41646,1.40824,1.41323,76903,1.41014,1.416415,1.40822,1.41322,1.4123175,-0.84549926006,-0.29628167435,1.43225536186,1.42721120814,1.41813940714,1.43475323083,1.43330849787,1.43260865957,1.42323460159,1.42684747499,1.43342079646,0,0,0,0,0,0,0,0,0,0,0,0,0,0,0,0,0,0,0.01065628129,0,0,0,0,1,0,0,0,gray,0,0,0,0,0,0,0,0,1,0,0,4,++,+-,++,++,red,gray,gray
2025-04-04 09:00:00,1.41321,1.42419,1.41313,1.42084,1.41323,1.42425,1.41315,1.42089,202751,1.41322,1.42422,1.41314,1.420865,1.41868,-0.71985426163,0.23925589573,1.43168398787,1.42454355712,1.41613002571,1.43473459902,1.43326638882,1.43279524311,1.42325620079,1.42694850514,1.4334478569,0,0,0,0,0,0,0,0,0,0,0,0,0,0,0,0,0,0,0.00546483125,0,0,0,0,1,0,0,0,green,1,0,1,0,0,0,0,1,0,0,0,1,+-,+-,++,++,red,gray,gray
2025-04-04 13:00:00,1.42084,1.42361,1.41785,1.42109,1.42089,1.42367,1.41792,1.42113,226353,1.420865,1.42364,1.417885,1.42111,1.4207625,-0.59919737742,0.58476781076,1.43068175804,1.42250748748,1.41447702057,1.43470027769,1.43322854539,1.43296861832,1.42327247081,1.4270287798,1.43347422595,0,0,0,0,0,0,0,0,0,0,0,0,0,0,0,0,0,0,0.00254248894,0,0,0,0,1,0,0,0,green,1,0,1,0,0,0,0,1,0,0,0,1,+-,+-,++,++,red,gray,gray
2025-04-04 17:00:00,1.42109,1.42592,1.42016,1.42259,1.42113,1.42598,1.42017,1.42395,127208,1.42111,1.42595,1.420165,1.42327,1.4230575,-0.45907395729,0.8208722547,1.42920335357,1.42070561405,1.41404511645,1.4346668476,1.43320934456,1.43314270307,1.42328735152,1.42709872066,1.43349898827,0,0,0,0,0,0,0,0,0,0,0,0,0,0,0,0,0,0,0.00454766996,0,0,0,0,1,0,0,0,green,1,0,1,0,0,0,0,0,0,0,1,2,-+,+-,++,++,red,gray,gray
2025-04-06 17:00:00,1.42259,1.4264,1.42039,1.42638,1.42395,1.4276,1.42111,1.42701,355,1.42327,1.427,1.42075,1.426695,1.423875,-0.31111387737,0.93967552962,1.42740848022,1.41910053729,1.41497209316,1.43463752909,1.43318890193,1.4333014471,1.42330224582,1.42719325404,1.43351034947,1,0,1,0,0,0,0,0,0,0,0,0,0,0,0,0,0,0,1.76056338028,0,0,0,0,1,0,0,0,green,1,0,1,0,0,0,0,0,0,0,1,2,-+,-+,+-,++,red,red,gray
2025-04-06 21:00:00,1.42638,1.42682,1.42047,1.42302,1.42701,1.42715,1.42064,1.4231,121280,1.426695,1.426985,1.420555,1.42306,1.42377,-0.20461631203,0.86582220387,1.42593513559,1.41825265763,1.41613017453,1.43460542202,1.43313387644,1.4333820663,1.42331998522,1.42727242463,1.4334959894,0,0,0,0,0,0,0,0,0,0,0,0,0,0,0,0,0,0,0.005301781,0,0,0,0,1,0,0,0,gray,0,0,0,0,0,0,0,1,0,0,0,1,+-,+-,+-,++,red,red,gray
2025-04-07 01:00:00,1.42302,1.42535,1.42122,1.42161,1.4231,1.4254,1.4213,1.42166,115553,1.42306,1.425375,1.42126,1.421635,1.4233175,-0.15513641804,0.64962227784,1.42456262516,1.41830607542,1.41751563962,1.43458134424,1.43309389687,1.43334509376,1.42334161656,1.42733261808,1.43346126031,0,0,0,0,0,0,0,0,0,0,0,0,0,0,0,0,0,0,0.00356113645,0,0,0,0,1,0,0,0,gray,0,0,0,1,0,0,0,0,0,1,0,3,--,+-,+-,++,red,red,gray
2025-04-07 05:00:00,1.42161,1.4269,1.41958,1.42498,1.42166,1.42694,1.41963,1.42503,154423,1.421635,1.42692,1.419605,1.425005,1.4232625,-0.12359894905,0.43301851822,1.42327819245,1.4186131285,1.4187875117,1.43453416622,1.43305978056,1.43324281159,1.42335903933,1.42740189869,1.43343196336,0,0,0,0,0,0,0,0,0,0,0,0,0,0,0,0,0,0,0.00473698866,0,0,0,0,1,0,0,0,gray,0,0,0,1,0,0,0,0,1,0,0,4,++,+-,+-,++,red,red,gray
2025-04-07 09:00:00,1.42498,1.42961,1.42378,1.4247,1.42503,1.42968,1.4238,1.42473,149743,1.425005,1.429645,1.42379,1.424715,1.4267175,-0.08586519833,0.30728506302,1.42243506227,1.41916867493,1.41978400936,1.43447501828,1.43303483001,1.43314919949,1.4233727554,1.42745775964,1.433406915,1,0,1,0,1,0,1,0,1,0,0,0,0,0,0,0,0,0,0.00391003252,0,1,-1,0,1,0,0,0,gray,0,0,0,1,0,0,0,0,0,1,0,3,--,+-,+-,++,red,red,gray
2025-04-07 13:00:00,1.4247,1.42678,1.41755,1.42288,1.42473,1.42683,1.41797,1.42292,302607,1.424715,1.426805,1.41776,1.4229,1.4222825,-0.08853681562,0.14653432865,1.42214621132,1.41975696557,1.42049070749,1.43441409111,1.43299778764,1.43307312009,1.42338995632,1.4275146684,1.43337648504,0,1,0,0,0,0,0,0,0,0,0,0,0,0,0,0,0,0,0.00298902537,0,0,0,0,1,0,0,0,gray,0,0,0,0,0,1,0,1,0,0,0,1,+-,+-,+-,++,red,red,gray
2025-04-07 17:00:00,1.42288,1.42548,1.41851,1.42477,1.42292,1.42554,1.41859,1.42501,131628,1.4229,1.42551,1.41855,1.42489,1.42203,-0.08972729031,0.0642009283,1.42203977199,1.42025859487,1.42104506599,1.43434216312,1.43299637332,1.43302979303,1.42340045378,1.42755995952,1.43333996431,0,0,0,0,0,0,0,0,0,0,0,0,0,0,0,0,0,0,0.00528762877,0,0,0,0,1,0,0,0,red,-1,1,0,0,0,0,0,0,0,0,1,2,-+,+-,+-,++,red,red,gray
2025-04-07 21:00:00,1.42477,1.42477,1.42009,1.42157,1.42501,1.42534,1.42018,1.42166,37754,1.42489,1.425055,1.420135,1.421615,1.422595,-0.07886262908,0.04924530909,1.42211805876,1.42064095801,1.42217955279,1.4342757905,1.43305289381,1.43298612265,1.42341197777,1.42759356485,1.43331373192,0,0,0,0,0,0,0,0,0,0,0,0,0,0,0,0,0,0,0.01303173174,0,0,0,0,1,0,0,0,gray,0,0,0,0,0,0,0,0,0,0,1,2,-+,-+,+-,++,gray,red,gray
2025-04-08 01:00:00,1.42157,1.42196,1.4158,1.41638,1.42166,1.42204,1.41585,1.41646,62995,1.421615,1.422,1.415825,1.41642,1.4189125,-0.09236920892,-0.01804507523,1.42225320809,1.42096865076,1.42220014223,1.43418552881,1.43313929574,1.4328910161,1.42342579216,1.42761806671,1.4332948692,0,0,0,0,0,0,0,0,0,0,0,0,0,0,0,0,0,0,0.00980236527,0,0,0,0,1,0,0,0,gray,0,0,0,0,0,0,0,1,0,0,0,1,+-,-+,+-,++,gray,red,gray
2025-04-08 05:00:00,1.41638,1.41925,1.41503,1.41784,1.41646,1.41931,1.41504,1.41788,85461,1.41642,1.41928,1.415035,1.41786,1.4171575,-0.14770732521,-0.16442871971,1.42236988439,1.42168725692,1.42216611379,1.43409195545,1.43323453582,1.4327099568,1.42343011366,1.42763911578,1.43327131108,0,0,0,0,0,0,0,0,0,0,0,0,0,0,0,0,0,0,0.00496717801,1,0,1,0,1,0,0,0,red,-1,1,0,0,0,0,0,1,0,0,0,1,+-,-+,+-,++,gray,red,gray
2025-04-08 09:00:00,1.41784,1.4204,1.41525,1.41639,1.41788,1.42044,1.4153,1.41642,85116,1.41786,1.42042,1.415275,1.416405,1.4178475,-0.15914826718,-0.15529424529,1.4224427779,1.4217616623,1.42225189103,1.43399339416,1.4333384988,1.43247811984,1.42342712928,1.42766822902,1.43325258669,0,0,0,0,0,0,0,0,0,0,0,0,0,0,0,0,0,0,0.00604469195,0,0,0,0,1,0,0,0,gray,0,0,0,0,0,0,0,0,0,0,1,2,-+,-+,+-,++,gray,red,gray
2025-04-08 13:00:00,1.41639,1.42232,1.41428,1.42022,1.41642,1.42238,1.41435,1.42027,149797,1.416405,1.42235,1.414315,1.420245,1.4183325,-0.16519605551,-0.12447761027,1.42250583344,1.42179520451,1.42158401282,1.43392678299,1.43343579882,1.43207155749,1.42341598305,1.42770361216,1.43324350623,0,1,0,1,0,1,0,0,0,0,0,0,0,0,0,0,0,0,0.00536392585,0,0,0,0,1,0,0,0,gray,0,0,0,0,1,0,0,1,0,0,0,1,+-,-+,+-,++,gray,red,gray
2025-04-08 17:00:00,1.42022,1.42719,1.41952,1.42644,1.42027,1.42723,1.41958,1.42685,120138,1.420245,1.42721,1.41955,1.426645,1.42338,-0.13885206393,0.00614059522,1.42282980779,1.42189517895,1.42069871026,1.43387103262,1.43353492066,1.43146540874,1.42340283057,1.42771559236,1.43323832563,0,0,0,0,0,0,0,0,0,0,0,0,0,0,0,0,0,0,0.00637600093,0,0,0,0,1,0,0,0,gray,0,0,0,0,0,0,0,0,0,0,1,2,-+,-+,+-,++,gray,red,gray
2025-04-08 21:00:00,1.42644,1.42733,1.4242,1.42425,1.42685,1.42741,1.42425,1.42431,44198,1.426645,1.42737,1.424225,1.42428,1.4257975,-0.06358107929,0.24294981055,1.42278770719,1.42152234408,1.42012846821,1.43379795922,1.43362592211,1.4307126026,1.42338661617,1.42772582587,1.43323234768,1,0,1,0,1,0,1,0,0,0,0,0,0,0,0,0,0,0,0.00711570659,0,1,-1,0,1,0,0,0,green,1,0,1,0,0,0,0,0,0,0,1,2,-+,++,+-,++,gray,red,gray
2025-04-09 01:00:00,1.42425,1.42475,1.42055,1.42209,1.42431,1.42483,1.42063,1.42215,92565,1.42428,1.42479,1.42059,1.42212,1.42269,0.00083788186,0.36119512352,1.42272942202,1.42097673857,1.41976927457,1.43373772934,1.43366985989,1.43005208488,1.42337061718,1.42773452405,1.43322997026,0,0,0,0,0,0,0,0,0,0,0,0,0,0,0,0,0,0,0.00453735213,0,0,0,1,0,1,1,0,green,1,0,1,0,0,0,0,1,0,0,0,1,+-,++,+-,++,gray,red,gray
2025-04-09 05:00:00,1.42209,1.42488,1.41929,1.42032,1.42215,1.42494,1.41936,1.42038,134505,1.42212,1.42491,1.419325,1.42035,1.4221175,0.05018002454,0.38666505363,1.42271908187,1.42058558375,1.42049141965,1.43368098519,1.43364177152,1.42940621473,1.42335234632,1.42774570635,1.43322481422,0,0,0,0,0,0,0,0,0,0,0,0,0,0,0,0,0,0,0.004152262,0,0,0,1,0,0,0,0,green,1,0,1,0,0,0,0,1,0,0,0,1,+-,++,+-,++,gray,red,gray
2025-04-09 09:00:00,1.42032,1.42215,1.41563,1.41733,1.42038,1.42219,1.41567,1.41735,127906,1.42035,1.42217,1.41565,1.41734,1.41891,0.06899066198,0.2911872578,1.42242626788,1.42030394828,1.42155263572,1.43365176063,1.43357314841,1.42877264959,1.42333610004,1.42775523121,1.4332218294,0,0,0,0,0,0,0,0,0,0,0,0,0,0,0,0,0,0,0.00509749347,0,0,0,1,0,0,0,0,gray,0,0,0,0,0,0,0,0,0,0,1,2,-+,++,+-,++,gray,red,gray
2025-04-09 13:00:00,1.41733,1.42122,1.41323,1.41771,1.41735,1.42126,1.41329,1.41776,136974,1.41734,1.42124,1.41326,1.417735,1.41725,0.03250046444,0.05012874886,1.42202097804,1.42068845475,1.42178010858,1.43362275209,1.43350927298,1.42828867461,1.42332212497,1.42777990833,1.43322922989,0,0,0,0,0,0,0,0,0,0,0,0,0,0,0,0,0,0,0.00582592317,1,0,1,1,0,0,0,0,gray,0,0,0,0,0,0,0,0,1,0,0,4,++,++,+-,++,gray,red,gray
2025-04-09 17:00:00,1.41771,1.41863,1.40741,1.40779,1.41776,1.4188,1.40754,1.40869,238062,1.417735,1.418715,1.407475,1.40824,1.413095,-0.05458553914,-0.25267367535,1.42169994127,1.4213270854,1.42184758686,1.43359319869,1.43345569529,1.42800606653,1.42330667504,1.42782454392,1.43325623176,0,0,0,0,0,0,0,0,0,0,0,0,0,0,0,0,0,0,0.00472145912,0,0,0,0,1,-1,0,1,red,-1,1,0,0,0,0,0,1,0,0,0,1,+-,++,+-,++,gray,red,gray
2025-04-09 21:00:00,1.40779,1.41103,1.40733,1.41004,1.40869,1.41113,1.40753,1.41014,48254,1.40824,1.41108,1.40743,1.41009,1.409255,-0.14180234329,-0.45260702989,1.42144090733,1.42149744973,1.42126006949,1.43356614028,1.43342195537,1.42779302045,1.423289595,1.42786968536,1.43327486904,0,0,0,0,0,0,0,0,0,0,0,0,0,0,0,0,0,0,0.00756413976,1,0,1,0,1,0,0,0,red,-1,1,0,0,0,0,0,0,0,0,1,2,-+,-+,+-,++,gray,red,gray
2025-04-10 01:00:00,1.41004,1.41099,1.40711,1.40723,1.41014,1.41105,1.4072,1.40728,76983,1.41009,1.41102,1.407155,1.407255,1.4090875,-0.22539654055,-0.54962524847,1.4215900683,1.42157495601,1.42045805559,1.4335504814,1.43338782891,1.42765374044,1.42327636663,1.42791243349,1.43326917551,0,0,0,0,0,0,0,0,0,0,0,0,0,0,0,0,0,0,0.00502058896,0,0,0,0,1,0,0,0,red,-1,1,0,0,0,0,0,1,0,0,0,1,+-,-+,+-,++,gray,red,gray
2025-04-10 05:00:00,1.40723,1.40948,1.40517,1.40763,1.40728,1.40958,1.40523,1.40767,82650,1.407255,1.40953,1.4052,1.40765,1.407365,-0.29631761662,-0.54233299566,1.42191371689,1.42124183651,1.41898544447,1.43353401532,1.43332173202,1.42754260102,1.42326445982,1.42795404322,1.43326253193,0,0,0,0,0,0,0,0,0,0,0,0,0,0,0,0,0,0,0.00523895947,1,0,1,0,1,0,0,0,gray,0,0,0,0,0,0,0,0,1,0,0,4,++,-+,+-,++,gray,red,gray
2025-04-10 09:00:00,1.40763,1.40883,1.40383,1.40728,1.40767,1.40888,1.40431,1.40732,88258,1.40765,1.408855,1.40407,1.4073,1.4064625,-0.3634018762,-0.50112518023,1.42197343098,1.42074285695,1.41703935558,1.43349613312,1.43320197326,1.42743164216,1.42325208062,1.42798958381,1.43325675046,0,0,0,0,0,0,0,0,0,0,0,0,0,0,0,0,0,0,0.00542160484,1,0,1,0,1,0,0,0,gray,0,0,0,0,1,0,0,0,1,0,0,4,++,-+,+-,++,gray,red,gray
2025-04-10 13:00:00,1.40728,1.40758,1.3988,1.39992,1.40732,1.40763,1.39884,1.39995,141997,1.4073,1.407605,1.39882,1.399935,1.4032125,-0.42101225734,-0.44772572381,1.42198451321,1.41978687483,1.41544898446,1.43346735635,1.43304971011,1.42731063798,1.42323963478,1.42802822293,1.4332542383,0,0,0,0,0,0,0,0,0,0,0,0,0,0,0,0,0,0,0.00618675042,0,0,0,0,1,0,0,0,gray,0,0,0,0,1,0,0,0,1,0,0,4,++,-+,+-,++,gray,red,gray
2025-04-10 17:00:00,1.39992,1.40071,1.39513,1.39771,1.39995,1.40077,1.39518,1.39868,111334,1.399935,1.40074,1.395155,1.398195,1.3979475,-0.4920154787,-0.45099815347,1.42174801219,1.41847039047,1.41383218757,1.43344207706,1.43278798811,1.4271915751,1.42322906546,1.4280747327,1.4332612922,0,0,0,0,0,0,0,0,0,0,0,0,0,0,0,0,0,0,0.00501643703,1,0,1,0,1,0,0,0,gray,0,0,0,0,0,0,0,0,0,1,0,3,--,-+,+-,++,gray,red,gray
2025-04-10 21:00:00,1.39771,1.39832,1.39098,1.39485,1.39868,1.39966,1.39106,1.39495,81909,1.398195,1.39899,1.39102,1.3949,1.395005,-0.59223714458,-0.54247937457,1.42140201126,1.41729752917,1.41235825006,1.43342236271,1.43240025196,1.42717763171,1.42322015547,1.4281367081,1.43327676934,0,0,0,0,0,0,0,0,0,0,0,0,0,0,0,0,0,0,0.00973031047,0,0,0,0,1,0,0,0,red,-1,1,0,0,0,0,0,0,0,0,1,2,-+,+-,+-,++,red,red,gray
2025-04-11 01:00:00,1.39485,1.39704,1.39072,1.39642,1.39495,1.39709,1.39076,1.39652,123420,1.3949,1.397065,1.39074,1.39647,1.3939025,-0.69280508441,-0.61494080911,1.42076301039,1.41605596302,1.41052910005,1.43339511707,1.43191788374,1.42703365725,1.42321021474,1.42820981236,1.43328555914,0,0,0,0,0,0,0,0,0,0,0,0,0,0,0,0,0,0,0.00512477718,1,0,1,0,1,0,0,0,red,-1,1,0,0,0,0,0,1,0,0,0,1,+-,+-,+-,++,red,red,gray
2025-04-11 05:00:00,1.39642,1.39846,1.38806,1.39042,1.39652,1.39851,1.38816,1.39047,138438,1.39647,1.398485,1.38811,1.390445,1.3932975,-0.78703772743,-0.64732283739,1.41987777882,1.41485678014,1.40801278004,1.43338977867,1.43148764949,1.42688649086,1.42320079109,1.42827477024,1.43329961775,0,0,0,0,0,0,0,0,0,0,0,0,0,0,0,0,0,0,0.00749432959,0,0,0,0,1,0,0,0,red,-1,1,0,0,0,0,0,0,1,0,0,4,++,+-,+-,++,red,red,gray
2025-04-11 09:00:00,1.39042,1.39334,1.38389,1.38566,1.39047,1.39344,1.38396,1.38572,120300,1.390445,1.39339,1.383925,1.38569,1.3886575,-0.88755701198,-0.67188607932,1.41904775737,1.41340124512,1.40541122403,1.43342028678,1.43106228314,1.42676027054,1.42319154496,1.42833884848,1.43330545374,0,1,0,1,0,1,0,0,0,0,0,0,0,0,0,0,0,0,0.00786783042,0,0,0,0,1,0,0,0,red,-1,1,0,0,0,0,0,0,0,0,1,2,-+,+-,+-,++,red,red,gray
2025-04-11 13:00:00,1.38566,1.3933,1.38415,1.39033,1.38572,1.39344,1.38423,1.3904,196011,1.38569,1.39337,1.38419,1.390365,1.38878,-0.9422202732,-0.5513658659,1.41814908373,1.41146952698,1.40310947922,1.43346955322,1.43064051435,1.42652945376,1.42318047323,1.42840096716,1.43331114503,0,0,0,0,0,0,0,0,0,0,0,0,0,0,0,0,0,0,0.00468341062,0,0,0,0,1,0,0,0,gray,0,0,0,0,0,0,0,1,0,0,0,1,+-,+-,+-,++,red,red,gray
2025-04-11 17:00:00,1.39033,1.39197,1.38572,1.38631,1.3904,1.39203,1.38666,1.38725,67162,1.390365,1.392,1.38619,1.38678,1.389095,-0.9636608234,-0.37134305662,1.41725011575,1.40941146111,1.40114708338,1.43352469869,1.43030736864,1.42625380806,1.42317027303,1.42845500807,1.43331417528,0,0,0,0,0,0,0,0,0,0,0,0,0,0,0,0,0,0,0.00865072511,0,0,0,0,1,0,0,0,gray,0,0,0,0,1,0,0,0,0,0,1,2,-+,+-,+-,++,red,red,gray
2025-04-13 17:00:00,1.38631,1.38631,1.38508,1.38557,1.38725,1.38768,1.38595,1.38658,334,1.38678,1.386995,1.385515,1.386075,1.386255,-0.988402982,-0.25423045809,1.41617029915,1.40747284097,1.3986491667,1.43358568522,1.43009596194,1.42600656371,1.42315808398,1.42853090933,1.43331265323,0,0,0,0,0,0,0,0,0,0,0,0,0,0,0,0,0,0,0.44311377246,0,0,0,0,1,0,0,0,gray,0,0,0,0,1,0,0,0,0,0,1,2,-+,-+,--,++,red,red,gray
2025-04-13 21:00:00,1.38557,1.38842,1.3852,1.38722,1.38658,1.38852,1.38578,1.38729,45081,1.386075,1.38847,1.38549,1.387255,1.38698,-1.0,-0.14863917125,1.41476854537,1.40570092335,1.39667533336,1.43364303707,1.42992626263,1.42578085595,1.42314649755,1.42859812645,1.43330131536,0,0,0,0,0,0,0,0,0,0,0,0,0,0,0,0,0,0,0.00661032364,1,0,1,0,1,0,0,0,gray,0,0,0,0,1,0,0,1,0,0,0,1,+-,+-,--,++,red,red,gray
2025-04-14 01:00:00,1.38722,1.38743,1.38487,1.38646,1.38729,1.38745,1.38495,1.38652,58123,1.387255,1.38744,1.38491,1.38649,1.386175,-0.9747226333,-0.00313853601,1.41324827265,1.40357049543,1.39515926669,1.43370196362,1.42980137604,1.42571024254,1.42314047236,1.42866078471,1.43329036872,0,0,0,0,0,0,0,0,0,0,0,0,0,0,0,0,0,0,0.00435283795,1,0,1,0,1,0,0,0,gray,0,0,0,0,0,0,0,1,0,0,0,1,+-,+-,--,++,red,red,gray
2025-04-14 05:00:00,1.38646,1.38764,1.38285,1.38395,1.38652,1.38773,1.38289,1.38401,60377,1.38649,1.387685,1.38287,1.38398,1.3852775,-0.95604342831,0.06991358048,1.41176013629,1.4017216835,1.39337841335,1.43375632358,1.42969362374,1.42571280894,1.42313651885,1.42872641439,1.43328180713,0,1,0,1,0,1,0,1,0,1,0,0,0,0,0,0,0,0,0.0079748911,0,0,0,0,1,0,0,0,green,1,0,1,0,0,0,0,0,1,0,0,4,++,+-,--,++,red,red,gray
2025-04-14 09:00:00,1.38395,1.38896,1.38348,1.3882,1.38401,1.38905,1.38355,1.3883,47971,1.38398,1.389005,1.383515,1.38825,1.38626,-0.93300230891,0.12751841683,1.4103399335,1.40014334806,1.39209873068,1.43378201095,1.42958592149,1.42562390279,1.42313742331,1.42880026025,1.43327137792,0,0,0,0,0,0,0,0,0,0,0,0,0,0,0,0,0,0,0.01144441433,0,0,0,0,1,0,0,0,green,1,0,1,0,0,0,0,0,0,0,1,2,-+,+-,--,++,red,red,gray
2025-04-14 13:00:00,1.3882,1.39107,1.3862,1.3904,1.3883,1.39115,1.38624,1.39045,92193,1.38825,1.39111,1.38622,1.390425,1.388665,-0.86849867493,0.26556621299,1.408672054,1.39840730456,1.39091398455,1.43376339285,1.42947195019,1.4255207733,1.42313826569,1.42885108531,1.43326576071,1,0,1,0,0,0,0,0,0,0,0,0,0,0,0,0,0,0,0.00530409033,0,0,0,0,1,0,0,0,green,1,0,1,0,0,0,0,1,0,0,0,1,+-,+-,--,++,red,red,gray
2025-04-14 17:00:00,1.3904,1.39053,1.38632,1.38689,1.39045,1.39056,1.38635,1.38785,43532,1.390425,1.390545,1.386335,1.38737,1.38844,-0.81194417659,0.33009993805,1.407141896,1.39697889149,1.38978668764,1.43371961878,1.4293590511,1.42532633879,1.42313860185,1.4289002652,1.43324573807,0,0,0,0,0,0,0,0,0,0,0,0,0,0,0,0,0,0,0.00967104659,0,0,0,0,1,0,0,0,green,1,0,1,0,0,0,0,0,0,0,1,2,-+,+-,--,++,red,red,gray
2025-04-14 21:00:00,1.38689,1.39084,1.38682,1.38944,1.38785,1.39094,1.38785,1.3895,21433,1.38737,1.39089,1.387335,1.38947,1.3891125,-0.73917609547,0.41751096443,1.40575367323,1.39562840505,1.38908135011,1.43367849946,1.4293110229,1.42508879941,1.42313568779,1.42893639067,1.43321812877,0,0,0,0,0,0,0,0,0,0,0,0,0,0,0,0,0,0,0.01658657211,0,0,0,0,1,0,0,0,green,1,0,1,0,0,0,0,0,0,0,1,2,-+,-+,--,++,gray,red,gray
2025-04-15 01:00:00,1.38944,1.38975,1.38505,1.38548,1.3895,1.3898,1.38513,1.38555,36140,1.38947,1.389775,1.38509,1.385515,1.3874325,-0.67661424955,0.44025394158,1.40425377529,1.39433454192,1.38899808009,1.43364348823,1.42918323157,1.42473604061,1.4231300361,1.428969389,1.4331892008,0,0,0,0,0,0,0,0,0,0,0,0,0,0,0,0,0,0,0.01296347537,0,0,0,0,1,0,0,0,green,1,0,1,0,0,0,0,1,0,0,0,1,+-,-+,--,++,gray,red,gray
2025-04-15 05:00:00,1.38548,1.38785,1.38497,1.3856,1.38555,1.38791,1.38503,1.38562,45895,1.385515,1.38788,1.385,1.38561,1.38644,-0.63008969001,0.39236306791,1.40292502335,1.39332522418,1.38888646407,1.43362052769,1.42905317282,1.42428071588,1.42312052672,1.42900696673,1.43315325149,0,1,0,1,0,0,0,0,0,0,0,0,0,0,0,0,0,0,0.00627519338,0,0,0,0,1,0,0,0,gray,0,0,0,0,0,0,0,1,0,0,0,1,+-,-+,--,++,gray,red,gray
2025-04-15 09:00:00,1.3856,1.39163,1.38498,1.39004,1.38562,1.39281,1.38503,1.3901,53237,1.38561,1.39222,1.385005,1.39007,1.3886125,-0.58759467244,0.34574009391,1.40163656001,1.39274269616,1.38893167126,1.43359720716,1.42893575149,1.42383385659,1.42310643381,1.42905077803,1.43312048585,0,0,0,0,0,0,0,0,0,0,0,0,0,0,0,0,0,0,0.01355260439,0,0,0,0,1,0,0,0,gray,0,0,0,1,0,0,0,0,1,0,0,4,++,-+,--,++,gray,red,gray
2025-04-15 13:00:00,1.39004,1.39698,1.38681,1.39696,1.3901,1.39702,1.38686,1.39702,78172,1.39007,1.397,1.386835,1.39699,1.3919175,-0.52359465222,0.36730472085,1.40037817078,1.39220485914,1.388631837,1.4335540082,1.42875351056,1.42334947846,1.42309236502,1.42909054937,1.43307272206,0,0,0,0,0,0,0,0,0,0,0,0,0,0,0,0,0,0,0.01300337717,0,0,0,0,1,0,0,0,gray,0,0,0,0,0,0,0,1,0,0,0,1,+-,-+,--,++,gray,red,gray
2025-04-15 17:00:00,1.39696,1.39775,1.39556,1.39579,1.39702,1.39784,1.39561,1.39599,38883,1.39699,1.397795,1.395585,1.39589,1.39669,-0.43260990723,0.46838581519,1.39929215764,1.39181831425,1.3881934696,1.43347739013,1.428542674,1.42285280262,1.42307822081,1.42913833671,1.43302261635,1,0,1,0,1,0,1,0,1,0,0,0,0,0,0,0,0,0,0.00568371782,0,1,-1,0,1,0,0,0,green,1,0,1,0,0,0,0,0,0,1,0,3,--,-+,--,++,gray,red,gray
2025-04-15 21:00:00,1.39579,1.39654,1.39472,1.39508,1.39599,1.39694,1.39478,1.39516,26583,1.39589,1.39674,1.39475,1.39512,1.395745,-0.33324255227,0.57294685283,1.39847468398,1.39127008746,1.38827727568,1.43338020035,1.42834821629,1.42227514666,1.42306694569,1.42920013569,1.43296912596,0,0,0,0,0,0,0,0,0,0,0,0,0,0,0,0,0,0,0.00748598729,0,0,0,0,1,0,0,0,green,1,0,1,0,0,0,0,0,0,0,1,2,-+,+-,--,++,gray,red,gray
2025-04-16 01:00:00,1.39508,1.39512,1.39345,1.39367,1.39516,1.39516,1.39353,1.39369,30218,1.39512,1.39514,1.39349,1.39368,1.394315,-0.23521479727,0.63785341358,1.39770278521,1.39066632653,1.38900532055,1.43321474866,1.42816611236,1.42155962764,1.42305538218,1.42926217374,1.43293506953,0,0,0,0,0,0,0,0,0,0,0,0,0,0,0,0,0,0,0.00546032166,0,0,0,0,1,0,0,0,green,1,0,1,0,0,0,0,1,0,0,0,1,+-,+-,--,++,gray,red,gray
2025-04-16 05:00:00,1.39367,1.39426,1.3904,1.39132,1.39369,1.39432,1.39045,1.39139,52872,1.39368,1.39429,1.390425,1.391355,1.3923575,-0.16382612498,0.59232311508,1.39704199404,1.39040959822,1.39054225644,1.43297034138,1.42807909213,1.42077860918,1.42304607082,1.42932310862,1.4329074996,0,0,0,0,0,0,0,0,0,0,0,0,0,0,0,0,0,0,0.00731010743,0,0,0,0,1,0,0,0,gray,0,0,0,0,0,0,0,0,1,0,0,4,++,+-,--,++,gray,red,gray
2025-04-16 09:00:00,1.39132,1.39302,1.39034,1.39174,1.39139,1.39306,1.39039,1.39178,42609,1.391355,1.39304,1.390365,1.39176,1.3917025,-0.12258540266,0.4595953312,1.39630280219,1.39059808594,1.39158280515,1.43266584316,1.42803760864,1.41998813538,1.42304495392,1.42937927553,1.43286902738,0,0,0,0,0,0,0,0,0,0,0,0,0,0,0,0,0,0,0.00627801638,0,0,0,0,1,0,0,0,gray,0,0,0,1,0,0,0,0,0,1,0,3,--,+-,--,++,gray,red,gray
2025-04-16 13:00:00,1.39174,1.39292,1.38671,1.38771,1.39178,1.39295,1.38676,1.38775,74882,1.39176,1.392935,1.386735,1.38773,1.389835,-0.13997366296,0.20097608901,1.3955441251,1.3913595752,1.39212924412,1.43239156402,1.42794037939,1.41920311669,1.42303984794,1.42943395675,1.43283825289,0,0,0,0,0,0,0,0,0,0,0,0,0,0,0,0,0,0,0.00827969338,0,0,0,0,1,0,0,0,gray,0,0,0,0,0,1,0,0,1,0,0,4,++,+-,--,++,gray,red,gray
2025-04-16 17:00:00,1.38771,1.38986,1.38525,1.38525,1.38775,1.38991,1.38566,1.38662,51466,1.38773,1.389885,1.385455,1.385935,1.38767,-0.16583362927,-0.00118179442,1.39501092317,1.3919077533,1.3921748953,1.43211854083,1.42783450886,1.4183047162,1.42302907248,1.42947581745,1.43280942821,0,0,0,0,0,0,0,0,0,0,0,0,0,0,0,0,0,0,0.00860762445,0,0,0,0,1,0,0,0,red,-1,1,0,0,0,0,0,0,0,0,1,2,-+,+-,--,++,gray,red,gray
2025-04-16 21:00:00,1.38525,1.38688,1.38512,1.3868,1.38662,1.3872,1.38554,1.38683,21592,1.385935,1.38704,1.38533,1.386815,1.386185,-0.19434309683,-0.12615149614,1.39477296754,1.39220865913,1.39208041624,1.43184602914,1.42767224506,1.4174363422,1.42302110412,1.42950824957,1.4327974183,0,1,0,1,0,0,0,0,0,0,0,0,0,0,0,0,0,0,0.00791959985,1,0,1,0,1,0,0,0,red,-1,1,0,0,0,0,0,0,0,1,0,3,--,--,--,++,gray,red,gray
2025-04-17 01:00:00,1.3868,1.38918,1.38676,1.38905,1.38683,1.38922,1.38682,1.38913,33447,1.386815,1.3892,1.38679,1.38909,1.387995,-0.19486124398,-0.10677135916,1.39492043158,1.39222726424,1.39163133299,1.43162660746,1.4274827497,1.41660277331,1.42301714894,1.42954496309,1.43278542234,0,0,0,0,0,0,0,0,0,0,0,0,0,0,0,0,0,0,0.00720542949,0,0,0,0,1,0,0,0,gray,0,0,0,0,0,0,0,1,0,0,0,1,+-,--,--,++,gray,red,gray
2025-04-17 05:00:00,1.38905,1.38965,1.38652,1.38772,1.38913,1.38971,1.38654,1.38774,38867,1.38909,1.38968,1.38653,1.38773,1.388105,-0.19419523532,-0.05571224317,1.39498385992,1.39216166871,1.39083906639,1.43148113996,1.42722115425,1.41571019174,1.42301620159,1.42957832162,1.43277297149,0,0,0,0,0,0,0,0,0,0,0,0,0,0,0,0,0,0,0.00810456171,0,0,0,0,1,0,0,0,gray,0,0,0,0,0,0,0,0,1,0,0,4,++,--,--,++,gray,red,gray
2025-04-17 09:00:00,1.38772,1.39058,1.38681,1.38729,1.38774,1.39065,1.38683,1.38733,43288,1.38773,1.390615,1.38682,1.38731,1.3887175,-0.17784390122,0.02579368582,1.39493240915,1.39187083512,1.38990825311,1.4313607058,1.4268944969,1.4148651861,1.42301816127,1.42961122581,1.43276194391,1,0,1,0,0,0,0,0,0,0,0,0,0,0,0,0,0,0,0.0087668638,0,0,0,0,1,0,0,0,green,1,0,1,0,0,0,0,0,1,0,0,4,++,--,--,++,gray,red,gray
2025-04-17 13:00:00,1.38729,1.38794,1.38438,1.3845,1.38733,1.38797,1.38442,1.38453,65156,1.38731,1.387955,1.3844,1.384515,1.3861775,-0.16171688692,0.07792825625,1.39473433922,1.39134573073,1.38952560249,1.43126741136,1.42657073332,1.4140213571,1.423027881,1.42964310897,1.43275785055,0,0,0,0,0,0,0,0,0,0,0,0,0,0,0,0,0,0,0.00545613604,0,0,0,0,1,0,0,0,green,1,0,1,0,0,0,0,1,0,0,0,1,+-,--,--,++,gray,red,gray
2025-04-17 17:00:00,1.3845,1.38507,1.38282,1.38328,1.38453,1.38513,1.38284,1.38366,29473,1.384515,1.3851,1.38283,1.38347,1.383965,-0.15122251135,0.08429961352,1.39450112082,1.39070063939,1.38924148199,1.43118435055,1.42622153817,1.41317594954,1.42303395426,1.42966667931,1.43275317797,0,1,0,1,0,1,0,0,0,0,0,0,0,0,0,0,0,0,0.00770196451,0,0,0,0,1,0,0,0,green,1,0,1,0,0,0,0,0,0,0,1,2,-+,--,--,++,gray,red,gray
2025-04-17 21:00:00,1.38328,1.38483,1.38281,1.38435,1.38366,1.38574,1.38349,1.3846,22399,1.38347,1.385285,1.38315,1.384475,1.3842175,-0.15557241991,0.04271207398,1.39414218845,1.39036243447,1.38913668559,1.43110104324,1.42586228293,1.41238430396,1.42304172892,1.42967430086,1.43273518715,0,0,0,0,0,0,0,0,0,0,0,0,0,0,0,0,0,0,0.00953167552,0,0,0,0,1,0,0,0,gray,0,0,0,0,0,1,0,0,0,0,1,2,-+,+-,--,++,green,red,gray
2025-04-18 01:00:00,1.38435,1.38643,1.38414,1.38624,1.3846,1.38683,1.38456,1.38636,165980,1.384475,1.38663,1.38435,1.3863,1.38549,-0.15564761444,0.01619209046,1.3936443278,1.39008025516,1.38854484848,1.4310135877,1.42545046869,1.41168667738,1.42304893919,1.42966923948,1.43272268585,0,0,0,0,0,0,0,0,0,0,0,0,0,0,0,0,0,0,0.00137365948,0,0,0,0,1,0,0,0,red,-1,1,0,0,0,0,0,1,0,0,0,1,+-,+-,--,++,green,red,gray
2025-04-18 05:00:00,1.38624,1.38678,1.38438,1.38618,1.38636,1.38716,1.38455,1.38629,119892,1.3863,1.38697,1.384465,1.386235,1.3857175,-0.16597264436,-0.02707019601,1.39307053335,1.38990991076,1.38762887878,1.43092649683,1.42495041472,1.41100295157,1.42306316614,1.42966740798,1.43271223317,0,0,0,0,0,0,0,0,0,0,0,0,0,0,0,0,0,0,0.00208938044,0,0,0,0,1,0,0,0,red,-1,1,0,0,0,0,0,0,0,0,1,2,-+,+-,--,++,green,red,gray
2025-04-18 09:00:00,1.38618,1.38688,1.38447,1.38586,1.38629,1.387,1.38462,1.38599,117631,1.386235,1.38694,1.384545,1.385925,1.3857425,-0.158005184,-0.00245658251,1.39268010771,1.38944335942,1.38694660302,1.43087920473,1.42440595263,1.41035911476,1.42308136066,1.42966808434,1.43270511697,0,0,0,0,0,0,0,0,0,0,0,0,0,0,0,0,0,0,0.00203602792,0,0,0,0,1,0,0,0,gray,0,0,0,0,0,0,0,0,0,1,0,3,--,+-,--,++,green,red,gray
2025-04-18 13:00:00,1.38586,1.38697,1.38439,1.38514,1.38599,1.38711,1.38454,1.38527,57777,1.385925,1.38704,1.384465,1.385205,1.3857525,-0.13234426203,0.072099362,1.39232817635,1.38875856449,1.38665528242,1.43078261254,1.4238513444,1.40968480256,1.4231011979,1.42966532433,1.43269325852,1,0,1,0,1,0,0,0,0,0,0,0,0,0,0,0,0,0,0.00445679076,0,0,0,0,1,0,0,0,green,1,0,1,0,0,0,0,0,0,0,1,2,-+,+-,--,++,green,red,gray
2025-04-18 17:00:00,1.38514,1.38519,1.38266,1.38412,1.38527,1.386,1.38373,1.38514,65737,1.385205,1.385595,1.383195,1.38463,1.384395,-0.1195681433,0.09109245593,1.39205043201,1.38819093143,1.38646772594,1.43068426858,1.42329581996,1.4090011319,1.42312415891,1.4296586813,1.43269483311,0,0,0,0,0,0,0,0,0,0,0,0,0,0,0,0,0,0,0.00365091197,1,0,1,0,1,0,0,0,green,1,0,1,0,0,0,0,1,0,0,0,1,+-,+-,--,++,green,red,gray
2025-04-20 17:00:00,1.38412,1.38412,1.38274,1.38309,1.38514,1.38514,1.3841,1.38444,9,1.38463,1.38463,1.38342,1.383765,1.384025,-0.12630342445,0.0481543557,1.39159866801,1.387853315,1.38632268075,1.43059337792,1.42266603232,1.40840146625,1.42314911472,1.42965826851,1.43271851483,0,0,0,0,0,0,0,0,0,0,0,0,0,0,0,0,0,0,13.44444444444,0,0,0,0,1,0,0,0,gray,0,0,0,0,0,1,0,0,0,0,1,2,-+,-+,-+,++,green,red,gray
2025-04-20 21:00:00,1.38309,1.38355,1.38048,1.38186,1.38444,1.38444,1.38064,1.38191,27958,1.383765,1.383995,1.38056,1.381885,1.3822775,-0.14764792785,-0.03704462705,1.39101146278,1.38758633813,1.3862086446,1.4304621321,1.42204992264,1.40791664372,1.42317879877,1.42966229954,1.43275383764,0,0,0,0,0,0,0,0,0,0,0,0,0,0,0,0,0,0,0.01228628657,0,0,0,0,1,0,0,0,red,-1,1,0,0,0,0,0,1,0,0,0,1,+-,+-,-+,++,gray,red,gray
2025-04-21 01:00:00,1.38186,1.38221,1.37939,1.37973,1.38191,1.38225,1.37947,1.37978,34664,1.381885,1.38223,1.37943,1.379755,1.38083,-0.17941919495,-0.13068881179,1.39048885026,1.38735585836,1.38584591568,1.43031264186,1.42145074223,1.40758644831,1.42320557251,1.42966333045,1.43279289085,0,0,0,0,0,0,0,0,0,0,0,0,0,0,0,0,0,0,0.00807754443,0,0,0,0,1,0,0,0,red,-1,1,0,0,0,0,0,1,0,0,0,1,+-,+-,-+,++,gray,red,gray
2025-04-21 05:00:00,1.37973,1.38031,1.37906,1.37927,1.37978,1.38037,1.37915,1.37931,30736,1.379755,1.38034,1.379105,1.37929,1.3797225,-0.22298336495,-0.21734211205,1.39010432332,1.38715543857,1.38548173254,1.43017258408,1.42081081964,1.40723817042,1.42323286542,1.42966724319,1.43283566592,0,0,0,0,0,0,0,0,0,0,0,0,0,0,0,0,0,0,0.00401808954,0,0,0,0,1,0,0,0,red,-1,1,0,0,0,0,0,0,0,1,0,3,--,+-,-+,++,gray,red,gray
2025-04-21 09:00:00,1.37927,1.38153,1.37809,1.37931,1.37931,1.38158,1.37814,1.37936,32944,1.37929,1.381555,1.378115,1.379335,1.379835,-0.25314079322,-0.22907093737,1.38976687537,1.38681038374,1.38484088603,1.43003954943,1.42019571383,1.40685807717,1.42326265888,1.42967701897,1.43287632101,0,1,0,1,0,1,0,1,0,1,0,1,0,1,0,0,0,0,0.01044196212,0,0,0,0,1,0,0,0,red,-1,1,0,0,0,0,0,0,1,0,0,4,++,+-,-+,++,gray,red,gray
2025-04-21 13:00:00,1.37931,1.38419,1.37849,1.38383,1.37936,1.38424,1.37854,1.38388,52956,1.379335,1.384215,1.378515,1.383855,1.381365,-0.26992117844,-0.18838448917,1.38945730803,1.38646221078,1.38403870883,1.42996472303,1.4195771554,1.40643158961,1.423294933,1.42968912404,1.43291806531,0,0,0,0,0,0,0,0,0,0,0,0,0,0,0,0,0,0,0.01076365284,0,0,0,0,1,0,0,0,gray,0,0,0,0,0,0,0,0,1,0,0,4,++,+-,-+,++,gray,red,gray
2025-04-21 17:00:00,1.38383,1.38495,1.38257,1.38389,1.38388,1.38498,1.38262,1.38468,30342,1.383855,1.384965,1.382595,1.384285,1.38378,-0.25511670317,-0.0647283229,1.3891723228,1.38593912193,1.38317546706,1.4299179003,1.4189535253,1.40599838109,1.42332314936,1.42970066214,1.43295710653,1,0,1,0,0,0,0,0,0,0,0,0,0,0,0,0,0,0,0.00781095511,0,0,0,0,1,0,0,0,gray,0,0,0,0,0,0,0,0,0,1,0,3,--,+-,-+,++,gray,red,gray
2025-04-21 21:00:00,1.38389,1.38458,1.38282,1.3838,1.38468,1.38504,1.38287,1.38386,17476,1.384285,1.38481,1.382845,1.38383,1.3838275,-0.22628307769,0.0654283585,1.38880483643,1.38530048169,1.38250737365,1.42983668794,1.41835909757,1.40552298753,1.42336217283,1.42971435028,1.43297853287,0,0,0,0,0,0,0,0,0,0,0,0,0,0,0,0,0,0,0.01124399176,0,0,0,0,1,0,0,0,green,1,0,1,0,0,0,0,0,0,0,1,2,-+,+-,-+,++,gray,red,gray
2025-04-22 01:00:00,1.3838,1.3838,1.38006,1.38045,1.38386,1.38386,1.3801,1.38051,26390,1.38383,1.38383,1.38008,1.38048,1.381955,-0.19861781087,0.14307375904,1.3884371567,1.38460323398,1.38227889892,1.42974995549,1.41781920489,1.40499789966,1.42341234611,1.42972625221,1.43297260556,0,0,0,0,0,0,0,0,0,0,0,0,0,0,0,0,0,0,0.014209928,0,0,0,0,1,0,0,0,green,1,0,1,0,0,0,0,0,1,0,0,4,++,+-,-+,++,gray,red,gray
2025-04-22 05:00:00,1.38045,1.38212,1.37929,1.3818,1.38051,1.38219,1.37932,1.38182,46104,1.38048,1.382155,1.379305,1.38181,1.38073,-0.18118279094,0.15344169104,1.38796333696,1.38400720473,1.38257911914,1.42962815824,1.41728503752,1.40444457908,1.42346541018,1.4297394228,1.43295104232,0,1,0,1,0,0,0,0,0,0,0,0,0,0,0,0,0,0,0.00618167621,1,0,1,0,1,0,0,0,green,1,0,1,0,0,0,0,1,0,0,0,1,+-,+-,-+,++,gray,red,gray
2025-04-22 09:00:00,1.3818,1.38618,1.38169,1.38463,1.38182,1.38621,1.38174,1.38469,39501,1.38181,1.386195,1.381715,1.38466,1.383955,-0.15240729905,0.17140410524,1.38741461873,1.38367692914,1.38282879531,1.42948907781,1.41677280957,1.40396076793,1.42351954702,1.42975894245,1.43293096564,1,0,1,0,1,0,0,0,0,0,0,0,0,0,0,0,0,0,0.01134148503,0,0,0,0,1,0,0,0,green,1,0,1,0,0,0,0,0,0,0,1,2,-+,+-,-+,++,gray,red,gray
2025-04-22 13:00:00,1.38463,1.38575,1.3797,1.38073,1.38469,1.38581,1.37973,1.38076,54713,1.38466,1.38578,1.379715,1.380745,1.3827475,-0.15535947407,0.09337898059,1.38682291729,1.383689813,1.38265403625,1.42930487469,1.4162393494,1.40349442182,1.42357520473,1.42979052424,1.43291451796,0,0,0,0,0,0,0,0,0,0,0,0,0,0,0,0,0,0,0.01108511688,0,0,0,0,1,0,0,0,gray,0,0,0,0,0,1,0,1,0,0,0,1,+-,+-,-+,++,gray,red,gray
2025-04-22 17:00:00,1.38073,1.38332,1.37992,1.38079,1.38076,1.38333,1.37996,1.38194,34852,1.380745,1.383325,1.37994,1.381365,1.3816325,-0.16814696675,0.01020605415,1.38628538519,1.38370702387,1.382269229,1.42907959519,1.41569754304,1.40305980647,1.42362968031,1.42981691684,1.43290538937,0,0,0,0,0,0,0,0,0,0,0,0,0,0,0,0,0,0,0.00971249857,0,0,0,0,1,0,0,0,red,-1,1,0,0,0,0,0,0,0,1,0,3,--,+-,-+,++,gray,red,gray
2025-04-22 21:00:00,1.38079,1.38605,1.38064,1.38282,1.38194,1.38616,1.38181,1.38289,43688,1.381365,1.386105,1.381225,1.382855,1.383665,-0.14719928824,0.04653471613,1.38590689402,1.38348802089,1.3826063832,1.42885496491,1.41520508771,1.40256326805,1.42367917718,1.42982823908,1.43289594222,1,0,0,0,0,0,0,0,0,0,0,0,0,0,0,0,0,0,0.01117011536,0,0,0,0,1,0,0,0,gray,0,0,0,0,0,0,0,0,1,0,0,4,++,++,-+,++,gray,red,gray
2025-04-23 01:00:00,1.38282,1.3847,1.38193,1.38333,1.38289,1.38476,1.38202,1.38336,30486,1.382855,1.38473,1.381975,1.383345,1.3833525,-0.11383819402,0.11430083191,1.38574328679,1.38314326828,1.38263460656,1.42861350463,1.41478167703,1.40201626016,1.42372883453,1.42983890115,1.43287411276,0,0,0,0,0,0,0,0,0,0,0,0,0,0,0,0,0,0,0.00903693499,0,0,0,0,1,0,0,0,green,1,0,1,0,0,0,0,0,0,1,0,3,--,++,-+,++,gray,red,gray
2025-04-23 05:00:00,1.38333,1.38395,1.38084,1.38113,1.38336,1.38401,1.38088,1.38118,39894,1.383345,1.38398,1.38086,1.381155,1.38242,-0.10899541377,0.10122058484,1.38559591857,1.38324473474,1.38243418525,1.42836461694,1.41445273745,1.40149276722,1.42378619837,1.42985002174,1.43283148003,0,0,0,0,0,0,0,0,0,0,0,0,0,0,0,0,0,0,0.00782072492,0,0,0,0,1,0,0,0,gray,0,0,0,0,0,0,0,1,0,0,0,1,+-,++,-+,++,gray,red,gray
2025-04-23 09:00:00,1.38113,1.38412,1.37979,1.38347,1.38118,1.38417,1.37984,1.3835,36631,1.381155,1.384145,1.379815,1.383485,1.38198,-0.09819520499,0.09906537067,1.38531584792,1.3831825804,1.3826803482,1.42808200888,1.41411259677,1.40102209759,1.42384318458,1.42986309032,1.43277589684,0,1,0,1,0,0,0,0,0,0,0,0,0,0,0,0,0,0,0.01182058912,0,0,0,0,1,0,0,0,gray,0,0,0,1,0,0,0,0,0,0,1,2,-+,++,-+,++,gray,red,gray
2025-04-23 13:00:00,1.38347,1.38992,1.3825,1.38943,1.3835,1.38996,1.38253,1.38945,94479,1.383485,1.38994,1.382515,1.38944,1.3862275,-0.04848656798,0.18687764747,1.38496309038,1.38298882035,1.38281477856,1.4277434189,1.41375264046,1.40057196237,1.42389704218,1.4298820041,1.43267783505,0,0,0,0,0,0,0,0,0,0,0,0,0,0,0,0,0,0,0.00785888928,0,0,0,0,1,0,0,0,gray,0,0,0,0,0,0,0,1,0,0,0,1,+-,++,-+,++,gray,red,gray
2025-04-23 17:00:00,1.38943,1.39046,1.38763,1.3877,1.38945,1.3905,1.38773,1.38846,33107,1.38944,1.39048,1.38768,1.38808,1.38908,0.00219011957,0.25773235822,1.38488554497,1.38307334281,1.38273582285,1.42737557149,1.41336363791,1.40013580171,1.42395090281,1.42990607275,1.43253050634,1,0,1,0,1,0,1,0,1,0,1,0,0,0,0,0,0,0,0.00845742592,0,1,-1,1,0,1,1,0,green,1,0,1,0,0,0,0,0,0,0,1,2,-+,++,-+,++,gray,red,gray
2025-04-23 21:00:00,1.3877,1.3886,1.3868,1.38701,1.38846,1.38933,1.38684,1.38704,18679,1.38808,1.388965,1.38682,1.387025,1.3878925,0.0460203139,0.29813035386,1.38472107997,1.38310823746,1.38258465828,1.42699946957,1.41296979904,1.39971276342,1.42400391103,1.42992597158,1.43234536393,0,0,0,0,0,0,0,0,0,0,0,0,0,0,0,0,0,0,0.01148348413,0,0,0,1,0,0,0,0,green,1,0,1,0,0,0,0,0,0,0,1,2,-+,--,-+,++,green,red,gray
2025-04-24 01:00:00,1.38701,1.38741,1.38629,1.38676,1.38704,1.38746,1.38632,1.38682,28903,1.387025,1.387435,1.386305,1.38679,1.38687,0.08800919016,0.30694666943,1.3844834969,1.38302220777,1.38331322662,1.42662079575,1.41254916633,1.39926224097,1.42405173885,1.429949079,1.43217806974,0,0,0,0,0,0,0,0,0,0,0,0,0,0,0,0,0,0,0.00390962876,0,0,0,1,0,0,0,0,green,1,0,1,0,0,0,0,1,0,0,0,1,+-,--,-+,++,green,red,gray
2025-04-24 05:00:00,1.38676,1.3875,1.38395,1.38501,1.38682,1.38758,1.38401,1.38504,38837,1.38679,1.38754,1.38398,1.385025,1.38576,0.12290703303,0.27518761256,1.3844205356,1.3828919318,1.3844665813,1.42619424187,1.41209681785,1.39881408682,1.42409248357,1.42996706578,1.43201080884,0,1,0,1,0,0,0,0,0,0,0,0,0,0,0,0,0,0,0.00916651647,0,0,0,1,0,0,0,0,gray,0,0,0,0,0,0,0,0,1,0,0,4,++,--,-+,++,green,red,gray
2025-04-24 09:00:00,1.38501,1.38706,1.38406,1.38606,1.38504,1.38711,1.38409,1.38607,35990,1.385025,1.387085,1.384075,1.386065,1.38558,0.11810722108,0.14533014687,1.38433837901,1.38330887783,1.38515176504,1.42577385713,1.41162569389,1.39832771662,1.42415386293,1.42998491099,1.43184312961,0,0,0,0,0,0,0,0,0,0,0,0,0,0,0,0,0,0,0.00836343429,0,0,0,1,0,0,0,0,gray,0,0,0,0,0,0,0,0,0,1,0,3,--,--,-+,++,green,red,gray
2025-04-24 13:00:00,1.38606,1.38989,1.385,1.38791,1.38607,1.38996,1.38505,1.38794,53790,1.386065,1.389925,1.385025,1.387925,1.387475,0.10497155878,0.03055272245,1.3841908114,1.3840302681,1.38549541203,1.42536173514,1.41119604491,1.3978130779,1.42422000653,1.43000105944,1.43170753496,1,0,1,0,0,0,0,0,0,0,0,0,0,0,0,0,0,0,0.00910949991,0,0,0,1,0,0,0,0,red,-1,1,0,0,0,0,0,0,1,0,0,4,++,--,-+,++,green,red,gray
2025-04-24 17:00:00,1.38791,1.38845,1.38423,1.38506,1.38794,1.38849,1.38428,1.38588,25936,1.387925,1.38847,1.384255,1.38547,1.3863625,0.09402538416,-0.03944481063,1.38402074898,1.38451304709,1.38554832962,1.42492233362,1.41077620773,1.39728100208,1.42428941632,1.43001433816,1.43161706597,0,0,0,0,0,0,0,0,0,0,0,0,0,0,0,0,0,0,0.01625154226,0,0,0,1,0,0,0,0,red,-1,1,0,0,0,0,0,0,0,0,1,2,-+,--,-+,++,green,red,gray
2025-04-24 21:00:00,1.38506,1.38654,1.38437,1.38641,1.38588,1.3866,1.38466,1.38645,13695,1.38547,1.38657,1.384515,1.38643,1.3855425,0.08662978133,-0.06369936528,1.38419049906,1.3848076662,1.3855546637,1.42449601526,1.41037514031,1.39676788437,1.42434608233,1.43002148692,1.43154168704,0,0,0,0,0,0,0,0,0,0,0,0,0,0,0,0,0,0,0.01500547645,0,0,0,1,0,0,0,0,red,-1,1,0,0,0,0,0,0,0,1,0,3,--,--,-+,++,green,red,gray
2025-04-25 01:00:00,1.38641,1.38768,1.38575,1.38759,1.38645,1.38775,1.3858,1.38764,24709,1.38643,1.387715,1.385775,1.387615,1.386745,0.09437734509,-0.01786769844,1.38456661452,1.38492670793,1.38593873096,1.42406544206,1.40993518322,1.39631485836,1.42439642428,1.43002879814,1.43148276907,0,0,0,0,0,0,0,0,0,0,0,0,0,0,0,0,0,0,0.00785139018,0,0,0,1,0,0,0,0,gray,0,0,0,0,0,0,1,1,0,0,0,1,+-,--,-+,++,green,red,gray
2025-04-25 05:00:00,1.38759,1.38904,1.38582,1.38873,1.38764,1.38909,1.38587,1.38877,35972,1.387615,1.389065,1.385845,1.38875,1.387455,0.10607988818,0.0301936636,1.38482245186,1.38500836943,1.38602348477,1.42362962248,1.40946299807,1.39594618606,1.42446201732,1.43003750501,1.43142993734,0,0,0,0,0,0,0,0,0,0,0,0,0,0,0,0,0,0,0.00895140665,0,0,0,1,0,0,0,0,green,1,0,1,0,0,0,0,0,1,0,0,4,++,--,-+,++,green,red,gray
2025-04-25 09:00:00,1.38873,1.38925,1.38624,1.38728,1.38877,1.38929,1.38629,1.38729,34246,1.38875,1.38927,1.386265,1.387285,1.3877675,0.10410713767,0.02406210943,1.38497995556,1.38531669826,1.38592728781,1.42320973908,1.40900398901,1.39558975411,1.42451819234,1.43004498353,1.43137674333,1,0,1,0,0,0,0,0,0,0,0,0,0,0,0,0,0,0,0.00877474742,0,1,-1,1,0,0,0,0,gray,0,0,0,0,0,0,0,0,0,1,0,3,--,--,-+,++,green,red,gray
2025-04-25 13:00:00,1.38728,1.38757,1.38494,1.38605,1.38729,1.38762,1.38498,1.38608,40654,1.387285,1.387595,1.38496,1.386065,1.3862775,0.10238145488,0.01248999565,1.38503995898,1.38544742347,1.38609083025,1.42282159595,1.40857646194,1.39518873193,1.42456269979,1.43005535914,1.43132077636,0,0,0,0,0,0,0,0,0,0,0,0,0,0,0,0,0,0,0.00648152703,0,0,0,1,0,0,0,0,red,-1,1,0,0,0,0,0,1,0,0,0,1,+-,--,-+,++,green,red,gray
2025-04-25 17:00:00,1.38605,1.38761,1.3847,1.38482,1.38608,1.38763,1.38505,1.3859,23672,1.386065,1.38762,1.384875,1.38536,1.3862475,0.10777018531,0.01644394829,1.3850815006,1.38545930804,1.3863636642,1.42243528588,1.40816084445,1.39476347511,1.42461286504,1.43005676318,1.43126481611,0,1,0,1,0,0,0,0,0,0,0,0,0,0,0,0,0,0,0.01159597837,0,0,0,1,0,0,0,0,gray,0,0,0,0,0,0,1,0,0,0,1,2,-+,--,-+,++,green,red,gray
2025-04-27 17:00:00,1.38482,1.38673,1.38482,1.38618,1.3859,1.38795,1.3859,1.38743,59,1.38536,1.38734,1.38536,1.386805,1.38635,0.10360794711,-0.00402455894,1.38526561594,1.38562001953,1.38664443136,1.42206087256,1.40775323819,1.39444557878,1.42465478715,1.43005338651,1.43123323753,0,0,0,0,0,0,0,0,0,0,0,0,0,0,0,0,0,0,3.35593220339,0,0,0,1,0,0,0,0,gray,0,0,0,0,0,0,0,0,0,0,1,2,-+,-+,-+,++,green,red,gray
2025-04-27 21:00:00,1.38618,1.38775,1.38463,1.38737,1.38743,1.3878,1.38514,1.38743,13541,1.386805,1.387775,1.384885,1.3874,1.38633,0.09321025021,-0.03067757505,1.38534999163,1.38584939209,1.38657104509,1.42167178972,1.40735322476,1.39410151764,1.42469739382,1.43004909086,1.43117107963,0,0,0,0,0,0,0,0,0,0,0,0,0,0,0,0,0,0,0.02134258917,0,0,0,1,0,0,0,0,red,-1,1,0,0,0,0,0,1,0,0,0,1,+-,+-,-+,++,green,red,gray
2025-04-28 01:00:00,1.38737,1.38847,1.38654,1.38655,1.38743,1.3885,1.38657,1.38659,20151,1.3874,1.388485,1.386555,1.38657,1.38752,0.08713402698,-0.03981291053,1.38536479997,1.38608915558,1.38650633607,1.42127592691,1.4069358025,1.39373478183,1.42473285829,1.43004035013,1.43110759991,0,0,0,0,0,0,0,0,0,0,0,0,0,0,0,0,0,0,0.00957768845,0,1,-1,1,0,0,0,0,red,-1,1,0,0,0,0,0,1,0,0,0,1,+-,+-,-+,++,green,red,gray
2025-04-28 05:00:00,1.38655,1.38928,1.38626,1.38849,1.38659,1.38932,1.38629,1.38852,29207,1.38657,1.3893,1.386275,1.388505,1.3877875,0.09535550582,-0.00701800762,1.3854709692,1.38611269863,1.38647506886,1.42090892212,1.40651924245,1.39343861178,1.42476112657,1.43003346021,1.43104848463,1,0,1,0,1,0,1,0,0,0,0,0,0,0,0,0,0,0,0.01035710617,0,0,0,1,0,0,0,0,gray,0,0,0,0,0,0,1,0,1,0,0,4,++,+-,-+,++,green,red,gray
2025-04-28 09:00:00,1.38849,1.38849,1.38549,1.38693,1.38852,1.38852,1.38551,1.38694,29775,1.388505,1.388505,1.3855,1.386935,1.3870025,0.0958723892,0.00284922241,1.38562358696,1.3861295488,1.38644605509,1.4205831758,1.4060784835,1.39314196143,1.42478378273,1.43001719,1.43096420696,0,0,0,0,0,0,0,0,0,0,0,0,0,0,0,0,0,0,0.01009235936,0,0,0,1,0,0,0,0,green,1,0,1,0,0,0,0,1,0,0,0,1,+-,+-,-+,++,green,red,gray
2025-04-28 13:00:00,1.38693,1.38724,1.38249,1.38474,1.38694,1.38727,1.3825,1.38478,55686,1.386935,1.387255,1.382495,1.38476,1.384875,0.07808477646,-0.04035752618,1.38578850335,1.3861571052,1.38666084407,1.42031471315,1.40561942016,1.39282660962,1.42480430984,1.42999933725,1.43086832705,0,0,0,0,0,0,0,0,0,0,0,0,0,0,0,0,0,0,0.00854792946,0,0,0,1,0,0,0,0,gray,0,0,0,0,0,0,0,1,0,0,0,1,+-,+-,-+,++,green,red,gray
2025-04-28 17:00:00,1.38474,1.3858,1.38165,1.38288,1.38478,1.38582,1.38167,1.38301,26620,1.38476,1.38581,1.38166,1.382945,1.383735,0.05071333698,-0.10464843446,1.38582611847,1.38617871705,1.38688617525,1.42003864896,1.40514856707,1.39250759169,1.42482982228,1.42997925426,1.43077790464,0,0,0,0,0,0,0,0,0,0,0,0,0,0,0,0,0,0,0.01558978212,0,0,0,1,0,0,0,0,red,-1,1,0,0,0,0,0,0,0,0,1,2,-+,+-,-+,++,green,red,gray
2025-04-28 21:00:00,1.38288,1.38397,1.38227,1.38368,1.38301,1.38401,1.38268,1.38375,14805,1.382945,1.38399,1.382475,1.383715,1.3832325,0.00957434843,-0.19195139876,1.38585853244,1.38634637742,1.3869094402,1.41974961919,1.40468832039,1.39232288311,1.4248592193,1.42997103857,1.43069147822,0,0,0,0,0,0,0,0,0,0,0,0,0,0,0,0,0,0,0.01023302938,0,0,0,1,0,0,0,0,red,-1,1,0,0,0,0,0,0,0,1,0,3,--,+-,-+,++,gray,red,gray
2025-04-29 01:00:00,1.38368,1.38665,1.38085,1.38626,1.38375,1.38669,1.38087,1.3863,35232,1.383715,1.38667,1.38086,1.38628,1.383765,-0.02802670606,-0.23598131344,1.38589633763,1.38652651774,1.38650255216,1.41944184257,1.40426426002,1.3922275042,1.42487416832,1.42996672081,1.43064070406,0,1,0,1,0,1,0,1,0,0,0,0,0,0,0,0,0,0,0.01649069028,0,0,0,0,1,-1,0,1,red,-1,1,0,0,0,0,0,0,1,0,0,4,++,+-,-+,++,gray,red,gray
2025-04-29 05:00:00,1.38626,1.38716,1.38162,1.38297,1.3863,1.38722,1.38165,1.38301,37220,1.38628,1.38719,1.381635,1.38299,1.3844125,-0.05108362263,-0.21440247914,1.38592969628,1.38658601553,1.38594904173,1.41913016457,1.40389181893,1.39210000408,1.42488802994,1.42995556536,1.4306070707,1,0,1,0,0,0,0,0,0,0,0,0,0,0,0,0,0,0,0.01492477163,0,0,0,0,1,0,0,0,gray,0,0,0,0,0,0,0,1,0,0,0,1,+-,+-,-+,++,gray,red,gray
2025-04-29 09:00:00,1.38297,1.38523,1.38274,1.38331,1.38301,1.38524,1.38278,1.38334,33141,1.38299,1.385235,1.38276,1.383325,1.3839975,-0.05883940092,-0.14753271892,1.38605202733,1.38637213859,1.38540573338,1.41880100542,1.40352701313,1.39194618043,1.42490093305,1.42994905005,1.43055209105,0,0,0,0,0,0,0,0,0,0,0,0,0,0,0,0,0,0,0.00746809088,0,0,0,0,1,0,0,0,gray,0,0,0,0,1,0,0,0,0,1,0,3,--,+-,-+,++,gray,red,gray
2025-04-29 13:00:00,1.38331,1.38675,1.38293,1.3854,1.38334,1.38676,1.38296,1.38543,47940,1.383325,1.386755,1.382945,1.385415,1.38485,-0.05291609428,-0.05674765869,1.38618552523,1.38604249626,1.38507758671,1.41845121884,1.40313479471,1.39176423394,1.42491536028,1.42994363568,1.4304935175,0,0,0,0,0,0,0,0,0,0,0,0,0,0,0,0,0,0,0.00794743429,0,0,0,0,1,0,0,0,gray,0,0,0,0,0,0,0,0,1,0,0,4,++,+-,-+,++,gray,red,gray
2025-04-29 17:00:00,1.3854,1.38603,1.38271,1.38308,1.38543,1.38606,1.38276,1.38337,22805,1.385415,1.386045,1.382735,1.383225,1.38439,-0.04759434386,0.00033279675,1.38624836944,1.38569124673,1.38494456937,1.41808867705,1.40272743481,1.39158234471,1.42492875455,1.42994851278,1.4304130764,0,0,0,0,0,0,0,0,0,0,0,0,0,0,0,0,0,0,0.01451436089,0,0,0,0,1,0,0,0,green,1,0,1,0,0,0,0,0,0,0,1,2,-+,+-,-+,++,gray,red,gray
2025-04-29 21:00:00,1.38308,1.38405,1.38242,1.38306,1.38337,1.38507,1.38253,1.38307,13893,1.383225,1.38456,1.382475,1.383065,1.3835175,-0.04916837381,0.00937513858,1.38614272564,1.38545046589,1.38475515549,1.41775054585,1.40238611781,1.39146154045,1.42495150321,1.42995332603,1.43032166615,0,0,0,0,0,0,0,0,0,0,0,0,0,0,0,0,0,0,0.01500755776,0,0,0,0,1,0,0,0,gray,0,0,0,0,0,1,0,0,0,0,1,2,-+,-+,-+,++,gray,red,gray
2025-04-30 01:00:00,1.38306,1.3846,1.382,1.38335,1.38307,1.38467,1.38206,1.38338,17540,1.383065,1.384635,1.38203,1.383365,1.3833325,-0.05918883431,-0.01923892439,1.38595751598,1.38532072015,1.38477412439,1.41741744983,1.40202905203,1.39131156868,1.42498659206,1.429957786,1.43020203652,0,0,0,0,0,0,0,0,0,0,0,0,0,0,0,0,0,0,0.01485176739,1,0,1,0,1,0,0,0,gray,0,0,0,0,0,0,0,1,0,0,0,1,+-,-+,-+,++,gray,red,gray
2025-04-30 05:00:00,1.38335,1.38433,1.38168,1.38431,1.38338,1.38437,1.38174,1.38433,22889,1.383365,1.38435,1.38171,1.38432,1.38303,-0.06926932405,-0.04647358141,1.38574789936,1.38515531763,1.38469729952,1.41709497848,1.40165820563,1.39114189019,1.42502201887,1.42996305301,1.43005657099,0,0,0,0,0,0,0,0,0,0,0,0,0,0,0,0,0,0,0.01153392459,1,0,1,0,1,0,0,0,red,-1,1,0,0,0,0,0,1,0,0,0,1,+-,-+,-+,++,gray,red,gray
2025-04-30 09:00:00,1.38431,1.38536,1.38245,1.38499,1.38433,1.38539,1.38246,1.38501,30628,1.38432,1.385375,1.382455,1.385,1.383915,-0.07762033968,-0.05809090044,1.38559536864,1.38511715293,1.38446133961,1.41674759108,1.40133105644,1.39101256989,1.4250559923,1.42997253562,1.42991095244,0,0,0,0,0,0,0,0,0,0,0,0,0,0,0,0,0,0,0.00953375996,0,0,0,0,1,0,0,0,red,-1,1,0,0,0,0,0,1,0,0,0,1,+-,-+,-+,++,gray,red,gray
2025-04-30 13:00:00,1.38499,1.38554,1.38025,1.38104,1.38501,1.38558,1.3803,1.38106,64480,1.385,1.38556,1.380275,1.38105,1.3829175,-0.08972476276,-0.07062179608,1.38550437875,1.38502625881,1.38423557169,1.41637924736,1.40100417359,1.39090793548,1.42508928542,1.42998160199,1.42975438333,1,0,1,0,0,0,0,0,0,0,0,0,0,0,0,0,0,0,0.00819633995,0,0,0,0,1,0,0,0,red,-1,1,0,0,0,0,0,1,0,0,0,1,+-,-+,-+,++,gray,red,gray
2025-04-30 17:00:00,1.38104,1.38116,1.37699,1.37979,1.38106,1.38118,1.377,1.37997,34802,1.38105,1.38117,1.376995,1.37988,1.3790825,-0.12361980131,-0.13536475687,1.385388465,1.38483766396,1.38399445735,1.41601787942,1.40066627953,1.39081556973,1.42511884965,1.42998237838,1.42959263414,0,1,0,1,0,1,0,1,0,0,0,0,0,0,0,0,0,0,0.01199643699,1,0,1,0,1,0,0,0,red,-1,1,0,0,0,0,0,0,0,0,1,2,-+,-+,-+,++,gray,red,gray
2025-04-30 21:00:00,1.37979,1.38013,1.3786,1.37879,1.37997,1.38049,1.37869,1.37883,13256,1.37988,1.38031,1.378645,1.37881,1.3794775,-0.15358576789,-0.17313309847,1.38534704461,1.38464951847,1.38397856588,1.41567486954,1.40032652899,1.39068209709,1.42515034474,1.42998646688,1.42940943876,0,0,0,0,0,0,0,0,0,0,0,0,0,0,0,0,0,0,0.01256035003,0,0,0,0,1,0,0,0,red,-1,1,0,0,0,0,0,0,0,0,1,2,-+,-+,-+,-+,gray,red,red
2025-05-01 01:00:00,1.37879,1.38005,1.37843,1.37945,1.37883,1.38011,1.37847,1.37949,18711,1.37881,1.38008,1.37845,1.37947,1.379265,-0.17714187501,-0.17988374931,1.3852734258,1.38444707866,1.38376635271,1.41533826988,1.40007018301,1.39055166776,1.42518672314,1.42999175028,1.42919095308,0,0,0,0,0,0,0,0,0,0,0,0,0,0,0,0,0,0,0.00871145316,1,0,1,0,1,0,0,0,red,-1,1,0,0,0,0,0,1,0,0,0,1,+-,-+,-+,-+,gray,red,red
2025-05-01 05:00:00,1.37945,1.38174,1.37925,1.38155,1.37949,1.38178,1.37932,1.38156,23414,1.37947,1.38176,1.379285,1.381555,1.3805225,-0.19548112491,-0.16205695087,1.38513835458,1.38438056883,1.38282958216,1.41500573314,1.3998703615,1.3904280893,1.42523268674,1.42999902818,1.42895355063,0,0,0,0,0,0,0,0,0,0,0,0,0,0,0,0,0,0,0.01057059879,0,0,0,0,1,0,0,0,gray,0,0,0,0,0,0,0,0,1,0,0,4,++,-+,-+,-+,gray,red,red
2025-05-01 09:00:00,1.38155,1.38252,1.38079,1.38201,1.38156,1.38256,1.38083,1.38203,26863,1.381555,1.38254,1.38081,1.38202,1.381675,-0.19830123559,-0.0976872563,1.38499944269,1.38419768522,1.38215916573,1.41467704512,1.3996525822,1.39030755726,1.42528557086,1.43000331347,1.42871014055,0,0,0,0,0,0,0,0,0,0,0,0,0,0,0,0,0,0,0.00644008488,0,0,0,0,1,0,0,0,gray,0,0,0,0,1,0,0,1,0,0,0,1,+-,-+,-+,-+,gray,red,red
2025-05-01 13:00:00,1.38201,1.38622,1.37962,1.38535,1.38203,1.38626,1.37964,1.38538,55276,1.38202,1.38624,1.37963,1.385365,1.382935,-0.16022121092,0.05697669863,1.3848479471,1.38355828707,1.38158033259,1.41433679743,1.39942017162,1.39022557028,1.42533347385,1.43001583143,1.42846421944,1,0,1,0,1,0,1,0,0,0,0,0,0,0,0,0,0,0,0.01195817353,0,0,0,0,1,0,0,0,gray,0,0,0,0,0,0,0,0,1,0,0,4,++,-+,-+,-+,gray,red,red
2025-05-01 17:00:00,1.38535,1.38614,1.38352,1.38534,1.38538,1.38615,1.38355,1.38547,27630,1.385365,1.386145,1.383535,1.385405,1.38484,-0.11297503668,0.19025943078,1.38477618194,1.38304818869,1.38136876607,1.41399621543,1.39917180486,1.39015386233,1.42538087843,1.43004196521,1.42818778389,0,0,0,0,0,0,0,0,0,0,0,0,0,0,0,0,0,0,0.00944625407,0,0,0,0,1,0,0,0,green,1,0,1,0,0,0,0,0,0,1,0,3,--,-+,-+,-+,gray,red,red
2025-05-01 21:00:00,1.38534,1.38556,1.3841,1.38411,1.38547,1.38609,1.38414,1.38414,14299,1.385405,1.385825,1.38412,1.384125,1.3849725,-0.06315897892,0.28230593278,1.3846332064,1.3825752901,1.38143001285,1.41363982537,1.39892468113,1.39006117521,1.42542711616,1.43007528295,1.42791411872,0,0,0,0,0,0,0,0,0,0,0,0,0,0,0,0,0,0,0.01192391076,0,0,0,0,1,0,0,0,green,1,0,1,0,0,0,0,0,0,0,1,2,-+,++,-+,-+,gray,red,red
2025-05-02 01:00:00,1.38411,1.38428,1.38148,1.38217,1.38414,1.38435,1.38151,1.38219,21514,1.384125,1.384315,1.381495,1.38218,1.382905,-0.03690913847,0.2636899798,1.38420622899,1.38231869134,1.38173101028,1.41327117565,1.39871650511,1.38990864064,1.42546840365,1.43011091478,1.42764454151,0,0,0,0,0,0,0,0,0,0,0,0,0,0,0,0,0,0,0.01310774379,0,0,0,0,1,0,0,0,gray,0,0,0,0,0,0,0,0,1,0,0,4,++,++,-+,-+,gray,red,red
2025-05-02 05:00:00,1.38217,1.38347,1.38027,1.38307,1.38219,1.38348,1.38031,1.3831,26645,1.38218,1.383475,1.38029,1.383085,1.3818825,-0.02946424848,0.17401782981,1.3838424806,1.38223822992,1.38235280823,1.41289422424,1.39849188684,1.38972706297,1.42552323547,1.4301488615,1.42735711414,0,0,0,0,0,0,0,0,0,0,0,0,0,0,0,0,0,0,0.01195346219,0,0,0,0,1,0,0,0,gray,0,0,0,1,0,0,0,1,0,0,0,1,+-,++,-+,-+,gray,red,red
2025-05-02 09:00:00,1.38307,1.38398,1.3805,1.38247,1.3831,1.38433,1.38055,1.38248,41631,1.383085,1.384155,1.380525,1.382475,1.38234,-0.03053024147,0.08202342149,1.38349036671,1.38232532618,1.38287674658,1.41252277228,1.39825644344,1.38953604642,1.42557275606,1.43018551875,1.42707671751,0,0,0,0,0,0,0,0,0,0,0,0,0,0,0,0,0,0,0.00871946386,0,0,0,0,1,0,0,0,gray,0,0,0,0,0,1,0,1,0,0,0,1,+-,++,-+,-+,gray,red,red
2025-05-02 13:00:00,1.38247,1.38293,1.376,1.37915,1.38248,1.38295,1.37603,1.37917,70781,1.382475,1.38294,1.376015,1.37916,1.3794775,-0.06742926975,-0.07471136447,1.38326206927,1.38263966041,1.38288239727,1.41217268495,1.39804714447,1.38936630976,1.42561950605,1.43022286631,1.4267926778,0,1,0,1,0,1,0,1,0,0,0,0,0,0,0,0,0,0,0.00978369902,0,0,0,0,1,0,0,0,red,-1,1,0,0,0,0,0,0,1,0,0,4,++,++,-+,-+,gray,red,red
2025-05-02 17:00:00,1.37915,1.38202,1.37915,1.38123,1.37917,1.38262,1.37917,1.38242,25929,1.37916,1.38232,1.37916,1.381825,1.38074,-0.09531569695,-0.14780179779,1.38313998702,1.38293126536,1.38268241781,1.41185366602,1.39785456003,1.38922060947,1.42566813468,1.43025856216,1.42650437796,0,0,0,0,0,0,0,0,0,0,0,0,0,0,0,0,0,0,0.01218712638,0,0,0,0,1,0,0,0,red,-1,1,0,0,0,0,0,0,0,0,1,2,-+,++,-+,-+,gray,red,red
2025-05-04 17:00:00,1.38123,1.38123,1.37894,1.37956,1.38242,1.38242,1.38029,1.3809,3,1.381825,1.381825,1.379615,1.38023,1.38072,-0.10518640028,-0.13490839909,1.38312421879,1.38292798219,1.38261393425,1.41153876528,1.39767115893,1.3890669886,1.42572188631,1.43028338593,1.42622490311,0,0,0,0,0,0,0,0,0,0,0,0,0,0,0,0,0,0,73.66666666667,0,0,0,0,1,0,0,0,gray,0,0,0,0,0,0,0,0,0,0,1,2,-+,-+,-+,-+,gray,gray,red
2025-05-04 21:00:00,1.37956,1.38287,1.3793,1.38197,1.3809,1.38295,1.3807,1.38203,13364,1.38023,1.38291,1.38,1.382,1.381455,-0.10276564204,-0.07671890815,1.38325620196,1.38279729691,1.3819866474,1.41120636342,1.3974640015,1.38894295953,1.42576146353,1.43029128985,1.42596407045,1,0,0,0,0,0,0,0,0,0,0,0,0,0,0,0,0,0,0.02177491769,0,0,0,0,1,0,0,0,gray,0,0,0,0,0,0,0,1,0,0,0,1,+-,+-,-+,-+,gray,gray,red
2025-05-05 01:00:00,1.38197,1.38197,1.37937,1.37977,1.38203,1.38203,1.37939,1.37984,27332,1.382,1.382,1.37938,1.379805,1.38069,-0.10992175978,-0.04700528126,1.38338822488,1.3827401348,1.38173731792,1.41086393237,1.39726006511,1.38880904895,1.42580005382,1.43028947101,1.42570348663,0,0,0,0,0,0,0,0,0,0,0,0,0,0,0,0,0,0,0.00958583346,0,0,0,0,1,0,0,0,gray,0,0,0,0,0,0,0,1,0,0,0,1,+-,+-,-+,-+,gray,gray,red
2025-05-05 05:00:00,1.37977,1.38187,1.37879,1.38101,1.37984,1.38192,1.37884,1.38107,30479,1.379805,1.381895,1.378815,1.38104,1.380355,-0.09480450055,0.02314594967,1.38335105374,1.38233230545,1.38153385434,1.41056158482,1.39706170029,1.38865341516,1.42583060407,1.43028848616,1.42544938255,0,0,0,0,0,0,0,0,0,0,0,0,0,0,0,0,0,0,0.01010531842,0,0,0,0,1,0,0,0,gray,0,0,0,0,0,0,0,0,1,0,0,4,++,+-,-+,-+,gray,gray,red
2025-05-05 09:00:00,1.38101,1.3815,1.37864,1.38121,1.38107,1.38155,1.37868,1.38125,35851,1.38104,1.381525,1.37866,1.38123,1.3800925,-0.09248610797,0.02911605652,1.38323808807,1.38213326727,1.38151808347,1.41024906701,1.39686657846,1.38849691766,1.42585923642,1.43028966218,1.42518537643,0,1,0,1,0,1,0,0,0,0,0,0,0,0,0,0,0,0,0.00799140889,0,0,0,0,1,0,0,0,green,1,0,1,0,0,0,0,1,0,0,0,1,+-,+-,-+,-+,gray,gray,red
2025-05-05 13:00:00,1.38121,1.38299,1.37992,1.38125,1.38125,1.383,1.37995,1.38128,46133,1.38123,1.382995,1.379935,1.381265,1.381465,-0.0784316823,0.05876596553,1.38316900437,1.38195660886,1.38135246677,1.40992753255,1.39669664067,1.38833612596,1.4258907106,1.43029528595,1.42491631131,0,0,0,0,0,0,0,0,0,0,0,0,0,0,0,0,0,0,0.0066329959,0,0,0,0,1,0,0,0,green,1,0,1,0,0,0,0,1,0,0,0,1,+-,+-,-+,-+,gray,gray,red
2025-05-05 17:00:00,1.38125,1.3825,1.38077,1.38241,1.38128,1.38262,1.3808,1.38253,18623,1.381265,1.38256,1.380785,1.38247,1.3816725,-0.06883458594,0.06834172931,1.3828850425,1.38189390775,1.38115297342,1.40963244791,1.3965346563,1.38820609284,1.42592605354,1.43030064953,1.42466420151,0,0,0,0,0,0,0,0,0,0,0,0,0,0,0,0,0,0,0.00953122483,0,0,0,0,1,0,0,0,green,1,0,1,0,0,0,0,0,0,0,1,2,-+,+-,-+,-+,gray,gray,red
2025-05-05 21:00:00,1.38241,1.384,1.38156,1.38389,1.38253,1.38407,1.38196,1.38393,11184,1.38247,1.384035,1.38176,1.38391,1.3828975,-0.04467629072,0.1061871351,1.38272003923,1.38174341928,1.38094087874,1.4093371676,1.39636134437,1.38805054599,1.4259589221,1.43029829696,1.42443679386,0,0,0,0,0,0,0,0,0,0,0,0,0,0,0,0,0,0,0.02034155937,0,0,0,0,1,0,0,0,green,1,0,1,0,0,0,0,0,0,0,1,2,-+,++,-+,-+,green,gray,red
2025-05-06 01:00:00,1.38389,1.38451,1.38137,1.38148,1.38393,1.38456,1.38141,1.38152,25739,1.38391,1.384535,1.38139,1.3815,1.3829625,-0.01985135495,0.13968939257,1.38256619006,1.38156986687,1.38104570299,1.40903472751,1.39615250174,1.38778677994,1.42599676315,1.43028300384,1.42424410779,1,0,1,0,1,0,1,0,0,0,0,0,0,0,0,0,0,0,0.01221881192,0,1,-1,0,1,0,0,0,green,1,0,1,0,0,0,0,1,0,0,0,1,+-,++,-+,-+,green,gray,red
2025-05-06 05:00:00,1.38148,1.38311,1.38072,1.38197,1.38152,1.38316,1.38077,1.38203,32406,1.3815,1.383135,1.380745,1.382,1.38194,-0.0017060943,0.13965279784,1.3824807139,1.38138519601,1.38117106239,1.40873074181,1.39592672898,1.38754238935,1.42604329031,1.43025958966,1.42404619732,0,0,0,0,0,0,0,0,0,0,0,0,0,0,0,0,0,0,0.00737517744,0,0,0,0,1,0,0,0,gray,0,0,0,0,0,0,0,1,0,0,0,1,+-,++,-+,-+,green,gray,red
2025-05-06 09:00:00,1.38197,1.38329,1.37947,1.38016,1.38203,1.38333,1.3795,1.38018,32021,1.382,1.38331,1.379485,1.38017,1.3813975,0.0,0.09211624724,1.38234296667,1.38139517151,1.38151634991,1.4084778964,1.39569592482,1.38729893672,1.42609000572,1.43020978455,1.42383973067,0,0,0,0,0,0,0,0,0,0,0,0,0,0,0,0,0,0,0.01194528591,0,0,0,0,0,0,0,0,gray,0,0,0,1,0,0,0,0,0,0,1,2,-+,++,-+,-+,green,gray,red
2025-05-06 13:00:00,1.38016,1.38093,1.37504,1.37717,1.38018,1.38096,1.37507,1.37721,54382,1.38017,1.380945,1.375055,1.37719,1.378,-0.02424170427,-0.02096189025,1.38219004616,1.38142983757,1.38180557993,1.40825994251,1.39547899891,1.38709962976,1.42613607997,1.4301293241,1.42362110407,0,1,0,1,0,1,0,1,0,1,0,1,0,1,0,1,0,0,0.0108307896,0,0,0,0,1,0,0,0,gray,0,0,0,0,0,1,0,1,0,0,0,1,+-,++,-+,-+,green,gray,red
2025-05-06 17:00:00,1.37717,1.37865,1.37626,1.37755,1.37721,1.37866,1.3763,1.37788,27664,1.37719,1.378655,1.37628,1.377715,1.3774675,-0.06212837159,-0.13813863719,1.38202869646,1.38161329538,1.38183246394,1.40803109484,1.39527778984,1.38694008183,1.42617924687,1.43002520683,1.4233994471,0,0,0,0,0,0,0,0,0,0,0,0,0,0,0,0,0,0,0.00858516484,0,0,0,0,1,0,0,0,red,-1,1,0,0,0,0,0,0,0,1,0,3,--,++,-+,-+,green,gray,red
2025-05-06 21:00:00,1.37755,1.37808,1.37633,1.37718,1.37788,1.37871,1.37639,1.37723,27374,1.377715,1.378395,1.37636,1.377205,1.3773775,-0.10175778263,-0.21733737626,1.38198533519,1.38178194595,1.38174547116,1.40779332973,1.39507269366,1.3868222853,1.42622153003,1.42993177247,1.42316636066,0,0,0,0,0,0,0,0,0,0,0,0,0,0,0,0,0,0,0.00743406152,0,0,0,0,1,0,0,0,red,-1,1,0,0,0,0,0,0,0,1,0,3,--,+-,-+,-+,green,gray,red
2025-05-07 01:00:00,1.37718,1.37985,1.37703,1.37954,1.37723,1.37992,1.37708,1.3796,28548,1.377205,1.379885,1.377055,1.37957,1.37847,-0.1235149081,-0.20846423124,1.38196127094,1.38180170271,1.38099637692,1.40754576422,1.39488682651,1.38676398279,1.42625592253,1.42983804168,1.42291985816,0,0,0,0,0,0,0,0,0,0,0,0,0,0,0,0,0,0,0.00991312877,0,0,0,0,1,0,0,0,gray,0,0,0,0,0,0,0,0,1,0,0,4,++,+-,-+,-+,green,gray,red
2025-05-07 05:00:00,1.37954,1.37973,1.37812,1.37933,1.3796,1.37978,1.37815,1.37935,27937,1.37957,1.379755,1.378135,1.37934,1.378945,-0.13770961264,-0.16297224957,1.38203328856,1.38175117737,1.38029060154,1.40729895788,1.39469597511,1.38671129212,1.42628450761,1.42974373678,1.42266475498,0,0,0,0,0,0,0,0,0,0,0,0,0,0,0,0,0,0,0.0057987615,0,0,0,0,1,0,0,0,gray,0,0,0,0,1,0,0,0,0,1,0,3,--,+-,-+,-+,green,gray,red
2025-05-07 09:00:00,1.37933,1.38066,1.37847,1.38022,1.37935,1.38068,1.37851,1.38023,24765,1.37934,1.38067,1.37849,1.380225,1.37958,-0.11915552124,-0.03509649599,1.38210476637,1.3812822802,1.37970798123,1.40707621678,1.39449273011,1.38659934235,1.42631574897,1.42966894607,1.42242399279,0,0,0,0,0,0,0,0,0,0,0,0,0,0,0,0,0,0,0.00880274581,0,0,0,0,1,0,0,0,gray,0,0,0,0,0,0,0,0,0,0,1,2,-+,+-,-+,-+,green,gray,red
2025-05-07 13:00:00,1.38022,1.38062,1.3773,1.37859,1.38023,1.38063,1.37731,1.37861,42860,1.380225,1.380625,1.377305,1.3786,1.378965,-0.10076698417,0.05387303524,1.38209209203,1.38080543267,1.37946038499,1.40684347839,1.39428981684,1.3864606117,1.42634493134,1.42962178321,1.42218566645,0,1,0,0,0,0,0,0,0,0,0,0,0,0,0,0,0,0,0.00774615026,0,0,0,0,1,0,0,0,green,1,0,1,0,0,0,0,1,0,0,0,1,+-,+-,-+,-+,green,gray,red
2025-05-07 17:00:00,1.37859,1.38391,1.37845,1.38382,1.37861,1.38404,1.37848,1.38395,50182,1.3786,1.383975,1.378465,1.383885,1.38122,-0.0654584149,0.14942574263,1.38203866187,1.38037694109,1.37935730799,1.40660414156,1.39408509289,1.38633941723,1.42637384398,1.42958376053,1.42195324863,0,0,0,0,0,0,0,0,0,0,0,0,0,0,0,0,0,0,0.01098003268,0,0,0,0,1,0,0,0,green,1,0,1,0,0,0,0,0,1,0,0,4,++,+-,-+,-+,green,gray,red
2025-05-07 21:00:00,1.38382,1.38396,1.3822,1.38257,1.38395,1.38445,1.38226,1.38261,11346,1.383885,1.384205,1.38223,1.38259,1.3832175,-0.02377853127,0.22346161149,1.38172799558,1.38013857345,1.37940184639,1.40638100514,1.39390018211,1.38613759614,1.42640213618,1.42955575083,1.42170480593,0,0,0,0,0,0,0,0,0,0,0,0,0,0,0,0,0,0,0.01740701569,0,1,-1,0,1,0,0,0,green,1,0,1,0,0,0,0,0,0,0,1,2,-+,-+,-+,-+,green,gray,red
2025-05-08 01:00:00,1.38257,1.38315,1.38134,1.38294,1.38261,1.38319,1.38139,1.38299,25988,1.38259,1.38317,1.381365,1.382965,1.3822675,0.0055953574,0.22589020979,1.38140026515,1.37998937677,1.37931447711,1.40616835339,1.39370049699,1.38597884331,1.42642530027,1.42953136993,1.42144272394,0,0,0,0,0,0,0,0,0,0,0,0,0,0,0,0,0,0,0.00694551331,0,0,0,1,0,1,1,0,green,1,0,1,0,0,0,0,1,0,0,0,1,+-,-+,-+,-+,green,gray,red
2025-05-08 05:00:00,1.38294,1.38833,1.38293,1.38659,1.38299,1.38836,1.38299,1.38662,38761,1.382965,1.388345,1.38296,1.386605,1.3856525,0.04947736645,0.26048643433,1.38109082168,1.37993820468,1.37969558169,1.40596160223,1.39343471522,1.38582417145,1.42643860849,1.42950664302,1.42118421544,0,0,0,0,0,0,0,0,0,0,0,0,0,0,0,0,0,0,0.01389283042,0,0,0,1,0,0,0,0,green,1,0,1,0,0,0,0,0,1,0,0,4,++,-+,-+,-+,green,gray,red
2025-05-08 09:00:00,1.38659,1.38986,1.3865,1.38889,1.38662,1.38988,1.38654,1.3889,37284,1.386605,1.38987,1.38652,1.388895,1.388195,0.11777990373,0.34426726378,1.38088922001,1.37981655409,1.38039996535,1.40574043254,1.39318094767,1.38569566641,1.42644406311,1.42948008017,1.42093633895,0,0,0,0,0,0,0,0,0,0,0,0,0,0,0,0,0,0,0.00898508744,0,0,0,1,0,0,0,0,green,1,0,1,0,0,0,0,0,0,1,0,3,--,-+,-+,-+,green,gray,red
2025-05-08 13:00:00,1.38889,1.3931,1.38685,1.39205,1.3889,1.39315,1.3869,1.39207,55623,1.388895,1.393125,1.386875,1.39206,1.39,0.17966563079,0.38808019325,1.38073966462,1.37999198483,1.38077347228,1.40552141083,1.39292793044,1.38554844092,1.42645148602,1.42945339528,1.42069176368,0,0,0,0,0,0,0,0,0,0,0,0,0,0,0,0,0,0,0.01123635906,0,0,0,1,0,0,0,0,green,1,0,1,0,0,0,0,0,1,0,0,4,++,-+,-+,-+,green,gray,red
2025-05-08 17:00:00,1.39205,1.39329,1.39148,1.39213,1.39207,1.39331,1.3915,1.39264,22514,1.39206,1.3933,1.39149,1.392385,1.392395,0.24352979536,0.42351809652,1.38065045965,1.38039517423,1.38174927783,1.40530600172,1.39270237716,1.38539569266,1.42646043433,1.42944165324,1.42044906046,0,0,0,0,0,0,0,0,0,0,0,0,0,0,0,0,0,0,0.00803944212,0,1,-1,1,0,0,0,0,green,1,0,1,0,0,0,0,0,0,1,0,3,--,-+,-+,-+,green,gray,red
2025-05-08 21:00:00,1.39213,1.39318,1.39167,1.39262,1.39264,1.39325,1.39203,1.39268,11814,1.392385,1.393215,1.39185,1.39265,1.3925325,0.31802229549,0.46442239098,1.38052080891,1.38062921495,1.38303842226,1.40509278822,1.39250187939,1.38523971641,1.4264672369,1.42941092726,1.42020811212,0,0,0,0,0,0,0,0,0,0,0,0,0,0,0,0,0,0,0.01155408837,0,0,0,1,0,0,0,0,green,1,0,1,0,0,0,0,0,0,0,1,2,-+,--,-+,-+,green,gray,red
2025-05-09 01:00:00,1.39262,1.39426,1.39156,1.39167,1.39268,1.3943,1.39161,1.39173,24752,1.39265,1.39428,1.391585,1.3917,1.3929325,0.36794956533,0.41752215811,1.38057459284,1.38125712558,1.38443073781,1.40489534116,1.39232793613,1.38512869534,1.42647161425,1.42937924946,1.41995940995,1,0,0,0,0,0,0,0,0,0,0,0,0,0,0,0,0,0,0.01088800905,0,1,-1,1,0,0,0,0,gray,0,0,0,0,0,0,0,1,0,0,0,1,+-,--,-+,-+,green,gray,red
2025-05-09 05:00:00,1.39167,1.39259,1.39099,1.39118,1.39173,1.39263,1.39101,1.3912,22765,1.3917,1.39261,1.391,1.39119,1.391805,0.39017049569,0.30763249767,1.38077789339,1.38212435988,1.38602359025,1.40470311822,1.39219179184,1.38502704253,1.42647981289,1.42935013251,1.41970986544,0,0,0,0,0,0,0,0,0,0,0,0,0,0,0,0,0,0,0.00707226005,0,0,0,1,0,0,0,0,gray,0,0,0,1,0,0,0,0,0,1,0,3,--,--,-+,-+,green,gray,red
2025-05-09 09:00:00,1.39118,1.39217,1.39077,1.39152,1.3912,1.39221,1.39085,1.39156,24808,1.39119,1.39219,1.39081,1.39154,1.3915,0.39481170406,0.17685715011,1.38089247851,1.3831088149,1.3873253722,1.40450423487,1.39206053199,1.38496440893,1.42649073513,1.4293053358,1.41944991846,0,0,0,0,0,0,0,0,0,0,0,0,0,0,0,0,0,0,0.0055627217,0,0,0,1,0,0,0,0,gray,0,0,0,1,0,0,0,1,0,0,0,1,+-,--,-+,-+,green,gray,red
2025-05-09 13:00:00,1.39152,1.39445,1.39063,1.39349,1.39156,1.39448,1.39065,1.3935,44540,1.39154,1.394465,1.39064,1.393495,1.3925525,0.38397295019,0.04424431673,1.38125863401,1.38426958803,1.38844679776,1.40428368167,1.39189406777,1.38490552925,1.42649978491,1.42925319917,1.41918172458,1,0,1,0,0,0,0,0,0,0,0,0,0,0,0,0,0,0,0.00858778626,0,0,0,1,0,0,0,0,gray,0,0,0,0,0,0,0,0,1,0,0,4,++,--,-+,-+,green,gray,red
2025-05-09 17:00:00,1.39349,1.39388,1.39199,1.39305,1.3935,1.39458,1.392,1.39439,20712,1.393495,1.39423,1.391995,1.39372,1.3931125,0.37476509609,-0.02578464477,1.38179220063,1.38530245203,1.38911843821,1.40405279761,1.39171203927,1.38481830781,1.4265105945,1.42920424767,1.41890770219,0,0,0,0,0,0,0,0,0,0,0,0,0,0,0,0,0,0,0.01079084589,0,0,0,1,0,0,0,0,red,-1,1,0,0,0,0,0,0,0,0,1,2,-+,--,-+,-+,green,gray,red
2025-05-11 17:00:00,1.39305,1.39305,1.38868,1.38885,1.39439,1.39439,1.38959,1.39004,93,1.39372,1.39372,1.389135,1.389445,1.3914275,0.35034709541,-0.09697559648,1.38242356981,1.38625620803,1.38959475056,1.40381886168,1.39154163855,1.38471769581,1.42652500937,1.42915758781,1.41863636398,0,1,0,1,0,1,0,0,0,0,0,0,0,0,0,0,0,0,4.93010752688,0,0,0,1,0,0,0,0,red,-1,1,0,0,0,0,0,0,0,0,1,2,-+,-+,--,-+,green,gray,red
2025-05-11 21:00:00,1.38885,1.39388,1.38885,1.39363,1.39004,1.39393,1.39004,1.3937,13131,1.389445,1.393905,1.389445,1.393665,1.391675,0.33381504169,-0.11489797175,1.3831906029,1.38694980702,1.39018630045,1.40359353739,1.39132229058,1.38452011652,1.42654085152,1.4291327913,1.41837753506,0,0,0,0,0,0,0,0,0,0,0,0,0,0,0,0,0,0,0.03396542533,0,0,0,1,0,0,0,0,red,-1,1,0,0,0,0,0,1,0,0,0,1,+-,+-,--,-+,green,gray,red
2025-05-12 01:00:00,1.39363,1.39411,1.39194,1.39257,1.3937,1.39417,1.392,1.39259,30416,1.393665,1.39414,1.39197,1.39258,1.393055,0.33161481193,-0.07933521588,1.38390921037,1.38751858115,1.39077154036,1.40337802012,1.39112988529,1.38431268662,1.42655633334,1.42911847674,1.4181372744,0,0,0,0,0,0,0,0,0,0,0,0,0,0,0,0,0,0,0.00713440295,0,1,-1,1,0,0,0,0,gray,0,0,0,0,0,0,0,1,0,0,0,1,+-,+-,--,-+,green,gray,red
2025-05-12 05:00:00,1.39257,1.39807,1.39142,1.39577,1.39259,1.39812,1.39147,1.39581,60235,1.39258,1.398095,1.391445,1.39579,1.39477,0.33291523492,-0.04011772308,1.38460330957,1.388147821,1.39090273229,1.40316026146,1.39094061465,1.38410871055,1.42657313352,1.42909088671,1.41789901208,0,0,0,0,0,0,0,0,0,0,0,0,0,0,0,0,0,0,0.01104009297,0,0,0,1,0,0,0,0,gray,0,0,0,0,0,0,1,0,1,0,0,4,++,+-,--,-+,green,gray,red
2025-05-12 09:00:00,1.39577,1.39977,1.39549,1.39974,1.39581,1.39981,1.39553,1.39976,40947,1.39579,1.39979,1.39551,1.39975,1.39765,0.35144215519,0.03888814025,1.38515728576,1.38876840588,1.39105718583,1.40295452819,1.39076814893,1.38394286612,1.42658882149,1.42906095801,1.41764940088,0,0,0,0,0,0,0,0,0,0,0,0,0,0,0,0,0,0,0.01045253621,0,0,0,1,0,0,0,0,green,1,0,1,0,0,0,0,0,0,1,0,3,--,+-,--,-+,green,gray,red
2025-05-12 13:00:00,1.39974,1.4012,1.39782,1.40049,1.39976,1.40124,1.39786,1.4005,45992,1.39975,1.40122,1.39784,1.400495,1.39953,0.39726279286,0.1630187464,1.38564518685,1.38910079264,1.39145674867,1.40274593798,1.39058490986,1.38379587006,1.42660528351,1.42901739167,1.41739301615,0,0,0,0,0,0,0,0,0,0,0,0,0,0,0,0,0,0,0.00734910419,0,0,0,1,0,0,0,0,green,1,0,1,0,0,0,0,1,0,0,0,1,+-,+-,--,-+,green,gray,red
2025-05-12 17:00:00,1.40049,1.40158,1.39716,1.39743,1.4005,1.40163,1.39722,1.39754,23014,1.400495,1.401605,1.39719,1.397485,1.3993975,0.43956192554,0.23506902842,1.38617651864,1.38942256856,1.39211939893,1.40252988812,1.3903989115,1.38367187388,1.42662566074,1.42896688784,1.41716080771,1,0,1,0,0,0,0,0,0,0,0,0,0,0,0,0,0,0,0.01918397497,0,1,-1,1,0,0,0,0,green,1,0,1,0,0,0,0,0,0,0,1,2,-+,+-,--,-+,green,gray,red
2025-05-12 21:00:00,1.39743,1.39858,1.39701,1.39826,1.39754,1.39882,1.39705,1.39827,11738,1.397485,1.3987,1.39703,1.398265,1.397865,0.45843701542,0.21296193847,1.38671005566,1.38987662249,1.39322551915,1.40231418713,1.3902115222,1.38353343641,1.42665349055,1.42889876815,1.4169218264,0,0,0,0,0,0,0,0,0,0,0,0,0,0,0,0,0,0,0.01422729596,0,0,0,1,0,0,0,0,gray,0,0,0,0,0,0,0,0,0,1,0,3,--,--,--,-+,green,gray,red
2025-05-13 01:00:00,1.39826,1.39875,1.39577,1.39605,1.39827,1.3988,1.39582,1.39609,22474,1.398265,1.398775,1.395795,1.39607,1.397285,0.46005717312,0.13185510727,1.387072936,1.39048829468,1.39448641532,1.40209751087,1.39005249452,1.38346539416,1.4266781232,1.42881446013,1.41667676164,0,1,0,0,0,0,0,0,0,0,0,0,0,0,0,0,0,0,0.01325976684,0,1,-1,1,0,0,0,0,gray,0,0,0,1,0,0,0,1,0,0,0,1,+-,--,--,-+,green,gray,red
2025-05-13 05:00:00,1.39605,1.39916,1.39594,1.39892,1.39609,1.39918,1.39598,1.39895,29496,1.39607,1.39917,1.39596,1.398935,1.397565,0.43924219083,0.00112410391,1.38742694092,1.39138350785,1.39546863225,1.40189321299,1.38990013099,1.38345810316,1.42669344648,1.42872979507,1.41644751329,0,0,0,0,0,0,0,0,0,0,0,0,0,0,0,0,0,0,0.01088283157,0,0,0,1,0,0,0,0,gray,0,0,0,0,0,0,0,1,0,0,0,1,+-,--,--,-+,green,gray,red
2025-05-13 09:00:00,1.39892,1.4001,1.39753,1.39794,1.39895,1.40013,1.39772,1.39798,30629,1.398935,1.400115,1.397625,1.39796,1.39887,0.41338475207,-0.09794815517,1.38785986854,1.39240181936,1.3959479058,1.40168000274,1.38977281042,1.38342308542,1.42670835113,1.42863810067,1.41621768681,0,0,0,0,0,0,0,0,0,0,0,0,0,0,0,0,0,0,0.00812955043,0,1,-1,1,0,0,0,0,red,-1,1,0,0,0,0,0,1,0,0,0,1,+-,--,--,-+,green,gray,red
2025-05-13 13:00:00,1.39794,1.40164,1.39525,1.39555,1.39798,1.40169,1.39532,1.39556,59036,1.39796,1.401665,1.395285,1.395555,1.398475,0.38585281335,-0.1551465748,1.38839141712,1.39327627944,1.39621532464,1.40142609821,1.3896489866,1.38348865644,1.42672352792,1.42854292642,1.41598298065,1,0,1,0,1,0,1,0,1,0,1,0,1,0,1,0,1,0,0.01080696524,0,0,0,1,0,0,0,0,red,-1,1,0,0,0,0,0,0,1,0,0,4,++,--,--,-+,green,gray,red
2025-05-13 17:00:00,1.39555,1.39568,1.3931,1.39357,1.39556,1.39572,1.39314,1.39368,23574,1.395555,1.3957,1.39312,1.393625,1.39441,0.34040246133,-0.22956001514,1.3891036158,1.39384986951,1.39648525971,1.40117948475,1.3895088232,1.38362707831,1.42673989787,1.42843421214,1.41574684884,0,0,0,0,0,0,0,0,0,0,0,0,0,0,0,0,0,0,0.01094426063,0,0,0,1,0,0,0,0,red,-1,1,0,0,0,0,0,0,0,0,1,2,-+,--,--,-+,green,gray,red
2025-05-13 21:00:00,1.39357,1.39396,1.39276,1.39324,1.39368,1.39426,1.39282,1.3933,10586,1.393625,1.39411,1.39279,1.39327,1.39345,0.2922141439,-0.27936457777,1.38990564535,1.39427926082,1.39696220777,1.40093325458,1.3893613446,1.38381451718,1.42675987162,1.42830336788,1.41554185337,0,0,0,0,0,0,0,0,0,0,0,0,0,0,0,0,0,0,0.01246929907,0,0,0,1,0,0,0,0,red,-1,1,0,0,0,0,0,0,0,0,1,2,-+,+-,--,-+,gray,gray,red
2025-05-14 01:00:00,1.39324,1.39391,1.39186,1.3927,1.3933,1.39396,1.39194,1.39274,22634,1.39327,1.393935,1.3919,1.39272,1.3929175,0.23342276638,-0.33941566401,1.39063578802,1.39468997822,1.39726476622,1.40070392026,1.3891547747,1.38406688432,1.42678302846,1.42816045643,1.41535809049,0,0,0,0,0,0,0,0,0,0,0,0,0,0,0,0,0,0,0.00899089865,0,0,0,1,0,0,0,0,red,-1,1,0,0,0,0,0,1,0,0,0,1,+-,+-,--,-+,gray,gray,red
2025-05-14 05:00:00,1.3927,1.39361,1.39069,1.3913,1.39274,1.39367,1.39074,1.39134,36573,1.39272,1.39364,1.390715,1.39132,1.3921775,0.15731958685,-0.42420823002,1.39119188125,1.39521248094,1.39669381297,1.40049011217,1.3889422788,1.38431587302,1.42680361061,1.42801342658,1.41516735723,0,0,0,0,0,0,0,0,0,0,0,0,0,0,0,0,0,0,0.00799770322,0,0,0,1,0,0,0,0,red,-1,1,0,0,0,0,0,1,0,0,0,1,+-,+-,--,-+,gray,gray,red
2025-05-14 09:00:00,1.3913,1.39466,1.39014,1.39447,1.39134,1.39469,1.39017,1.3945,33983,1.39132,1.394675,1.390155,1.394485,1.392415,0.08623801153,-0.46222197156,1.39166058269,1.39562029583,1.39604505038,1.40029286372,1.38873201009,1.38456930322,1.42682617398,1.42786443118,1.4149708478,0,1,0,1,0,1,0,1,0,1,0,0,0,0,0,0,0,0,0.01330076803,1,0,1,1,0,0,0,0,red,-1,1,0,0,0,0,0,0,0,0,1,2,-+,+-,--,-+,gray,gray,red
2025-05-14 13:00:00,1.39447,1.39847,1.39379,1.39729,1.3945,1.39852,1.39382,1.39732,53190,1.394485,1.398495,1.393805,1.397305,1.39615,0.0788474638,-0.30919272462,1.39211476864,1.39546900885,1.3954195403,1.40011923603,1.38854542809,1.38478211783,1.42684557405,1.42769616109,1.41476799469,0,0,0,0,0,0,0,0,0,0,0,0,0,0,0,0,0,0,0.00881744689,0,0,0,1,0,0,0,0,gray,0,0,0,0,0,0,0,1,0,0,0,1,+-,+-,--,-+,gray,gray,red
2025-05-14 17:00:00,1.39729,1.39863,1.39661,1.3982,1.39732,1.39869,1.39663,1.39834,25162,1.397305,1.39866,1.39662,1.39827,1.39764,0.09122865328,-0.13007574247,1.39263440182,1.39521663274,1.39477113224,1.39994904799,1.38837087485,1.3849797026,1.42686488287,1.42752913894,1.41456530028,1,0,0,0,0,0,0,0,0,0,0,0,0,0,0,0,0,0,0.00810746364,0,0,0,1,0,0,0,0,gray,0,0,0,0,0,0,1,0,0,1,0,3,--,+-,--,-+,gray,gray,red
2025-05-14 21:00:00,1.3982,1.3982,1.39611,1.3971,1.39834,1.39851,1.39691,1.39713,10491,1.39827,1.398355,1.39651,1.397115,1.3974325,0.10746751154,0.01106237076,1.3930836786,1.39492924115,1.39429990579,1.39975754183,1.38821104076,1.38520243194,1.42688313915,1.42736418556,1.4143771732,0,0,0,0,0,0,0,0,0,0,0,0,0,0,0,0,0,0,0.01758650272,0,0,0,1,0,0,0,0,green,1,0,1,0,0,0,0,0,0,0,1,2,-+,--,--,-+,gray,gray,red
2025-05-15 01:00:00,1.3971,1.39725,1.39584,1.397,1.39713,1.39731,1.39592,1.39706,21361,1.397115,1.39728,1.39588,1.39703,1.39658,0.12303972925,0.08746785584,1.39318570332,1.39458527351,1.39466992464,1.39955669867,1.38804293093,1.385435081,1.42689961623,1.42718775128,1.41418262686,0,1,0,0,0,0,0,0,0,0,0,0,0,0,0,0,0,0,0.00655400028,0,0,0,1,0,0,0,0,green,1,0,1,0,0,0,0,1,0,0,0,1,+-,--,--,-+,gray,gray,red
2025-05-15 05:00:00,1.397,1.39887,1.39683,1.39825,1.39706,1.39891,1.39687,1.3983,28962,1.39703,1.39889,1.39685,1.398275,1.39787,0.14887631575,0.1328070007,1.39320603384,1.39431398932,1.39526393971,1.39936325261,1.38791887764,1.38561132862,1.4269122963,1.42701518583,1.41398373709,0,0,0,0,0,0,0,0,0,0,0,0,0,0,0,0,0,0,0.00704371245,0,0,0,1,0,0,0,0,green,1,0,1,0,0,0,0,0,1,0,0,4,++,--,--,-+,gray,gray,red
2025-05-15 09:00:00,1.39825,1.39939,1.3972,1.39823,1.3983,1.39943,1.3977,1.39826,28221,1.398275,1.39941,1.39745,1.398245,1.39843,0.14924470574,0.08609792146,1.39318383893,1.39454349065,1.39569765177,1.39913981719,1.38783339805,1.38578967189,1.42692506209,1.42683990606,1.41379457919,0,0,0,0,0,0,0,0,0,0,0,0,0,0,0,0,0,0,0.00694518267,0,1,-1,1,0,0,0,0,gray,0,0,0,0,0,0,0,0,0,1,0,3,--,--,--,-+,gray,gray,red
2025-05-15 13:00:00,1.39823,1.40046,1.39765,1.39873,1.39826,1.40049,1.39768,1.39874,42811,1.398245,1.400475,1.397665,1.398735,1.39907,0.14029908465,0.02218975098,1.39310642824,1.39493055432,1.39587412141,1.39893307767,1.3877321999,1.38600335801,1.42693867598,1.42666152664,1.41361166545,1,0,1,0,1,0,1,0,0,0,0,0,0,0,0,0,0,0,0.00656373362,0,1,-1,1,0,0,0,0,gray,0,0,0,0,0,0,0,1,0,0,0,1,+-,--,--,-+,gray,gray,red
2025-05-15 17:00:00,1.39873,1.39885,1.39555,1.39576,1.39874,1.39886,1.39557,1.39594,23981,1.398735,1.398855,1.39556,1.39585,1.3972075,0.12376260772,-0.04524701226,1.39305324145,1.39524329753,1.39627329713,1.39872843635,1.38769438718,1.38626120043,1.42695151769,1.42648812953,1.41343219208,0,0,0,0,0,0,0,0,0,0,0,0,0,0,0,0,0,0,0.0137400442,0,0,0,1,0,0,0,0,red,-1,1,0,0,0,0,0,0,0,0,1,2,-+,--,--,-+,gray,gray,red
2025-05-15 21:00:00,1.39576,1.39625,1.395,1.39528,1.39594,1.39679,1.39506,1.39533,11568,1.39585,1.39652,1.39503,1.395305,1.395775,0.10726530777,-0.09070024656,1.39329145365,1.39541038534,1.3967046377,1.39853435279,1.38770348923,1.38659616512,1.42696613568,1.4263257985,1.41324361783,0,0,0,0,0,0,0,0,0,0,0,0,0,0,0,0,0,0,0.01288035961,0,0,0,1,0,0,0,0,red,-1,1,0,0,0,0,0,0,0,1,0,3,--,-+,--,-+,gray,gray,red
2025-05-16 01:00:00,1.39528,1.39569,1.39407,1.39432,1.39533,1.39574,1.3941,1.39436,19350,1.395305,1.395715,1.394085,1.39434,1.3949,0.07554964671,-0.14878511964,1.39362595721,1.39571783717,1.39717771016,1.39833385445,1.38774524397,1.38697657203,1.42697519765,1.4261631985,1.41305614478,0,0,0,0,0,0,0,0,0,0,0,0,0,0,0,0,0,0,0.00842377261,0,0,0,1,0,0,0,0,red,-1,1,0,0,0,0,0,1,0,0,0,1,+-,-+,--,-+,gray,gray,red
2025-05-16 05:00:00,1.39432,1.3961,1.39351,1.39537,1.39436,1.39612,1.39354,1.3954,21836,1.39434,1.39611,1.393525,1.395385,1.3948175,0.04144355798,-0.19152474729,1.3939187682,1.39605685753,1.39718366813,1.39813184485,1.38782978499,1.38734189344,1.42698128466,1.42600418263,1.41287068545,0,1,0,1,0,1,0,1,0,0,0,0,0,0,0,0,0,0,0.01183824876,1,0,1,1,0,0,0,0,red,-1,1,0,0,0,0,0,0,1,0,0,4,++,-+,--,-+,gray,gray,red
2025-05-16 09:00:00,1.39537,1.39733,1.39524,1.39585,1.3954,1.39738,1.39526,1.39587,24030,1.395385,1.397355,1.39525,1.39586,1.3963025,0.01289617721,-0.20197232664,1.39412347834,1.39643350033,1.3969019345,1.39792915558,1.3879152889,1.38765139657,1.4269867786,1.42583863893,1.41268637513,0,0,0,0,0,0,0,0,0,0,0,0,0,0,0,0,0,0,0.00875988348,0,0,0,1,0,0,0,0,red,-1,1,0,0,0,0,0,1,0,0,0,1,+-,-+,--,-+,gray,gray,red
2025-05-16 13:00:00,1.39585,1.39953,1.39492,1.39858,1.39587,1.39956,1.39495,1.39863,43203,1.39586,1.399545,1.394935,1.398605,1.39724,0.00773176659,-0.14050997551,1.39441167231,1.39653025029,1.3965015476,1.39774416507,1.38800651092,1.38793473785,1.42698949935,1.42566954606,1.41251160864,0,0,0,0,0,0,0,0,0,0,0,0,0,0,0,0,0,0,0.01067055529,0,0,0,1,0,0,0,0,gray,0,0,0,0,0,0,0,0,1,0,0,4,++,-+,--,-+,gray,gray,red
2025-05-16 17:00:00,1.39858,1.39956,1.39609,1.39657,1.39863,1.3996,1.39648,1.39775,19114,1.398605,1.39958,1.396285,1.39716,1.3979325,0.01852881593,-0.04326874436,1.39472077444,1.39643584401,1.39616473808,1.39756358456,1.38807557435,1.38821798085,1.42699333357,1.42551050294,1.41233991344,1,0,1,0,1,0,0,0,0,0,0,0,0,0,0,0,0,0,0.01723867322,0,1,-1,1,0,0,0,0,gray,0,0,0,0,0,0,1,0,0,0,1,2,-+,-+,--,-+,gray,gray,red
2025-05-18 17:00:00,1.39657,1.39694,1.39631,1.39694,1.39775,1.39813,1.39766,1.39806,4,1.39716,1.397535,1.396985,1.3975,1.39726,0.03153051824,0.03101553812,1.39505533025,1.39624386351,1.39619229047,1.39739879709,1.38813783664,1.38853127553,1.42699134197,1.42536632696,1.41216395918,0,0,0,0,0,0,0,0,0,0,0,0,0,0,0,0,0,0,13.75,0,0,0,1,0,0,0,0,green,1,0,1,0,0,0,0,0,0,0,1,2,-+,-+,++,-+,gray,gray,red
2025-05-18 21:00:00,1.39694,1.39694,1.3951,1.39584,1.39806,1.39806,1.39517,1.39588,42979,1.3975,1.3975,1.395135,1.39586,1.3963175,0.03966290104,0.05993312206,1.39522088177,1.39606556807,1.39640183237,1.39723659151,1.38821810324,1.38882373802,1.42698833443,1.4252432526,1.41197445252,0,0,0,0,0,0,0,0,0,0,0,0,0,0,0,0,0,0,0.00550268736,0,0,0,1,0,0,0,0,green,1,0,1,0,0,0,0,1,0,0,0,1,+-,+-,++,-+,gray,gray,red
2025-05-19 01:00:00,1.39584,1.39729,1.39572,1.3971,1.39588,1.39732,1.39579,1.39713,93486,1.39586,1.397305,1.395755,1.397115,1.39653,0.03729901261,0.03525363805,1.39526350625,1.39609518456,1.3967079659,1.39706471969,1.38830709228,1.38898803984,1.42698390914,1.42511665066,1.41177834521,0,0,0,0,0,0,0,0,0,0,0,0,0,0,0,0,0,0,0.00165800227,0,0,0,1,0,0,0,0,gray,0,0,0,0,0,0,0,1,0,0,0,1,+-,+-,++,-+,gray,gray,red
2025-05-19 05:00:00,1.3971,1.39718,1.39481,1.3953,1.39713,1.39722,1.39485,1.39542,69551,1.397115,1.3972,1.39483,1.39536,1.396015,0.02097421776,-0.02938212171,1.39523554423,1.39623828649,1.39681837272,1.39688868352,1.38836382696,1.38911927396,1.42698677675,1.42498445473,1.41158011017,0,0,0,0,0,0,0,0,0,0,0,0,0,0,0,0,0,0,0.00340757142,0,0,0,1,0,0,0,0,red,-1,1,0,0,0,0,0,0,0,0,1,2,-+,+-,++,-+,gray,gray,red
2025-05-19 09:00:00,1.3953,1.39541,1.39382,1.39421,1.39542,1.39545,1.39386,1.39426,26417,1.39536,1.39543,1.39384,1.394235,1.394635,-0.01110414631,-0.1184726308,1.39520338698,1.39645006318,1.39671819818,1.39667645112,1.38842403011,1.38923098649,1.42699202403,1.42484442488,1.41138694968,0,0,0,0,0,0,0,0,0,0,0,0,0,0,0,0,0,0,0.0060188515,0,0,0,0,1,-1,0,1,red,-1,1,0,0,0,0,0,0,0,0,1,2,-+,+-,++,-+,gray,gray,red
2025-05-19 13:00:00,1.39421,1.39529,1.39171,1.395,1.39426,1.39532,1.39174,1.39504,42531,1.394235,1.395305,1.391725,1.39502,1.393515,-0.04386873942,-0.17871874541,1.39528793414,1.39655130528,1.39668055854,1.39646062021,1.38850822956,1.38931764866,1.42699301999,1.42470218486,1.41119962712,0,1,0,1,0,1,0,0,0,0,0,0,0,0,0,0,0,0,0.00841738967,1,0,1,0,1,0,0,0,red,-1,1,0,0,0,0,0,0,1,0,0,4,++,+-,++,-+,gray,gray,red
2025-05-19 17:00:00,1.395,1.39653,1.39468,1.39509,1.39504,1.39655,1.39471,1.39518,17405,1.39502,1.39654,1.394695,1.395135,1.3956175,-0.05095534962,-0.14111917008,1.39543809305,1.39652207962,1.39654744683,1.39624620313,1.38862207993,1.38940874723,1.4269968515,1.42455254029,1.41101072346,0,0,0,0,0,0,0,0,0,0,0,0,0,0,0,0,0,0,0.01060040218,0,0,0,0,1,0,0,0,gray,0,0,0,0,0,0,0,0,0,0,1,2,-+,+-,++,-+,gray,gray,red
2025-05-19 21:00:00,1.39509,1.39645,1.39363,1.39621,1.39518,1.39652,1.39456,1.39624,11561,1.395135,1.396485,1.394095,1.396225,1.39529,-0.05862898262,-0.10190167729,1.39562997051,1.39652306967,1.39616495747,1.39604647051,1.38878622393,1.38960701937,1.42700133598,1.42439424613,1.41082905177,0,0,0,0,0,0,0,0,0,0,0,0,0,0,0,0,0,0,0.02067295217,0,0,0,0,1,0,0,0,gray,0,0,0,0,1,0,0,0,0,0,1,2,-+,-+,++,-+,gray,gray,red
2025-05-20 01:00:00,1.39621,1.39684,1.39565,1.39636,1.39624,1.39689,1.39568,1.39641,25949,1.396225,1.396865,1.395665,1.396385,1.396265,-0.05235434694,-0.03056477719,1.39575535739,1.39645956096,1.39563496597,1.39585431915,1.38898156532,1.3898432835,1.42701215472,1.42423025795,1.41064544724,1,0,1,0,0,0,0,0,0,0,0,0,0,0,0,0,0,0,0.00462445566,0,0,0,0,1,0,0,0,gray,0,0,0,0,0,0,0,1,0,0,0,1,+-,-+,++,-+,gray,gray,red
2025-05-20 05:00:00,1.39636,1.39636,1.3932,1.3942,1.39641,1.39644,1.39324,1.39421,30255,1.396385,1.3964,1.39322,1.394205,1.39481,-0.04505289524,0.01743932487,1.39579859913,1.39623149084,1.39563147278,1.39567146163,1.38917094595,1.39006649575,1.42702291823,1.42407474182,1.41045705872,0,0,0,0,0,0,0,0,0,0,0,0,0,0,0,0,0,0,0.0105106594,0,0,0,0,1,0,0,0,green,1,0,1,0,0,0,0,0,1,0,0,4,++,-+,++,-+,gray,gray,red
2025-05-20 09:00:00,1.3942,1.39613,1.39203,1.39264,1.39421,1.39626,1.39206,1.39267,28997,1.394205,1.396195,1.392045,1.392655,1.39412,-0.0351208989,0.04531417434,1.39585486074,1.39589192948,1.39556317822,1.39548374858,1.38932901966,1.39025806941,1.42703344763,1.42392036524,1.41026869373,0,0,0,0,0,0,0,0,0,0,0,0,0,0,0,0,0,0,0.01431182536,0,0,0,0,1,0,0,0,green,1,0,1,0,0,0,0,0,0,0,1,2,-+,-+,++,-+,gray,gray,red
2025-05-20 13:00:00,1.39264,1.39553,1.39174,1.39296,1.39267,1.39558,1.39177,1.39299,43782,1.392655,1.395555,1.391755,1.392975,1.393655,-0.04739845895,0.00106512182,1.39586717914,1.3958576258,1.39570354258,1.39532348174,1.38947367385,1.39048194972,1.4270444597,1.42376927998,1.41007953613,0,0,0,0,0,0,0,0,0,0,0,0,0,0,0,0,0,0,0.00867936595,0,0,0,0,1,0,0,0,gray,0,0,0,0,0,1,0,1,0,0,0,1,+-,-+,++,-+,gray,gray,red
2025-05-20 17:00:00,1.39296,1.3936,1.3909,1.39154,1.39299,1.39363,1.39091,1.39162,22085,1.392975,1.393615,1.390905,1.39158,1.39226,-0.06673293053,-0.05927958329,1.39577239613,1.39578667257,1.39552483406,1.39518745948,1.38962078887,1.3907157159,1.42705806193,1.42360794187,1.40989783796,0,0,0,0,0,0,0,0,0,0,0,0,0,0,0,0,0,0,0.01227077202,0,0,0,0,1,0,0,0,red,-1,1,0,0,0,0,0,0,0,0,1,2,-+,-+,++,-+,gray,gray,red
2025-05-20 21:00:00,1.39154,1.39188,1.38988,1.39024,1.39162,1.39282,1.38994,1.3903,10435,1.39158,1.39235,1.38991,1.39027,1.39113,-0.10107976812,-0.14308968851,1.39559875027,1.3958464635,1.39524386725,1.39504229139,1.38978895634,1.39096143014,1.42707139598,1.42343780049,1.4097104745,0,0,0,0,0,0,0,0,0,0,0,0,0,0,0,0,0,0,0.02338284619,0,0,0,0,1,0,0,0,red,-1,1,0,0,0,0,0,0,0,0,1,2,-+,++,++,-+,gray,gray,red
2025-05-21 01:00:00,1.39024,1.39111,1.38862,1.38901,1.3903,1.39114,1.38865,1.38908,21244,1.39027,1.391125,1.388635,1.389045,1.38988,-0.132584379,-0.19077735381,1.39560019256,1.39571690556,1.3949260938,1.39493678812,1.38994688441,1.39114513808,1.4270795952,1.42326947302,1.40949778024,0,0,0,0,0,0,0,0,0,0,0,0,0,0,0,0,0,0,0.01172095651,0,0,0,0,1,0,0,0,red,-1,1,0,0,0,0,0,1,0,0,0,1,+-,++,++,-+,gray,gray,red
2025-05-21 05:00:00,1.38901,1.38985,1.38785,1.3894,1.38908,1.38987,1.3879,1.38942,32738,1.389045,1.38986,1.387875,1.38941,1.3888675,-0.17071811405,-0.22829943442,1.39557633159,1.39551729237,1.39439287504,1.39486103769,1.39002803196,1.39128131049,1.42708982174,1.42310732936,1.40928930607,0,0,0,0,0,0,0,0,0,0,0,0,0,0,0,0,0,0,0.00606329037,1,0,1,0,1,0,0,0,red,-1,1,0,0,0,0,0,1,0,0,0,1,+-,++,++,-+,gray,gray,red
2025-05-21 09:00:00,1.3894,1.38946,1.38678,1.38708,1.38942,1.38948,1.38683,1.3871,35330,1.38941,1.38947,1.386805,1.38709,1.3881375,-0.21141983695,-0.25520344731,1.39562930609,1.39528450582,1.39374030003,1.39480641929,1.39009024957,1.39138774253,1.42710077049,1.42294685799,1.40908080394,0,0,0,0,0,0,0,0,0,0,0,0,0,0,0,0,0,0,0.00754316445,0,0,0,0,1,0,0,0,red,-1,1,0,0,0,0,0,0,1,0,0,4,++,++,++,-+,gray,gray,red
2025-05-21 13:00:00,1.38708,1.38772,1.38154,1.38183,1.3871,1.38775,1.38156,1.38184,57245,1.38709,1.387735,1.38155,1.381835,1.3846425,-0.26642431703,-0.30652905901,1.39556628254,1.3949064426,1.39296824003,1.39477932469,1.39014165412,1.39148861775,1.42711293688,1.42278718263,1.40888248239,0,0,0,0,0,0,0,0,0,0,0,0,0,0,0,0,0,0,0.01080443707,0,0,0,0,1,0,0,0,red,-1,1,0,0,0,0,0,0,1,0,0,4,++,++,++,-+,gray,gray,red
2025-05-21 17:00:00,1.38183,1.38653,1.38141,1.38591,1.38184,1.38656,1.38143,1.38604,40965,1.381835,1.386545,1.38142,1.385975,1.3839825,-0.31749087871,-0.33304775095,1.39545503004,1.39443438727,1.39214809202,1.39475407947,1.3901786695,1.39163020252,1.42712324076,1.4226282355,1.40869354154,0,1,0,1,0,1,0,1,0,0,0,0,0,0,0,0,0,0,0.01251067985,1,0,1,0,1,0,0,0,red,-1,1,0,0,0,0,0,0,0,0,1,2,-+,++,++,-+,gray,gray,red
2025-05-21 21:00:00,1.38591,1.38717,1.38515,1.38581,1.38604,1.38725,1.38552,1.38587,12302,1.385975,1.38721,1.385335,1.38584,1.3862725,-0.34072977868,-0.27039843908,1.39531656619,1.39386508886,1.39134597362,1.39473361229,1.39021933005,1.39179519657,1.42713861678,1.42246414436,1.40851466278,0,0,0,0,0,0,0,0,0,0,0,0,0,0,0,0,0,0,0.01524142416,0,0,0,0,1,0,0,0,gray,0,0,0,0,0,0,0,0,0,0,1,2,-+,--,++,-+,red,gray,red
2025-05-22 01:00:00,1.38581,1.3861,1.38461,1.38472,1.38587,1.38617,1.38465,1.38477,22691,1.38584,1.386135,1.38463,1.384745,1.3853825,-0.35707100259,-0.19909899476,1.39508144571,1.39324039025,1.39000527889,1.39470070653,1.39032716042,1.39197570549,1.42716240029,1.42229916949,1.4083502554,0,0,0,0,0,0,0,0,0,0,0,0,0,0,0,0,0,0,0.00663258561,0,0,0,0,1,0,0,0,gray,0,0,0,0,1,0,0,1,0,0,0,1,+-,--,++,-+,red,gray,red
2025-05-22 05:00:00,1.38472,1.38764,1.38466,1.38754,1.38477,1.38768,1.38469,1.38758,33102,1.384745,1.38766,1.384675,1.38756,1.3861675,-0.35950187102,-0.10648678134,1.39477748835,1.39260252897,1.38880072311,1.39466474353,1.39046012114,1.39213112592,1.42719062999,1.42212740267,1.40818790987,0,0,0,0,0,0,0,0,0,0,0,0,0,0,0,0,0,0,0.00901758202,0,0,0,0,1,0,0,0,gray,0,0,0,0,1,0,0,0,1,0,0,4,++,--,++,-+,red,gray,red
2025-05-22 09:00:00,1.38754,1.38851,1.38616,1.38783,1.38758,1.38855,1.38618,1.38785,34558,1.38756,1.38853,1.38617,1.38784,1.38735,-0.32349253931,0.05506774545,1.39440075848,1.39160752535,1.38829507849,1.39464101046,1.39058689166,1.39225425457,1.42722030339,1.4219501606,1.40801233411,0,0,0,0,0,0,0,0,0,0,0,0,0,0,0,0,0,0,0.00682909891,0,0,0,0,1,0,0,0,gray,0,0,0,0,0,0,0,1,0,0,0,1,+-,--,++,-+,red,gray,red
2025-05-22 13:00:00,1.38783,1.38889,1.38551,1.38667,1.38785,1.38892,1.38555,1.38671,52964,1.38784,1.388905,1.38553,1.38669,1.3872175,-0.28385996884,0.16716901899,1.39397512321,1.39065439718,1.38771256279,1.39462383619,1.39069585727,1.39238001179,1.42725142327,1.421768926,1.40783087693,1,0,1,0,1,0,0,0,0,0,0,0,0,0,0,0,0,0,0.00637225285,0,0,0,0,1,0,0,0,green,1,0,1,0,0,0,0,1,0,0,0,1,+-,--,++,-+,red,gray,red
2025-05-22 17:00:00,1.38667,1.3873,1.3856,1.38565,1.38671,1.38733,1.38564,1.38577,22584,1.38669,1.387315,1.38562,1.38571,1.3864675,-0.26777402718,0.17226128291,1.39352607527,1.39010666003,1.38740355023,1.3945879223,1.39082629623,1.3924869232,1.42728176433,1.42158895207,1.40765385695,0,0,0,0,0,0,0,0,0,0,0,0,0,0,0,0,0,0,0.0075053135,0,0,0,0,1,0,0,0,green,1,0,1,0,0,0,0,0,0,0,1,2,-+,--,++,-+,red,gray,red
2025-05-22 21:00:00,1.38565,1.38627,1.3849,1.38502,1.38577,1.38692,1.38495,1.38508,9177,1.38571,1.386595,1.384925,1.38505,1.38576,-0.24851790957,0.16389960301,1.39284272333,1.38951614003,1.38739284019,1.39455519283,1.39096454538,1.39255010193,1.42731254877,1.42141631708,1.40745818781,0,0,0,0,0,0,0,0,0,0,0,0,0,0,0,0,0,0,0.01819766808,0,0,0,0,1,0,0,0,gray,0,0,0,0,0,0,0,0,0,0,1,2,-+,++,++,-+,red,gray,red
2025-05-23 01:00:00,1.38502,1.38514,1.3825,1.38274,1.38508,1.38522,1.38256,1.38277,15023,1.38505,1.38518,1.38253,1.382755,1.383855,-0.24916243408,0.08652586451,1.39216116769,1.38909756003,1.38735777215,1.39453833673,1.39111191729,1.39257848129,1.42734232981,1.42125478782,1.40727264483,0,0,0,0,0,0,0,0,0,0,0,0,0,0,0,0,0,0,0.01763961925,0,0,0,0,1,0,0,0,gray,0,0,0,0,0,1,0,1,0,0,0,1,+-,++,++,-+,red,gray,red
2025-05-23 05:00:00,1.38274,1.3832,1.38091,1.38168,1.38277,1.38325,1.38095,1.38171,24967,1.382755,1.383225,1.38093,1.381695,1.3820775,-0.2753516134,-0.03549214957,1.39170819325,1.38887911502,1.38717971772,1.39454093969,1.39122274606,1.39266786419,1.42736540718,1.42109415569,1.40708825147,0,0,0,0,0,0,0,0,0,0,0,0,0,0,0,0,0,0,0.00919213362,0,0,0,0,1,0,0,0,red,-1,1,0,0,0,0,0,1,0,0,0,1,+-,++,++,-+,red,gray,red
2025-05-23 09:00:00,1.38168,1.3834,1.37937,1.37974,1.38171,1.38347,1.3794,1.37978,52525,1.381695,1.383435,1.379385,1.37976,1.38141,-0.30710518766,-0.1278283957,1.39122160146,1.38867141315,1.38689577418,1.39457587295,1.39130551432,1.39274498583,1.4273780321,1.42092617648,1.40691024278,0,0,0,0,0,0,0,0,0,0,0,0,0,0,0,0,0,0,0.00771061399,0,0,0,0,1,0,0,0,red,-1,1,0,0,0,0,0,1,0,0,0,1,+-,++,++,-+,red,gray,red
2025-05-23 13:00:00,1.37974,1.38109,1.37305,1.37348,1.37978,1.38112,1.37307,1.3735,57405,1.37976,1.381105,1.37306,1.37349,1.3770825,-0.36523940294,-0.25946608724,1.39083282443,1.388395924,1.38628761934,1.3946315373,1.3913708686,1.39284851566,1.42738463546,1.4207536607,1.40672815776,0,0,0,0,0,0,0,0,0,0,0,0,0,0,0,0,0,0,0.01401445867,0,0,0,0,1,0,0,0,red,-1,1,0,0,0,0,0,0,1,0,0,4,++,++,++,-+,red,gray,red
2025-05-23 17:00:00,1.37348,1.37372,1.37093,1.37276,1.3735,1.37404,1.37096,1.37399,26860,1.37349,1.37388,1.370945,1.373375,1.3724125,-0.45162843541,-0.41537899867,1.39056491485,1.3880664335,1.38544559547,1.39468508744,1.39143353463,1.39290620638,1.42739173192,1.42059572653,1.40654501083,0,1,0,0,0,0,0,0,0,0,0,0,0,0,0,0,0,0,0.01092702904,1,0,1,0,1,0,0,0,red,-1,1,0,0,0,0,0,0,0,1,0,3,--,++,++,-+,red,gray,red
2025-05-25 17:00:00,1.37276,1.37276,1.37077,1.37144,1.37399,1.37399,1.37165,1.3722,88,1.373375,1.373375,1.37121,1.37182,1.3722925,-0.52064942795,-0.46553745384,1.3903074214,1.38754000431,1.38463847638,1.3947208168,1.39152206127,1.39294190619,1.42740014244,1.42043328779,1.40636131284,0,0,0,0,0,0,0,0,0,0,0,0,0,0,0,0,0,0,2.46022727273,0,0,0,0,1,0,0,0,red,-1,1,0,0,0,0,0,0,0,0,1,2,-+,-+,--,-+,red,gray,red
2025-05-25 21:00:00,1.37144,1.37383,1.37144,1.37189,1.3722,1.37459,1.37191,1.37191,17518,1.37182,1.37421,1.371675,1.3719,1.3729425,-0.56844597558,-0.42866934253,1.39001204283,1.38685719127,1.3831272811,1.39474962785,1.39162602379,1.39296287954,1.42741128265,1.42026676081,1.40618842178,1,0,0,0,0,0,0,0,0,0,0,0,0,0,0,0,0,0,0.01447083,0,0,0,0,1,0,0,0,gray,0,0,0,0,0,0,0,1,0,0,0,1,+-,+-,--,-+,red,gray,red
2025-05-26 01:00:00,1.37189,1.37225,1.36898,1.3705,1.37191,1.37229,1.36905,1.37057,23299,1.3719,1.37227,1.369015,1.370535,1.3706425,-0.62648983105,-0.40879797515,1.38968496262,1.38617629237,1.38098432488,1.39478126124,1.391740687,1.39294220661,1.42742224742,1.42010967171,1.40601817232,0,0,0,0,0,0,0,0,0,0,0,0,0,0,0,0,0,0,0.01397055668,0,0,0,0,1,0,0,0,gray,0,0,0,0,1,0,0,1,0,0,0,1,+-,+-,--,-+,red,gray,red
2025-05-26 05:00:00,1.3705,1.37147,1.3686,1.37143,1.37057,1.37155,1.36862,1.37149,28513,1.370535,1.37151,1.36861,1.37146,1.37006,-0.65246416886,-0.30158790979,1.38923650395,1.38503956832,1.37924595991,1.39482720213,1.39184103814,1.39288890642,1.42742842846,1.4199519156,1.40585761209,0,1,0,1,0,1,0,1,0,1,0,1,0,0,0,0,0,0,0.01017079928,1,0,1,0,1,0,0,0,gray,0,0,0,0,1,0,0,1,0,0,0,1,+-,+-,--,-+,red,gray,red
2025-05-26 09:00:00,1.37143,1.3726,1.37104,1.37259,1.37149,1.37263,1.37108,1.37262,19598,1.37146,1.372615,1.37106,1.372605,1.3718375,-0.6264683469,-0.09390422256,1.38868581134,1.38346118478,1.37798526792,1.39486818862,1.39192242836,1.39280040917,1.42742658913,1.41979083442,1.40569861826,0,0,0,0,0,0,0,0,0,0,0,0,0,0,0,0,0,0,0.00793448311,0,0,0,0,1,0,0,0,gray,0,0,0,0,0,0,0,0,0,1,0,3,--,+-,--,-+,red,gray,red
2025-05-26 13:00:00,1.37259,1.37353,1.37198,1.37338,1.37262,1.37358,1.372,1.37341,17062,1.372605,1.373555,1.37199,1.373395,1.3727725,-0.59231928986,0.07126155801,1.38812613355,1.38206509918,1.37651671434,1.39486304043,1.39200620239,1.39268473537,1.42741969499,1.41962855616,1.40553362786,0,0,0,0,0,0,0,0,0,0,0,0,0,0,0,0,0,0,0.00917242996,0,0,0,0,1,0,0,0,green,1,0,1,0,0,0,0,0,0,0,1,2,-+,+-,--,-+,red,gray,red
2025-05-26 17:00:00,1.37338,1.37393,1.37316,1.37354,1.37341,1.37398,1.37321,1.3738,5845,1.373395,1.373955,1.373185,1.37367,1.37357,-0.55856137074,0.17952899572,1.38727662327,1.38092477428,1.37522537147,1.39484716357,1.39207908962,1.39255099315,1.42739644646,1.41948520399,1.40536601586,0,0,0,0,0,0,0,0,0,0,0,0,0,0,0,0,0,0,0.01317365269,0,0,0,0,1,0,0,0,green,1,0,1,0,0,0,0,0,0,0,1,2,-+,+-,--,-+,red,gray,red
2025-05-26 21:00:00,1.37354,1.37378,1.37221,1.3724,1.3738,1.37406,1.37226,1.37242,9063,1.37367,1.37392,1.372235,1.37241,1.3730775,-0.51039200992,0.26452477011,1.38613322918,1.37963949,1.37454779718,1.39482548196,1.39212556071,1.39231839041,1.42735418135,1.41935470955,1.40517597408,0,0,0,0,0,0,0,0,0,0,0,0,0,0,0,0,0,0,0.01859207768,0,0,0,0,1,0,0,0,green,1,0,1,0,0,0,0,0,1,0,0,4,++,++,--,-+,gray,gray,red
2025-05-27 01:00:00,1.3724,1.37451,1.3722,1.37445,1.37242,1.37457,1.37223,1.37449,20572,1.37241,1.37454,1.372215,1.37447,1.3733775,-0.45643330246,0.31478181578,1.3850685577,1.37844205375,1.37419273774,1.39479572935,1.39215082325,1.39207321716,1.42729719413,1.41921967861,1.40498355412,0,1,0,0,0,0,0,0,0,0,0,0,0,0,0,0,0,0,0.0113017694,0,0,0,0,1,0,0,0,green,1,0,1,0,0,0,0,1,0,0,0,1,+-,++,--,-+,gray,gray,red
2025-05-27 05:00:00,1.37445,1.37688,1.37325,1.37629,1.37449,1.37693,1.37328,1.37631,32617,1.37447,1.376905,1.373265,1.3763,1.375085,-0.40257696065,0.34570780445,1.38413578403,1.37761648453,1.37406819019,1.39476897959,1.39221385373,1.39190260784,1.42724668434,1.41908083879,1.40479184541,0,0,0,0,0,0,0,0,0,0,0,0,0,0,0,0,0,0,0.01115982463,0,0,0,0,1,0,0,0,green,1,0,1,0,0,0,0,1,0,0,0,1,+-,++,--,-+,gray,gray,red
2025-05-27 09:00:00,1.37629,1.37744,1.37577,1.37634,1.37631,1.37747,1.37582,1.37637,28569,1.3763,1.377455,1.375795,1.376355,1.376625,-0.34588155156,0.37094395883,1.38309783911,1.37701098646,1.37387005215,1.39478449667,1.39226978367,1.39171083996,1.42719587748,1.41893783089,1.40460905482,0,0,0,0,0,0,0,0,0,0,0,0,0,0,0,0,0,0,0.00581049389,0,1,-1,0,1,0,0,0,green,1,0,1,0,0,0,0,0,0,1,0,3,--,++,--,-+,gray,gray,red
2025-05-27 13:00:00,1.37634,1.37799,1.37546,1.37772,1.37637,1.37804,1.3755,1.37774,45623,1.376355,1.378015,1.37548,1.37773,1.3767475,-0.29390949612,0.36767927864,1.38209492841,1.37658086316,1.37377154172,1.39481658098,1.39234242396,1.39154780055,1.42714460194,1.41879466424,1.40443083222,0,0,0,0,0,0,0,0,0,0,0,0,0,0,0,0,0,0,0.00555640795,0,0,0,0,1,0,0,0,gray,0,0,0,0,0,0,0,1,0,0,0,1,+-,++,--,-+,gray,gray,red
2025-05-27 17:00:00,1.37772,1.38355,1.37726,1.38086,1.37774,1.38361,1.3773,1.38104,25609,1.37773,1.38358,1.37728,1.38095,1.38043,-0.21255154616,0.44191017587,1.38130589545,1.37614294276,1.37403423338,1.39484597333,1.39238728898,1.39142433583,1.42710527276,1.41866024508,1.40425825699,1,0,0,0,0,0,0,0,0,0,0,0,0,0,0,0,0,0,0.02460072631,0,0,0,0,1,0,0,0,gray,0,0,0,0,0,0,0,0,0,0,1,2,-+,++,--,-+,gray,gray,red
2025-05-27 21:00:00,1.38086,1.38179,1.3801,1.38052,1.38104,1.38184,1.38019,1.38055,8766,1.38095,1.381815,1.380145,1.380535,1.38098,-0.13061226037,0.49905736288,1.38064948042,1.37579726242,1.3745523867,1.39486545677,1.39241879282,1.39130060536,1.42708292456,1.41852162815,1.40408260937,0,0,0,0,0,0,0,0,0,0,0,0,0,0,0,0,0,0,0.01905087839,0,0,0,0,1,0,0,0,green,1,0,1,0,0,0,0,0,0,1,0,3,--,+-,--,-+,gray,gray,red
2025-05-28 01:00:00,1.38052,1.38347,1.38042,1.38341,1.38055,1.38351,1.38047,1.38346,27787,1.380535,1.38349,1.380445,1.383435,1.3819675,-0.05669604098,0.51520510914,1.380104905,1.37570822961,1.37499140936,1.39489921568,1.39244126931,1.3911584552,1.42706615951,1.41838008682,1.40392384125,0,0,0,0,0,0,0,0,0,0,0,0,0,0,0,0,0,0,0.01095836182,0,0,0,0,1,0,0,0,green,1,0,1,0,0,0,0,1,0,0,0,1,+-,+-,--,-+,gray,gray,red
2025-05-28 05:00:00,1.38341,1.38387,1.38136,1.38173,1.38346,1.38393,1.38141,1.38178,25896,1.383435,1.3839,1.381385,1.381755,1.3826425,0.00717065113,0.49223136995,1.37956433538,1.37582282591,1.37607912749,1.39493888742,1.39243797351,1.39099967711,1.42705552646,1.41824431392,1.40378004722,0,0,0,0,0,0,0,0,0,0,0,0,0,0,0,0,0,0,0.00971192462,0,1,-1,1,0,1,1,0,gray,0,0,0,0,0,0,0,0,0,1,0,3,--,+-,--,-+,gray,gray,red
2025-05-28 09:00:00,1.38173,1.38394,1.38118,1.38384,1.38178,1.38398,1.38122,1.38388,29197,1.381755,1.38396,1.3812,1.38386,1.38258,0.06809843785,0.45314389606,1.37908842497,1.37593841017,1.37705930199,1.39498530441,1.39241419217,1.39078953955,1.42704709005,1.41811217094,1.40363065453,0,0,0,0,0,0,0,0,0,0,0,0,0,0,0,0,0,0,0.009453026,0,0,0,1,0,0,0,0,gray,0,0,0,1,0,0,0,1,0,0,0,1,+-,+-,--,-+,gray,gray,red
2025-05-28 13:00:00,1.38384,1.38446,1.38088,1.38221,1.38388,1.38449,1.38092,1.38222,51071,1.38386,1.384475,1.3809,1.382215,1.3826875,0.09658831692,0.33957194502,1.3787804692,1.3764998589,1.37804094159,1.3950102729,1.39236811595,1.39053330309,1.4270383975,1.4179819363,1.40350580623,0,1,0,0,0,0,0,0,0,0,0,0,0,0,0,0,0,0,0.00700005874,0,1,-1,1,0,0,0,0,gray,0,0,0,1,0,0,0,1,0,0,0,1,+-,+-,--,-+,gray,gray,red
2025-05-28 17:00:00,1.38221,1.38377,1.38182,1.38359,1.38222,1.38385,1.38186,1.3837,20976,1.382215,1.38381,1.38184,1.383645,1.382825,0.12007997159,0.24879506479,1.37861466388,1.37705987654,1.37896125327,1.39501886534,1.39230446839,1.39026497065,1.42702852775,1.41784586576,1.40339948119,0,0,0,0,0,0,0,0,0,0,0,0,0,0,0,0,0,0,0.00939168574,0,0,0,1,0,0,0,0,gray,0,0,0,1,0,0,0,0,0,0,1,2,-+,+-,--,-+,gray,gray,red
2025-05-28 21:00:00,1.38359,1.38609,1.38312,1.38542,1.3837,1.38618,1.38327,1.38548,34174,1.383645,1.386135,1.383195,1.38545,1.384665,0.14764982351,0.20348863992,1.37847103589,1.37767332947,1.37968500262,1.39501752978,1.39222870532,1.38987725092,1.42701853828,1.41771025046,1.40330642924,0,0,0,0,0,0,0,0,0,0,0,0,0,0,0,0,0,0,0.00860303154,0,0,0,1,0,0,0,0,gray,0,0,0,1,0,0,0,1,0,0,0,1,+-,++,--,-+,gray,gray,red
2025-05-29 01:00:00,1.38542,1.38616,1.38407,1.38431,1.38548,1.38622,1.38412,1.38434,33202,1.38545,1.38619,1.384095,1.384325,1.3851425,0.16850208712,0.16460480493,1.37862172544,1.37829447579,1.3802855021,1.39501528225,1.39209077432,1.38936358178,1.42701773977,1.41757565711,1.40323065542,1,0,1,0,1,0,1,0,1,0,1,0,0,0,0,0,0,0,0.00630986085,0,1,-1,1,0,0,0,0,gray,0,0,0,1,0,0,0,0,0,1,0,3,--,++,--,-+,gray,gray,red
2025-05-29 05:00:00,1.38431,1.38571,1.38165,1.38325,1.38434,1.38575,1.38168,1.38332,37475,1.384325,1.38573,1.381665,1.383285,1.3836975,0.17846567781,0.12335049267,1.37880313117,1.37883016631,1.38079340168,1.39502974537,1.39194335115,1.38886149114,1.42700517945,1.41744155557,1.40315636268,0,0,0,0,0,0,0,0,0,0,0,0,0,0,0,0,0,0,0.01084723149,0,0,0,1,0,0,0,0,gray,0,0,0,1,0,0,0,0,1,0,0,4,++,++,--,-+,gray,gray,red
2025-05-29 09:00:00,1.38325,1.38355,1.37955,1.3796,1.38332,1.38358,1.3796,1.37963,36344,1.383285,1.383565,1.379575,1.379615,1.38157,0.17480515771,0.05758847636,1.37904654416,1.37931233302,1.38156772134,1.39505457969,1.39184024476,1.38839328551,1.42699198269,1.41731313688,1.40308536363,0,0,0,0,0,0,0,0,0,0,0,0,0,0,0,0,0,0,0.01097842835,0,0,0,1,0,0,0,0,gray,0,0,0,0,0,0,0,0,0,0,1,2,-+,++,--,-+,gray,gray,red
2025-05-29 13:00:00,1.3796,1.38276,1.37848,1.38047,1.37963,1.38278,1.37852,1.38049,52571,1.379615,1.38277,1.3785,1.38048,1.380635,0.16198480691,-0.01463746034,1.37932315615,1.3797514164,1.38228267707,1.39508691588,1.39172283122,1.38787120359,1.42698031961,1.41718641741,1.40300702777,0,1,0,1,0,1,0,0,0,0,0,0,0,0,0,0,0,0,0.00812234882,0,0,0,1,0,0,0,0,red,-1,1,0,0,0,0,0,1,0,0,0,1,+-,++,--,-+,gray,gray,red
2025-05-29 17:00:00,1.38047,1.38118,1.37967,1.38077,1.38049,1.3812,1.37969,1.38102,23394,1.38048,1.38119,1.37968,1.380895,1.380435,0.13287820635,-0.10372969154,1.3795736826,1.38036561435,1.38256564166,1.39511133255,1.3916218252,1.38734734466,1.42695891956,1.4170568727,1.40292711786,0,0,0,0,0,0,0,0,0,0,0,0,0,0,0,0,0,0,0.00645464649,0,0,0,1,0,0,0,0,red,-1,1,0,0,0,0,0,0,0,1,0,3,--,++,--,-+,gray,gray,red
2025-05-29 21:00:00,1.38077,1.38176,1.37982,1.38103,1.38102,1.38184,1.38007,1.38108,13761,1.380895,1.3818,1.379945,1.381055,1.3808725,0.10436937068,-0.15715411848,1.37981320701,1.38096272505,1.38236651333,1.395124885,1.39154415565,1.38689117276,1.4269329211,1.41691875307,1.4028550719,0,0,0,0,0,0,0,0,0,0,0,0,0,0,0,0,0,0,0.01348012499,0,0,0,1,0,0,0,0,red,-1,1,0,0,0,0,0,0,0,0,1,2,-+,-+,--,-+,green,gray,red
2025-05-30 01:00:00,1.38103,1.38257,1.38017,1.38208,1.38108,1.38261,1.38026,1.38211,27618,1.381055,1.38259,1.380215,1.382095,1.3814025,0.09199576383,-0.14039201133,1.3800448834,1.38130457192,1.38202021066,1.3951406728,1.39146548919,1.38647591768,1.42690882183,1.41677633353,1.40278741515,0,0,0,0,0,0,0,0,0,0,0,0,0,0,0,0,0,0,0.00859946412,0,0,0,1,0,0,0,0,gray,0,0,0,0,0,0,0,1,0,0,0,1,+-,-+,--,-+,green,gray,red
2025-05-30 05:00:00,1.38208,1.38298,1.38108,1.3818,1.38211,1.38303,1.38114,1.38184,28941,1.382095,1.383005,1.38111,1.38182,1.3820575,0.10175841452,-0.05736460274,1.38040027698,1.38133775043,1.38170316853,1.39515049671,1.39137461666,1.38609633186,1.42688607297,1.41663236858,1.40270852685,1,0,1,0,0,0,0,0,0,0,0,0,0,0,0,0,0,0,0.00654780415,0,0,0,1,0,0,0,0,gray,0,0,0,0,0,0,1,1,0,0,0,1,+-,-+,--,-+,green,gray,red
2025-05-30 09:00:00,1.3818,1.38207,1.37866,1.37939,1.38184,1.38211,1.3787,1.37942,34022,1.38182,1.38209,1.37868,1.379405,1.380385,0.10640278232,-0.00367281903,1.38076506337,1.38124990663,1.38153703482,1.39514470461,1.39127253272,1.38571342504,1.42687677304,1.41649130691,1.40263190514,0,0,0,0,0,0,0,0,0,0,0,0,0,0,0,0,0,0,0.01002292634,0,0,0,1,0,0,0,0,green,1,0,1,0,0,0,0,0,1,0,0,4,++,-+,--,-+,green,gray,red
2025-05-30 13:00:00,1.37939,1.37984,1.37389,1.37567,1.37942,1.37991,1.37395,1.37569,61305,1.379405,1.379875,1.37392,1.37568,1.3768975,0.08479541402,-0.04452157561,1.38099063542,1.3811480433,1.38151012786,1.39512639332,1.39113766848,1.38535060372,1.42687391025,1.41635362963,1.40256539885,0,0,0,0,0,0,0,0,0,0,0,0,0,0,0,0,0,0,0.00971372645,0,0,0,1,0,0,0,0,gray,0,0,0,0,0,0,0,1,0,0,0,1,+-,-+,--,-+,green,gray,red
2025-05-30 17:00:00,1.37567,1.37611,1.3714,1.37354,1.37569,1.37617,1.37143,1.3747,28916,1.37568,1.37614,1.371415,1.37412,1.3737775,0.03431271571,-0.16876756278,1.38103520192,1.38111360039,1.38161960229,1.39513191137,1.39097293815,1.3850486742,1.42686281234,1.41621476212,1.40251126414,0,0,0,0,0,0,0,0,0,0,0,0,0,0,0,0,0,0,0.01634043436,1,0,1,1,0,0,0,0,red,-1,1,0,0,0,0,0,0,0,0,1,2,-+,-+,--,-+,green,gray,red
2025-06-01 17:00:00,1.37354,1.37393,1.37313,1.37392,1.3747,1.37506,1.37437,1.37505,52,1.37412,1.374495,1.37375,1.374485,1.3741225,-0.01903938045,-0.27486859264,1.38100441716,1.38114971284,1.38137268183,1.39513368765,1.39079906655,1.38480091907,1.42685022531,1.41608014941,1.40247750536,0,0,0,0,0,0,0,0,0,0,0,0,0,0,0,0,0,0,1.43269230769,0,0,0,0,1,-1,0,1,red,-1,1,0,0,0,0,0,0,0,0,1,2,-+,-+,+-,-+,green,gray,red
2025-06-01 21:00:00,1.37392,1.37392,1.37128,1.37178,1.37505,1.37505,1.37135,1.37182,14207,1.374485,1.374485,1.371315,1.3718,1.3729,-0.09245009042,-0.39263386889,1.38096061584,1.38126318623,1.38047764546,1.39514639902,1.39054967443,1.38456405381,1.4268291637,1.41594414018,1.40245703657,0,0,0,0,0,0,0,0,0,0,0,0,0,0,0,0,0,0,0.02231294432,0,0,0,0,1,0,0,0,red,-1,1,0,0,0,0,0,1,0,0,0,1,+-,+-,+-,-+,gray,gray,red
2025-06-02 01:00:00,1.37178,1.37289,1.3704,1.37224,1.37182,1.37292,1.37046,1.3723,22448,1.3718,1.372905,1.37043,1.37227,1.3716675,-0.16642381152,-0.45875193037,1.3809538377,1.38115341295,1.37913761637,1.39514261926,1.39021990762,1.38444246399,1.42680375478,1.41580497006,1.40243578979,0,0,0,0,0,0,0,0,0,0,0,0,0,0,0,0,0,0,0.01102548111,1,0,1,0,1,0,0,0,red,-1,1,0,0,0,0,0,1,0,0,0,1,+-,+-,+-,-+,gray,gray,red
2025-06-02 05:00:00,1.37224,1.37243,1.36744,1.36951,1.3723,1.37249,1.36747,1.36953,33684,1.37227,1.37246,1.367455,1.36952,1.3699575,-0.22311290174,-0.44208453899,1.38098835018,1.38062142384,1.3781345931,1.39513112916,1.38989395475,1.38434062681,1.42676739204,1.41566560323,1.40240404819,0,1,0,1,0,1,0,1,0,1,0,0,0,0,0,0,0,0,0.01485868662,0,0,0,0,1,0,0,0,gray,0,0,0,0,0,0,0,0,1,0,0,4,++,+-,+-,-+,gray,gray,red
2025-06-02 09:00:00,1.36951,1.37108,1.36853,1.36962,1.36953,1.37113,1.36859,1.36966,36218,1.36952,1.371105,1.36856,1.36964,1.3698325,-0.2530845553,-0.34837448375,1.38107059248,1.37976593336,1.37708767448,1.39511454343,1.38958574649,1.38427082896,1.42672094007,1.41552553626,1.40236849925,0,0,0,0,0,0,0,0,0,0,0,0,0,0,0,0,0,0,0.00702689271,0,0,0,0,1,0,0,0,gray,0,0,0,0,1,0,0,1,0,0,0,1,+-,+-,+-,-+,gray,gray,red
2025-06-02 13:00:00,1.36962,1.37144,1.36894,1.37113,1.36966,1.37147,1.36897,1.37116,54902,1.36964,1.371455,1.368955,1.371145,1.370205,-0.28619731802,-0.27915491151,1.38101785459,1.37906050419,1.37600363958,1.39508246991,1.38924132382,1.38422293694,1.42667416702,1.41538986873,1.40233514161,0,0,0,0,0,0,0,0,0,0,0,0,0,0,0,0,0,0,0.00455356818,0,0,0,0,1,0,0,0,gray,0,0,0,0,1,0,0,1,0,0,0,1,+-,+-,+-,-+,gray,gray,red
2025-06-02 17:00:00,1.37113,1.37239,1.37008,1.37129,1.37116,1.3724,1.37012,1.37147,24235,1.371145,1.372395,1.3701,1.37138,1.3712475,-0.30189907252,-0.18994084139,1.38070090424,1.37829044116,1.37479441167,1.39503806014,1.38889257248,1.38417461526,1.42662294907,1.41525050234,1.40231107813,0,0,0,0,0,0,0,0,0,0,0,0,0,0,0,0,0,0,0.00946977512,0,0,0,0,1,0,0,0,gray,0,0,0,0,1,0,0,0,0,0,1,2,-+,+-,+-,-+,gray,gray,red
2025-06-02 21:00:00,1.37129,1.37258,1.37045,1.372,1.37147,1.37265,1.37089,1.37206,11369,1.37138,1.372615,1.37067,1.37203,1.3716425,-0.30186747818,-0.09755077949,1.38016833468,1.37746257352,1.37380202933,1.39498010441,1.38858248025,1.38413087658,1.42656947308,1.41509527486,1.4022844387,0,0,0,0,0,0,0,0,0,0,0,0,0,0,0,0,0,0,0.01710792506,0,0,0,0,1,0,0,0,gray,0,0,0,0,0,0,0,0,0,0,1,2,-+,--,+-,-+,red,gray,red
2025-06-03 01:00:00,1.372,1.37354,1.37187,1.37329,1.37206,1.37361,1.37192,1.37333,19595,1.37203,1.373575,1.371895,1.37331,1.372735,-0.27795119559,0.02128736806,1.37970327048,1.37652443933,1.37308262347,1.39491142346,1.38829502607,1.38409246844,1.42650751824,1.41494240887,1.4022297551,0,0,0,0,0,0,0,0,0,0,0,0,0,0,0,0,0,0,0.00857361572,0,0,0,0,1,0,0,0,green,1,0,1,0,0,0,0,1,0,0,0,1,+-,--,+-,-+,red,gray,red
2025-06-03 05:00:00,1.37329,1.37394,1.3723,1.373,1.37333,1.37401,1.37232,1.37306,28294,1.37331,1.373975,1.37231,1.37303,1.3731425,-0.24896591729,0.11722453534,1.37917994198,1.37568794691,1.37271559877,1.39483531196,1.38802729832,1.38410930761,1.42643176222,1.41478928695,1.40216878457,0,0,0,0,0,0,0,0,0,0,0,0,0,0,0,0,0,0,0.00588463985,0,0,0,0,1,0,0,0,green,1,0,1,0,0,0,0,1,0,0,0,1,+-,--,+-,-+,red,gray,red
2025-06-03 09:00:00,1.373,1.3743,1.37222,1.373,1.37306,1.37433,1.37228,1.37304,30082,1.37303,1.374315,1.37225,1.37302,1.3732825,-0.22277800175,0.16322841266,1.37860206183,1.37500257855,1.37250097902,1.39472078598,1.3877554838,1.38413969562,1.42634840211,1.41464221919,1.40210453954,1,0,1,0,1,0,1,0,0,0,0,0,0,0,0,0,0,0,0.00686457017,0,0,0,0,1,0,0,0,green,1,0,1,0,0,0,0,0,1,0,0,4,++,--,+-,-+,red,gray,red
2025-06-03 13:00:00,1.373,1.3735,1.37013,1.37255,1.37304,1.37354,1.37017,1.37259,45943,1.37302,1.37352,1.37015,1.37257,1.371835,-0.2157798557,0.12839281555,1.37793709553,1.37453319373,1.37254778321,1.39460013108,1.38749406592,1.38412668986,1.42626233871,1.41450072898,1.40203560177,0,1,0,1,0,0,0,0,0,0,0,0,0,0,0,0,0,0,0.0073351762,0,0,0,0,1,0,0,0,gray,0,0,0,0,0,0,0,0,1,0,0,4,++,--,+-,-+,red,gray,red
2025-06-03 17:00:00,1.37255,1.37265,1.37132,1.37197,1.37259,1.37268,1.37135,1.37214,17914,1.37257,1.372665,1.371335,1.372055,1.372,-0.20880888079,0.08873661655,1.37731366511,1.37417185701,1.37266672657,1.39450656219,1.38726844654,1.3840514931,1.42617489882,1.41436525375,1.40196879203,0,0,0,0,0,0,0,0,0,0,0,0,0,0,0,0,0,0,0.00742436084,0,0,0,0,1,0,0,0,gray,0,0,0,1,0,0,0,0,0,0,1,2,-+,--,+-,-+,red,gray,red
2025-06-03 21:00:00,1.37197,1.37229,1.37074,1.37132,1.37214,1.37264,1.37118,1.37137,9947,1.372055,1.372465,1.37096,1.371345,1.3717125,-0.21138761072,0.03459966875,1.37676684471,1.37399224989,1.37278988126,1.39440404464,1.38707492933,1.38395100801,1.42607538317,1.41423853592,1.40192838376,0,0,0,0,0,0,0,0,0,0,0,0,0,0,0,0,0,0,0.01513019001,0,0,0,0,1,0,0,0,gray,0,0,0,0,0,1,0,0,0,0,1,2,-+,++,+-,-+,red,gray,red
2025-06-04 01:00:00,1.37132,1.37238,1.37056,1.37223,1.37137,1.37243,1.37062,1.37228,21783,1.371345,1.372405,1.37059,1.372255,1.3714975,-0.21888937053,-0.01144855276,1.37634227974,1.37388603115,1.37259890501,1.3943114992,1.38688715789,1.38384759601,1.42597645643,1.41411293062,1.40189860331,0,0,0,0,0,0,0,0,0,0,0,0,0,0,0,0,0,0,0.00833218565,1,0,1,0,1,0,0,0,red,-1,1,0,0,0,0,0,1,0,0,0,1,+-,++,+-,-+,red,gray,red
2025-06-04 05:00:00,1.37223,1.37318,1.3707,1.37087,1.37228,1.37325,1.37074,1.3709,28824,1.372255,1.373215,1.37072,1.370885,1.3719675,-0.21949534995,-0.01574950952,1.37598075822,1.37381058976,1.372479124,1.3942332801,1.38676975501,1.38376009319,1.42587862763,1.413978991,1.40186758871,1,0,1,0,0,0,0,0,0,0,0,0,0,0,0,0,0,0,0.00865598113,0,0,0,0,1,0,0,0,red,-1,1,0,0,0,0,0,0,1,0,0,4,++,++,+-,-+,red,gray,red
2025-06-04 09:00:00,1.37087,1.37197,1.3694,1.36997,1.3709,1.372,1.36942,1.37002,32768,1.370885,1.371985,1.36941,1.369995,1.3706975,-0.21627588682,-0.00444389146,1.37573108451,1.37356364104,1.3723257992,1.39415445111,1.38666448674,1.38369075221,1.42577352517,1.41384123782,1.40183086934,0,0,0,0,0,0,0,0,0,0,0,0,0,0,0,0,0,0,0.00785827637,0,0,0,0,1,0,0,0,gray,0,0,0,0,0,0,0,1,0,0,0,1,+-,++,+-,-+,red,gray,red
2025-06-04 13:00:00,1.36997,1.371,1.3655,1.36553,1.37002,1.37104,1.36552,1.36556,57637,1.369995,1.37102,1.36551,1.365545,1.368265,-0.2310563504,-0.0396381169,1.37553196262,1.37336818591,1.37216013936,1.39406808088,1.38657908698,1.38364271538,1.42567062457,1.41370603937,1.4018033633,0,0,0,0,0,0,0,0,0,0,0,0,0,0,0,0,0,0,0.00955983136,0,0,0,0,1,0,0,0,gray,0,0,0,0,0,0,0,0,1,0,0,4,++,++,+-,-+,red,gray,red
2025-06-04 17:00:00,1.36553,1.36858,1.36523,1.36783,1.36556,1.3686,1.36526,1.36796,21377,1.365545,1.36859,1.365245,1.367895,1.3669175,-0.25239011173,-0.08437883034,1.37535892704,1.37316122517,1.37212161149,1.39397473165,1.38650751267,1.38354690022,1.42556586164,1.41355913577,1.40177993717,0,1,0,1,0,0,0,0,0,0,0,0,0,0,0,0,0,0,0.0156476587,1,0,1,0,1,0,0,0,red,-1,1,0,0,0,0,0,0,0,0,1,2,-+,++,+-,-+,red,gray,red
2025-06-04 21:00:00,1.36783,1.36827,1.36685,1.36724,1.36796,1.36832,1.36719,1.36729,13006,1.367895,1.368295,1.36702,1.367265,1.3676575,-0.26653110589,-0.10009260619,1.37508785573,1.37295325952,1.37183678919,1.3938610268,1.38643610335,1.38335132963,1.42545899596,1.41341828111,1.40176111816,0,0,0,0,0,0,0,0,0,0,0,0,0,0,0,0,0,0,0.00980316777,0,0,0,0,1,0,0,0,red,-1,1,0,0,0,0,0,0,0,1,0,3,--,+-,+-,-+,red,gray,red
2025-06-05 01:00:00,1.36724,1.36839,1.36693,1.36784,1.36729,1.36845,1.36697,1.36788,20430,1.367265,1.36842,1.36695,1.36786,1.367685,-0.28437369278,-0.11667260075,1.37485032836,1.37283003958,1.37112243135,1.39372862763,1.38636794693,1.3830697464,1.42535501984,1.41327794514,1.40172949581,0,0,0,0,0,0,0,0,0,0,0,0,0,0,0,0,0,0,0.00719530103,1,0,1,0,1,0,0,0,red,-1,1,0,0,0,0,0,1,0,0,0,1,+-,+-,+-,-+,red,gray,red
2025-06-05 05:00:00,1.36784,1.36831,1.36592,1.36645,1.36788,1.36835,1.36596,1.36649,26075,1.36786,1.36833,1.36594,1.36647,1.367135,-0.29516000005,-0.09967155156,1.37460895695,1.37256347213,1.37028144508,1.39359021608,1.38630352971,1.3828065921,1.42525769884,1.41314136598,1.40168814515,0,0,0,0,0,0,0,0,0,0,0,0,0,0,0,0,0,0,0.00916586769,0,0,0,0,1,0,0,0,gray,0,0,0,0,0,0,0,0,1,0,0,4,++,+-,+-,-+,red,gray,red
2025-06-05 09:00:00,1.36645,1.36674,1.36479,1.36549,1.36649,1.36678,1.36484,1.36551,33598,1.36647,1.36676,1.364815,1.3655,1.3657875,-0.29259390785,-0.04900206179,1.37436961411,1.37202616312,1.36975665607,1.39340473612,1.38627373826,1.38251522174,1.42516003916,1.41300208973,1.40164100525,0,0,0,0,0,0,0,0,0,0,0,0,0,0,0,0,0,0,0.00578903506,0,0,0,0,1,0,0,0,gray,0,0,0,0,0,0,0,1,0,0,0,1,+-,+-,+-,-+,red,gray,red
2025-06-05 13:00:00,1.36549,1.36754,1.36345,1.36668,1.36551,1.36757,1.36346,1.36672,63450,1.3655,1.367555,1.363455,1.3667,1.365505,-0.27991509969,0.01294420079,1.3741848361,1.37138758023,1.36934232485,1.3931688683,1.38625317029,1.3821961711,1.42506442234,1.41286197346,1.4015936198,0,1,0,1,0,1,0,1,0,0,0,0,0,0,0,0,0,0,0.00646178093,1,0,1,0,1,0,0,0,green,1,0,1,0,0,0,0,0,1,0,0,4,++,+-,+-,-+,red,gray,red
2025-06-05 17:00:00,1.36668,1.36743,1.36563,1.36738,1.36672,1.36755,1.36567,1.36755,23798,1.3667,1.36749,1.36565,1.367465,1.36657,-0.2676154236,0.05558394637,1.37391657948,1.3709213202,1.36890085988,1.39293430237,1.38620670356,1.38183621019,1.42496460292,1.41272133195,1.40155687591,0,0,0,0,0,0,0,0,0,0,0,0,0,0,0,0,0,0,0.00773174216,0,0,0,0,1,0,0,0,green,1,0,1,0,0,0,0,0,0,0,1,2,-+,+-,+-,-+,red,gray,red
2025-06-05 21:00:00,1.36738,1.36755,1.36607,1.36651,1.36755,1.36796,1.36613,1.36657,7668,1.367465,1.367755,1.3661,1.36654,1.3669275,-0.25562031693,0.07685667654,1.37348184259,1.37051678017,1.36827818791,1.39270967537,1.38612239986,1.38148315989,1.42486241565,1.4125871846,1.40152689761,0,0,0,0,0,0,0,0,0,0,0,0,0,0,0,0,0,0,0.02158320292,0,0,0,0,1,0,0,0,green,1,0,1,0,0,0,0,0,0,0,1,2,-+,--,+-,-+,gray,gray,red
2025-06-06 01:00:00,1.36651,1.36705,1.36601,1.36615,1.36657,1.3671,1.36607,1.36619,16584,1.36654,1.367075,1.36604,1.36617,1.3665575,-0.24279238349,0.08487737968,1.37297689316,1.37009405765,1.36772355032,1.39246172958,1.38602262895,1.3811514493,1.42476626202,1.41245450355,1.40150193651,0,0,0,0,0,0,0,0,0,0,0,0,0,0,0,0,0,0,0.00624095514,0,0,0,0,1,0,0,0,green,1,0,1,0,0,0,0,1,0,0,0,1,+-,--,+-,-+,gray,gray,red
2025-06-06 05:00:00,1.36615,1.36808,1.36611,1.36805,1.36619,1.36814,1.36614,1.36812,23554,1.36617,1.36811,1.366125,1.368085,1.3671175,-0.21453251121,0.12796358093,1.37256770907,1.36955573795,1.36749284026,1.39221002476,1.3859210357,1.38086015668,1.42467913003,1.41232764946,1.40147247862,0,0,0,0,0,0,0,0,0,0,0,0,0,0,0,0,0,0,0.00842744332,0,0,0,0,1,0,0,0,green,1,0,1,0,0,0,0,0,1,0,0,4,++,--,+-,-+,gray,gray,red
2025-06-06 09:00:00,1.36805,1.37007,1.36659,1.36812,1.36812,1.37062,1.36666,1.36816,36391,1.368085,1.370345,1.366625,1.36814,1.368485,-0.17326840907,0.19587478404,1.37219211607,1.3690493957,1.36737977221,1.39198111998,1.38582924414,1.38058904913,1.4246048883,1.41220161877,1.40143668016,0,0,0,0,0,0,0,0,0,0,0,0,0,0,0,0,0,0,0.01022230771,0,0,0,0,1,0,0,0,green,1,0,1,0,0,0,0,0,1,0,0,4,++,--,+-,-+,gray,gray,red
2025-06-06 13:00:00,1.36812,1.37044,1.36692,1.36994,1.36816,1.37048,1.36694,1.36997,63258,1.36814,1.37046,1.36693,1.369955,1.368695,-0.13894747883,0.22512903947,1.37180310714,1.36873947124,1.36721531777,1.39176529279,1.38574875788,1.38035804768,1.42452833688,1.41207174058,1.40140260599,1,0,1,0,1,0,0,0,0,0,0,0,0,0,0,0,0,0,0.00558032186,0,0,0,0,1,0,0,0,green,1,0,1,0,0,0,0,1,0,0,0,1,+-,--,+-,-+,gray,gray,red
2025-06-06 17:00:00,1.36994,1.37035,1.36885,1.36885,1.36997,1.37038,1.36903,1.37009,29262,1.369955,1.370365,1.36894,1.36947,1.3696525,-0.099852644,0.25218244495,1.37134036813,1.36851297484,1.36719575421,1.3915608513,1.3856816441,1.38014582569,1.4244481954,1.41194009148,1.40136519206,0,0,0,0,0,0,0,0,0,0,0,0,0,0,0,0,0,0,0.00486979701,0,0,0,0,1,0,0,0,green,1,0,1,0,0,0,0,0,0,1,0,3,--,--,+-,-+,gray,gray,red
2025-06-08 21:00:00,1.36885,1.36996,1.36885,1.36922,1.37009,1.37095,1.36892,1.36928,9432,1.36947,1.370455,1.368885,1.36925,1.36967,-0.05956354317,0.26459408483,1.37089149366,1.36826854048,1.36745360337,1.3913531732,1.38558534148,1.37994396317,1.42436307419,1.41179442585,1.40131845461,0,0,0,0,0,0,0,0,0,0,0,0,0,0,0,0,0,0,0.01664546226,0,1,-1,0,1,0,0,0,green,1,0,1,0,0,0,0,0,0,0,1,2,-+,-+,-+,-+,gray,gray,red
2025-06-09 01:00:00,1.36922,1.36922,1.36768,1.36844,1.36928,1.36928,1.36773,1.36847,16611,1.36925,1.36925,1.367705,1.368455,1.3684775,-0.03723519205,0.21986069033,1.37055907107,1.36812466042,1.3677018827,1.39115119934,1.38542738073,1.37970546426,1.42427644137,1.41164709999,1.40126426396,0,0,0,0,0,0,0,0,0,0,0,0,0,0,0,0,0,0,0.00930106556,0,0,0,0,1,0,0,0,gray,0,0,0,0,0,0,0,1,0,0,0,1,+-,-+,-+,-+,gray,gray,red
2025-06-09 05:00:00,1.36844,1.36891,1.36696,1.36776,1.36847,1.36898,1.36702,1.3678,22659,1.368455,1.368945,1.36699,1.36778,1.3679675,-0.03433988684,0.13506726326,1.37027971945,1.36816970287,1.36809200616,1.39097068025,1.38521556472,1.37947883295,1.42418508476,1.41150002016,1.40122505032,0,0,0,0,0,0,0,0,0,0,0,0,0,0,0,0,0,0,0.00862791827,0,0,0,0,1,0,0,0,gray,0,0,0,1,0,0,0,1,0,0,0,1,+-,-+,-+,-+,gray,gray,red
2025-06-09 09:00:00,1.36776,1.3691,1.36691,1.36883,1.3678,1.36915,1.36696,1.36886,26656,1.36778,1.369125,1.366935,1.368845,1.36803,-0.03235513048,0.06920364277,1.36999339488,1.36823536501,1.36840760493,1.39080949283,1.38501387263,1.3792504114,1.42408822777,1.41135826042,1.40118383469,0,0,0,0,0,0,0,0,0,0,0,0,0,0,0,0,0,0,0.00821578631,0,0,0,0,1,0,0,0,gray,0,0,0,1,0,0,0,1,0,0,0,1,+-,-+,-+,-+,gray,gray,red
2025-06-09 13:00:00,1.36883,1.37076,1.36753,1.36857,1.36886,1.37081,1.36755,1.36861,30005,1.368845,1.370785,1.36754,1.36859,1.3691625,-0.0318426703,0.02461189139,1.36977217219,1.36841250688,1.36842158394,1.39065149291,1.3847936204,1.37902238459,1.42398768871,1.41121914771,1.40114967612,0,0,0,0,0,0,0,0,0,0,0,0,0,0,0,0,0,0,0.01081486419,0,0,0,0,1,0,0,0,gray,0,0,0,1,0,0,0,0,1,0,0,4,++,-+,-+,-+,gray,gray,red
