Date,BidOpen,BidHigh,BidLow,BidClose,AskOpen,AskHigh,AskLow,AskClose,Volume,Open,High,Low,Close,Median,ao,ac,jaw,teeth,lips,bjaw,bteeth,blips,tjaw,tteeth,tlips,fh,fl,fh3,fl3,fh5,fl5,fh8,fl8,fh13,fl13,fh21,fl21,fh34,fl34,fh55,fl55,fh89,fl89,mfi,fdbb,fdbs,fdb,aoaz,aobz,zlc,zlcb,zlcs,zcol,zone_sig,sz,bz,acs,acb,ss,sb,mfi_sq,mfi_green,mfi_fade,mfi_fake,mfi_sig,mfi_str,mfi_str_W1,mfi_str_D1,mfi_str_M1,zcol_W1,zcol_D1,zcol_M1
2025-03-24 01:00:00,3018.33,3025.55,3013.64,3019.36,3018.63,3025.85,3013.94,3019.66,45999,3018.48,3025.7,3013.79,3019.51,3019.745,-0.01493926688,-0.13166695179,3021.68940782349,3033.65364454996,3029.80747052885,2870.0647858127,2911.34245324706,2950.79839767381,2667.20451130663,2732.32366869148,2811.51145690931,0,1,0,0,0,0,0,0,0,0,0,0,0,0,0,0,0,0,25.8918672145,0,0,0,0,1,-1,0,1,gray,0,0,0,0,0,0,0,1,0,0,0,1,+-,+-,+-,-+,gray,gray,gray
2025-03-24 05:00:00,3019.36,3028.88,3017.18,3028.72,3019.66,3029.18,3017.48,3029.02,46742,3019.51,3029.03,3017.33,3028.87,3023.18,-0.01554520168,-0.07315656123,3022.81637645245,3031.71943898121,3028.54947642308,2870.41984439908,2912.7030450062,2953.21035656576,2667.43591843844,2733.10484393315,2812.00287040299,0,0,0,0,0,0,0,0,0,0,0,0,0,0,0,0,0,0,25.03102135125,0,0,0,0,1,0,0,0,gray,0,0,0,0,1,0,0,1,0,0,0,1,+-,+-,+-,-+,gray,gray,gray
2025-03-24 09:00:00,3028.72,3033.3,3022.28,3024.0,3029.02,3033.6,3022.58,3024.3,62161,3028.87,3033.45,3022.43,3024.15,3027.94,-0.01053298166,-0.02556353533,3023.23780903303,3030.07482160856,3027.18658113847,2870.89310457437,2914.09080782427,2955.56696372559,2667.68725552481,2733.93205490339,2812.52227755297,1,0,1,0,1,0,0,0,0,0,0,0,0,0,0,0,0,0,17.72815752642,0,0,0,0,1,0,0,0,gray,0,0,0,0,0,0,0,1,0,0,0,1,+-,+-,+-,-+,gray,gray,gray
2025-03-24 13:00:00,3024.0,3028.16,3005.68,3009.61,3024.3,3028.46,3005.98,3009.91,108479,3024.15,3028.31,3005.83,3009.76,3017.07,-0.02526858992,-0.03933166165,3023.98874679972,3029.25515640749,3025.69826491077,2871.38461463533,2915.43161131838,2957.90514126307,2667.94350285764,2734.78537226432,2813.04569923663,0,0,0,0,0,0,0,0,0,0,0,0,0,0,0,0,0,0,20.72290489403,0,0,0,0,1,0,0,0,gray,0,0,0,0,0,0,0,0,1,0,0,4,++,+-,+-,-+,gray,gray,gray
2025-03-24 17:00:00,3009.61,3014.48,3002.4,3010.56,3009.91,3014.78,3002.7,3012.44,39323,3009.76,3014.63,3002.55,3011.5,3008.59,-0.04773677305,-0.07022866754,3023.54192012282,3028.31513685655,3025.19461192862,2871.90627626864,2916.72467293077,2960.08469593181,2668.19560895085,2735.64022045203,2813.57758674193,0,1,0,1,0,1,0,0,0,0,0,0,0,0,0,0,0,0,30.71993489815,1,0,1,0,1,0,0,0,red,-1,1,0,0,0,0,0,0,0,0,1,2,-+,+-,+-,-+,gray,gray,gray
2025-03-24 21:00:00,3010.56,3014.76,3008.82,3014.12,3012.44,3015.06,3009.12,3014.42,9397,3011.5,3014.91,3008.97,3014.27,3011.94,-0.06224976834,-0.08445595102,3023.15888780568,3027.24386974948,3025.74368954289,2872.40089676,2918.11222433203,2962.20544016911,2668.44379699077,2736.48279461318,2814.197655584,0,0,0,0,0,0,0,0,0,0,0,0,0,0,0,0,0,0,63.2116632968,0,0,0,0,1,0,0,0,red,-1,1,0,0,0,0,0,0,0,0,1,2,-+,+-,-+,-+,gray,red,gray
2025-03-25 01:00:00,3014.12,3016.27,3007.31,3015.08,3014.42,3016.57,3007.61,3015.38,31209,3014.27,3016.42,3007.46,3015.23,3011.94,-0.08140718828,-0.10131447086,3023.18647335909,3026.7358860308,3024.00895163432,2872.88526870652,2919.4804566169,2964.50976545825,2668.68088240989,2737.35036845604,2814.932723948,0,0,0,0,0,0,0,0,0,0,0,0,0,0,0,0,0,0,28.70966708321,1,0,1,0,1,0,0,0,red,-1,1,0,0,0,0,0,1,0,0,0,1,+-,+-,-+,-+,gray,red,gray
2025-03-25 05:00:00,3015.08,3021.89,3010.43,3021.26,3015.38,3022.19,3010.73,3021.56,42364,3015.23,3022.04,3010.58,3021.41,3016.31,-0.10099854223,-0.10553469545,3023.07482156224,3026.88640027695,3020.92516130745,2873.36571512555,2920.91235740568,2967.06153706242,2668.90918908785,2738.21668661717,2815.60506614281,0,0,0,0,0,0,0,0,0,0,0,0,0,0,0,0,0,0,27.05126994618,0,0,0,0,1,0,0,0,red,-1,1,0,0,0,0,0,1,0,0,0,1,+-,+-,-+,-+,gray,red,gray
2025-03-25 09:00:00,3021.26,3026.42,3014.11,3021.58,3021.56,3026.72,3014.41,3022.18,54949,3021.41,3026.57,3014.26,3021.88,3020.415,-0.10020185392,-0.06107642252,3022.81868144207,3025.65935024233,3019.12812904596,2873.87579136009,2922.37976908922,2969.53855067823,2669.13082916985,2739.04466221109,2816.29131568348,0,0,0,0,0,0,0,0,0,0,0,0,0,0,0,0,0,0,22.40259149393,0,0,0,0,1,0,0,0,gray,0,0,0,0,0,0,0,1,0,0,0,1,+-,+-,-+,-+,gray,red,gray
2025-03-25 13:00:00,3021.58,3036.05,3017.89,3023.14,3022.18,3036.35,3018.19,3023.44,106695,3021.88,3036.2,3018.04,3023.29,3027.12,-0.07858500413,0.01719215284,3022.84647517729,3023.52568146204,3017.69050323677,2874.42367572683,2923.94231874214,2971.79035801122,2669.37300203677,2739.85596194409,2816.94885863012,1,0,1,0,1,0,1,0,0,0,0,0,0,0,0,0,0,0,17.02047893528,0,1,-1,0,1,0,0,0,green,1,0,1,0,0,0,0,1,0,0,0,1,+-,+-,-+,-+,gray,red,gray
2025-03-25 17:00:00,3023.14,3023.29,3017.66,3019.87,3023.44,3023.59,3017.96,3020.17,25031,3023.29,3023.44,3017.81,3020.02,3020.625,-0.06745879114,0.05146683788,3023.23828477904,3022.07747127928,3017.41440258942,2875.11284790968,2925.62964021955,2973.68049454031,2669.61662139476,2740.70606511171,2817.59817211186,0,0,0,0,0,0,0,0,0,0,0,0,0,0,0,0,0,0,22.49210978387,0,0,0,0,1,0,0,0,green,1,0,1,0,0,0,0,0,0,0,1,2,-+,+-,-+,-+,gray,red,gray
2025-03-25 21:00:00,3019.87,3022.17,3017.8,3018.06,3020.17,3022.81,3018.1,3018.36,8758,3020.02,3022.49,3017.95,3018.21,3020.22,-0.05471621432,0.0723233875,3022.7638013345,3020.81028736937,3018.01452207153,2875.80180467474,2927.47473767011,2975.53415646559,2669.87889162979,2741.56332448892,2818.29460841664,0,0,0,0,0,0,0,0,0,0,0,0,0,0,0,0,0,0,51.83831925097,0,0,0,0,1,0,0,0,green,1,0,1,0,0,0,0,0,0,0,1,2,-+,+-,+-,-+,gray,red,gray
2025-03-26 01:00:00,3018.06,3027.01,3014.15,3015.18,3018.36,3027.31,3014.45,3015.48,42921,3018.21,3027.16,3014.3,3015.33,3020.73,-0.04647086336,0.06483021977,3021.67350892415,3020.2477514482,3019.83561765723,2876.54557653233,2929.36728789429,2977.44631362837,2670.17101658568,2742.45556343961,2818.90976738597,0,0,0,0,0,0,0,0,0,0,0,0,0,0,0,0,0,0,29.96202325202,0,0,0,0,1,0,0,0,gray,0,0,0,0,0,0,0,1,0,0,0,1,+-,+-,+-,-+,gray,red,gray
2025-03-26 05:00:00,3015.18,3032.03,3013.08,3023.92,3015.48,3032.33,3013.5,3024.22,50396,3015.33,3032.18,3013.29,3024.07,3022.735,-0.04101321573,0.04685890834,3020.92477746845,3020.26865751718,3019.99349412578,2877.2481543241,2931.27015538712,2979.43362793342,2670.48726720482,2743.32221338193,2819.5693870569,1,0,1,0,0,0,0,0,0,0,0,0,0,0,0,0,0,0,37.48313358203,0,0,0,0,1,0,0,0,gray,0,0,0,1,0,0,0,0,1,0,0,4,++,+-,+-,-+,gray,red,gray
2025-03-26 09:00:00,3023.92,3030.32,3016.97,3026.98,3024.22,3030.62,3017.27,3027.28,75000,3024.07,3030.47,3017.12,3027.13,3023.795,-0.04375554957,0.0195129299,3020.2336407401,3021.12507532753,3020.03879530062,2878.01179865753,2933.11624347099,2981.1073447589,2670.81613387006,2744.14711804552,2820.24734270234,0,0,0,0,0,0,0,0,0,0,0,0,0,0,0,0,0,0,17.8,0,0,0,0,1,0,0,0,gray,0,0,0,0,0,1,0,1,0,0,0,1,+-,+-,+-,-+,gray,red,gray
2025-03-26 13:00:00,3026.98,3027.45,3012.17,3015.62,3027.28,3027.75,3012.47,3015.92,91556,3027.13,3027.6,3012.32,3015.77,3019.96,-0.04197041123,0.01018222473,3019.93182222164,3021.06256591159,3020.1770362405,2878.95781777374,2934.93840268061,2982.49521697188,2671.14840539825,2744.97935144447,2820.94631948913,0,1,0,1,0,1,0,0,0,0,0,0,0,0,0,0,0,0,16.68923937262,0,0,0,0,1,0,0,0,gray,0,0,0,0,0,0,0,1,0,0,0,1,+-,+-,+-,-+,gray,red,gray
2025-03-26 17:00:00,3015.62,3021.74,3015.23,3019.51,3015.92,3022.04,3015.53,3019.81,36743,3015.77,3021.89,3015.38,3019.66,3018.635,-0.04083072954,0.00556997853,3019.96898974305,3020.95724517264,3020.6886289924,2880.12621307966,2936.75888626823,2983.98065176682,2671.48022660409,2745.80869972153,2821.63886240934,0,0,0,0,0,0,0,0,0,0,0,0,0,0,0,0,0,0,17.71766050676,0,0,0,0,1,0,0,0,gray,0,0,0,1,0,0,0,0,0,0,1,2,-+,+-,+-,-+,gray,red,gray
2025-03-26 21:00:00,3019.51,3025.66,3017.52,3025.38,3019.81,3025.96,3017.82,3025.68,17669,3019.66,3025.81,3017.67,3025.53,3021.74,-0.03737498562,0.01017983921,3020.51906745512,3020.92883952606,3021.30990319392,2881.32167697764,2938.49072469972,2984.98651495015,2671.81141963697,2746.61099070985,2822.23239461483,0,0,0,0,0,0,0,0,0,0,0,0,0,0,0,0,0,0,46.06938706209,0,0,0,0,1,0,0,0,gray,0,0,0,0,0,0,0,0,0,0,1,2,-+,+-,++,-+,gray,gray,gray
2025-03-27 01:00:00,3025.38,3038.52,3022.9,3034.03,3025.68,3038.82,3023.2,3034.33,55075,3025.53,3038.67,3023.05,3034.18,3030.86,-0.02596607027,0.03383938314,3020.52721611242,3021.1546095853,3021.03992255514,2882.51896150598,2940.194347887,2985.9740439222,2672.15087873608,2747.37643710165,2822.7774300689,0,0,0,0,0,0,0,0,0,0,0,0,0,0,0,0,0,0,28.36132546527,0,0,0,0,1,0,0,0,green,1,0,1,0,0,0,0,1,0,0,0,1,+-,+-,++,-+,gray,gray,gray
2025-03-27 05:00:00,3034.03,3037.89,3026.62,3036.07,3034.33,3038.19,3026.92,3036.37,72157,3034.18,3038.04,3026.77,3036.22,3032.405,-0.01251744331,0.05412306548,3020.50358410377,3021.48465838714,3020.55893804411,2883.69447879243,2942.01904156178,2987.07826321861,2672.51706340787,2748.16706398105,2823.40451388786,0,0,0,0,0,0,0,0,0,0,0,0,0,0,0,0,0,0,15.61872029048,0,0,0,0,1,0,0,0,green,1,0,1,0,0,0,0,1,0,0,0,1,+-,+-,++,-+,gray,gray,gray
2025-03-27 09:00:00,3036.07,3055.93,3034.56,3049.97,3036.37,3056.23,3034.86,3050.27,109002,3036.22,3056.08,3034.71,3050.12,3045.395,0.0235428352,0.11878976304,3020.52100071118,3021.29407608875,3020.79515043529,2884.95487790712,2944.00542262429,2988.0975790063,2672.85967066673,2748.95467314851,2824.03797212475,0,0,0,0,0,0,0,0,0,0,0,0,0,0,0,0,0,0,19.60514485973,0,0,0,1,0,1,1,0,green,1,0,1,0,0,0,0,0,1,0,0,4,++,+-,++,-+,gray,gray,gray
2025-03-27 13:00:00,3049.97,3059.7,3032.92,3048.28,3050.27,3060.0,3033.31,3048.58,197261,3050.12,3059.85,3033.115,3048.43,3046.4825,0.06269378445,0.17074830349,3020.69130834878,3020.96169157765,3022.80812034823,2886.10583433513,2945.95586948567,2989.02838550611,2673.17398851642,2749.76414880023,2824.60111120722,0,0,0,0,0,0,0,0,0,0,0,0,0,0,0,0,0,0,13.55310983925,0,0,0,1,0,0,0,0,green,1,0,1,0,0,0,0,1,0,0,0,1,+-,+-,++,-+,gray,gray,gray
2025-03-27 17:00:00,3048.28,3057.73,3047.73,3056.15,3048.58,3058.03,3048.03,3056.45,62520,3048.43,3057.88,3047.88,3056.3,3052.88,0.10402478828,0.20751029809,3020.93005386041,3021.05898013045,3024.72749627858,2887.23020698305,2947.77667185866,2990.03284475593,2673.4541171941,2750.54204944916,2825.1729784905,0,0,0,0,0,0,0,0,0,0,0,0,0,0,0,0,0,0,15.99488163788,0,0,0,1,0,0,0,0,green,1,0,1,0,0,0,0,0,0,0,1,2,-+,+-,++,-+,gray,gray,gray
2025-03-27 21:00:00,3056.15,3063.31,3053.97,3061.88,3056.45,3063.61,3054.4,3062.18,18387,3056.3,3063.46,3054.185,3062.03,3058.8225,0.13777515464,0.2103330582,3020.85543433269,3022.28410761414,3028.86099702287,2888.37402488212,2949.38173237032,2991.14776108664,2673.76848956228,2751.33352133994,2825.80061405654,0,0,0,0,0,0,0,0,0,0,0,0,0,0,0,0,0,0,50.44324794692,0,0,0,1,0,0,0,0,green,1,0,1,0,0,0,0,0,0,0,1,2,-+,+-,--,-+,gray,gray,gray
2025-03-28 01:00:00,3061.88,3077.54,3061.66,3073.76,3062.18,3077.84,3061.96,3074.06,71851,3062.03,3077.69,3061.81,3073.91,3069.75,0.18231811698,0.22603902768,3020.68463169171,3023.54921916237,3032.38529761829,2889.49156392838,2950.9694281454,2991.91017987821,2674.11009171198,2752.15219721401,2826.44326604226,0,0,0,0,0,0,0,0,0,0,0,0,0,0,0,0,0,0,22.10129295347,0,0,0,1,0,0,0,0,green,1,0,1,0,0,0,0,1,0,0,0,1,+-,+-,--,-+,gray,gray,gray
2025-03-28 05:00:00,3073.76,3085.93,3065.91,3072.9,3074.06,3086.23,3066.32,3073.2,77796,3073.91,3086.08,3066.115,3073.05,3076.0975,0.21724798935,0.21530381505,3020.76581386927,3026.27994176708,3036.48423809464,2890.58210815391,2952.59812036094,2992.40076282297,2674.49865910797,2752.97930151782,2827.07393780586,0,0,0,0,0,0,0,0,0,0,0,0,0,0,0,0,0,0,25.663273176,0,1,-1,1,0,0,0,0,gray,0,0,0,0,0,0,0,0,1,0,0,4,++,+-,--,-+,gray,gray,gray
2025-03-28 09:00:00,3072.9,3081.81,3067.24,3077.36,3073.2,3082.11,3067.54,3077.66,93270,3073.05,3081.96,3067.39,3077.51,3074.675,0.24992390528,0.20186744739,3021.54228972548,3028.80526154619,3040.95189047571,2891.73332042184,2954.27842726347,2992.97544626935,2674.87833773103,2753.79741610358,2827.62901462665,0,0,0,0,0,0,0,0,0,0,0,0,0,0,0,0,0,0,15.62131446339,0,0,0,1,0,0,0,0,gray,0,0,0,1,0,0,0,1,0,0,0,1,+-,+-,--,-+,gray,gray,gray
2025-03-28 13:00:00,3077.36,3086.74,3067.22,3083.8,3077.66,3087.04,3067.52,3084.1,189858,3077.51,3086.89,3067.37,3083.95,3077.13,0.274949718,0.17606802887,3022.37788282352,3031.81460385292,3046.71151238057,2892.87524940587,2955.77045585868,2993.53322726143,2675.25875991211,2754.63118255807,2828.22881313618,0,0,0,0,0,0,0,0,0,0,0,0,0,0,0,0,0,0,10.28136818043,0,0,0,1,0,0,0,0,gray,0,0,0,1,0,0,0,1,0,0,0,1,+-,+-,--,-+,gray,gray,gray
2025-03-28 17:00:00,3083.8,3085.88,3073.48,3083.39,3084.1,3086.18,3073.78,3083.69,61862,3083.95,3086.03,3073.63,3083.54,3079.83,0.2933628766,0.14028251002,3024.14843029863,3035.1905908713,3052.58870990445,2894.05906682827,2957.08908393397,2994.20313234198,2675.64042765771,2755.46798005782,2828.81970679496,0,0,0,0,0,0,0,0,0,0,0,0,0,0,0,0,0,0,20.04461543435,0,0,0,1,0,0,0,0,gray,0,0,0,1,0,0,0,0,0,0,1,2,-+,+-,--,-+,gray,gray,gray
2025-03-30 21:00:00,3083.39,3097.75,3077.44,3078.93,3083.69,3098.27,3077.74,3079.23,29321,3083.54,3098.01,3077.59,3079.08,3087.8,0.30706244728,0.10859566747,3025.86643566028,3039.51051701239,3057.00596792356,2895.26761663919,2958.4692824079,2994.97406962604,2676.008848274,2756.2760359374,2829.36035119222,0,0,0,0,0,0,0,0,0,0,0,0,0,0,0,0,0,0,69.64291804509,0,1,-1,1,0,0,0,0,gray,0,0,0,1,0,0,0,0,0,0,1,2,-+,++,-+,-+,gray,green,gray
2025-03-31 01:00:00,3078.93,3115.85,3076.7,3113.35,3079.23,3116.15,3077.0,3113.65,80347,3079.08,3116.0,3076.85,3113.5,3096.425,0.31915734937,0.08525305785,3027.94440214795,3044.08388988584,3061.03077433885,2896.53786813763,2959.55493181867,2995.91953816645,2676.40393753587,2757.0474263411,2829.8899147256,0,0,0,0,0,0,0,0,0,0,0,0,0,0,0,0,0,0,48.72615032297,0,0,0,1,0,0,0,0,gray,0,0,0,1,0,0,0,1,0,0,0,1,+-,++,-+,-+,gray,green,gray
2025-03-31 05:00:00,3113.35,3127.87,3107.49,3122.16,3113.65,3128.35,3107.79,3122.46,87648,3113.5,3128.11,3107.64,3122.31,3117.875,0.35836616992,0.1346041604,3030.31964044426,3047.90777865011,3064.79061947108,2897.88851006866,2960.62779669469,2996.64616939684,2676.83039260872,2757.80192236539,2830.39956809557,1,0,1,0,0,0,0,0,0,0,0,0,0,0,0,0,0,0,23.35478276743,0,0,0,1,0,0,0,0,gray,0,0,0,0,0,0,0,1,0,0,0,1,+-,++,-+,-+,gray,green,gray
2025-03-31 09:00:00,3122.16,3126.58,3111.71,3124.5,3122.46,3126.88,3112.01,3124.8,89922,3122.31,3126.73,3111.86,3124.65,3119.295,0.39686863787,0.17437345267,3033.35274502547,3051.56055631885,3069.39249557686,2899.34043692182,2961.7712458457,2997.33951735576,2677.27124700498,2758.48343772004,2830.8014460949,0,0,0,0,0,0,0,0,0,0,0,0,0,0,0,0,0,0,16.53655390227,0,0,0,1,0,0,0,0,green,1,0,1,0,0,0,0,1,0,0,0,1,+-,++,-+,-+,gray,green,gray
2025-03-31 13:00:00,3124.5,3127.13,3099.51,3117.53,3124.8,3127.43,3099.81,3117.83,164147,3124.65,3127.28,3099.66,3117.68,3113.47,0.4244970464,0.17832138639,3036.64080310043,3055.09423677899,3074.79899646149,2900.82610616989,2962.86149592123,2998.02747272765,2677.71459913494,2759.1398500045,2831.18713049702,0,1,0,0,0,0,0,0,0,0,0,0,0,0,0,0,0,0,16.82638123146,0,0,0,1,0,0,0,0,green,1,0,1,0,0,0,0,0,1,0,0,4,++,++,-+,-+,gray,green,gray
2025-03-31 17:00:00,3117.53,3124.72,3115.77,3123.38,3117.83,3125.02,3116.07,3123.68,47974,3117.68,3124.87,3115.92,3123.53,3120.395,0.44889494532,0.16714269291,3039.56651055425,3059.18245718162,3083.41419716919,2902.3227229545,2963.89574144993,2998.75416470625,2678.17771027782,2759.83840215041,2831.59791431301,0,0,0,0,0,0,0,0,0,0,0,0,0,0,0,0,0,0,18.65593863343,0,0,0,1,0,0,0,0,gray,0,0,0,0,0,0,0,0,0,0,1,2,-+,++,-+,-+,gray,green,gray
2025-03-31 21:00:00,3123.38,3128.04,3119.97,3127.16,3123.68,3128.34,3120.27,3127.46,16245,3123.53,3128.19,3120.12,3127.31,3124.155,0.46655658347,0.13385334416,3042.45600974238,3063.83777503392,3090.59035773535,2903.78881595501,2964.97363705994,2999.49065986195,2678.66963942828,2760.51679956607,2832.08449129695,0,0,0,0,0,0,0,0,0,0,0,0,0,0,0,0,0,0,49.67682363804,0,0,0,1,0,0,0,0,gray,0,0,0,1,0,0,0,0,0,0,1,2,-+,++,--,++,gray,green,gray
2025-04-01 01:00:00,3127.16,3147.93,3126.4,3144.65,3127.46,3148.23,3126.7,3144.95,73415,3127.31,3148.08,3126.55,3144.8,3137.315,0.47115745342,0.08327125283,3045.33093206989,3070.59242815468,3095.16628618828,2905.24439105664,2966.11848002248,3000.09269927777,2679.17141757303,2761.16931330184,2832.64321010739,0,0,0,0,0,0,0,0,0,0,0,0,0,0,0,0,0,0,29.32643192808,0,0,0,1,0,0,0,0,gray,0,0,0,1,0,0,0,1,0,0,0,1,+-,++,--,++,gray,green,gray
2025-04-01 05:00:00,3144.65,3148.89,3124.01,3130.95,3144.95,3149.19,3124.31,3131.25,110106,3144.8,3149.04,3124.16,3131.1,3136.6,0.4707832055,0.04057679318,3048.59778344913,3076.68024963534,3100.21202895063,2906.7030495841,2967.0448712948,3000.63806106372,2679.68176527178,2761.81356517608,2833.21261489831,1,0,1,0,1,0,1,0,0,0,0,0,0,0,0,0,0,0,22.59640709861,0,1,-1,1,0,0,0,0,gray,0,0,0,0,0,0,0,1,0,0,0,1,+-,++,--,++,gray,green,gray
2025-04-01 09:00:00,3130.95,3138.99,3127.63,3133.32,3131.25,3139.29,3127.93,3133.62,84162,3131.1,3139.14,3127.78,3133.47,3133.46,0.47301377146,0.01952758385,3052.27680010689,3081.27896843092,3105.0006231605,2908.1109928472,2967.80023727126,3001.25870632655,2680.178146531,2762.42307777189,2833.8001141004,0,0,0,0,0,0,0,0,0,0,0,0,0,0,0,0,0,0,13.49777809463,0,0,0,1,0,0,0,0,gray,0,0,0,0,0,0,0,0,0,1,0,3,--,++,--,++,gray,green,gray
2025-04-01 13:00:00,3133.32,3137.06,3100.74,3106.58,3133.62,3137.36,3101.04,3106.88,168062,3133.47,3137.21,3100.89,3106.73,3119.05,0.44957165653,-0.04688503554,3057.32281548328,3086.16847237706,3111.4634985284,2909.50513899498,2968.60277841178,3002.12933261107,2680.67581059856,2763.07992078574,2834.37044316915,0,1,0,1,0,1,0,0,0,0,0,0,0,0,0,0,0,0,21.61107210434,0,0,0,1,0,0,0,0,gray,0,0,0,0,0,0,0,0,1,0,0,4,++,++,--,++,gray,green,gray
2025-04-01 17:00:00,3106.58,3120.63,3105.65,3113.88,3106.88,3120.93,3105.95,3114.18,40696,3106.73,3120.78,3105.8,3114.03,3113.29,0.41423749155,-0.11693944601,3062.08990659995,3090.91678832993,3116.49079882272,2910.97758125346,2969.3907278952,3003.01979341662,2681.17518510626,2763.73634816435,2834.93391231381,0,0,0,0,0,0,0,0,0,0,0,0,0,0,0,0,0,0,36.80951444859,0,0,0,1,0,0,0,0,red,-1,1,0,0,0,0,0,0,0,0,1,2,-+,++,--,++,gray,green,gray
2025-04-01 21:00:00,3113.88,3123.62,3107.55,3122.81,3114.18,3123.92,3107.85,3123.11,20457,3114.03,3123.77,3107.7,3122.96,3115.735,0.36459943425,-0.19672896527,3066.04222147688,3096.71656478869,3119.88463905818,2912.55390056522,2970.24380556984,3004.26612302202,2681.64999230756,2764.32888529669,2835.4944059783,0,0,0,0,0,0,0,0,0,0,0,0,0,0,0,0,0,0,78.5550178423,0,0,0,1,0,0,0,0,red,-1,1,0,0,0,0,0,0,0,0,1,2,-+,++,--,++,gray,green,gray
2025-04-02 01:00:00,3122.81,3135.59,3115.5,3116.11,3123.11,3135.89,3115.8,3116.41,53284,3122.96,3135.74,3115.65,3116.26,3125.695,0.32841796878,-0.21844191912,3070.2232044402,3101.7019941901,3119.71771124654,2914.11262078359,2971.15600910493,3005.50778116843,2682.13102017943,2764.85887935121,2836.07265663123,1,0,0,0,0,0,0,0,0,0,0,0,0,0,0,0,0,0,37.70362585391,0,0,0,1,0,0,0,0,red,-1,1,0,0,0,0,0,1,0,0,0,1,+-,++,--,++,gray,green,gray
2025-04-02 05:00:00,3116.11,3133.76,3106.87,3131.21,3116.41,3134.06,3108.08,3131.51,71700,3116.26,3133.91,3107.475,3131.36,3120.6925,0.29204343091,-0.21895026358,3074.37180409864,3105.67174491634,3118.43216899723,2915.59562504445,2972.17353621211,3006.9010817223,2682.56846442298,2765.38831549133,2836.67380137684,0,1,0,0,0,0,0,0,0,0,0,0,0,0,0,0,0,0,36.86889818689,0,0,0,1,0,0,0,0,red,-1,1,0,0,0,0,0,1,0,0,0,1,+-,++,--,++,gray,green,gray
2025-04-02 09:00:00,3131.21,3131.49,3110.07,3122.28,3131.51,3131.79,3110.37,3122.58,83476,3131.36,3131.64,3110.22,3122.43,3120.93,0.27439550443,-0.16997397276,3079.21358839875,3107.3440268018,3117.89273519779,2916.94910116755,2973.05447191735,3008.42818225988,2683.02216876138,2765.88089782828,2837.36189997839,0,0,0,0,0,0,0,0,0,0,0,0,0,0,0,0,0,0,25.66006996023,0,0,0,1,0,0,0,0,gray,0,0,0,0,0,0,0,1,0,0,0,1,+-,++,--,++,gray,green,gray
2025-04-02 13:00:00,3122.28,3134.34,3116.54,3131.38,3122.58,3134.64,3116.84,3131.68,124014,3122.43,3134.49,3116.69,3131.53,3125.59,0.27001381955,-0.10106683043,3083.62792775269,3108.08727345157,3119.45318815823,2918.29467306454,2973.9120269734,3010.23176513459,2683.49681818112,2766.36868367451,2838.04987289521,0,0,0,0,0,0,0,0,0,0,0,0,0,0,0,0,0,0,14.35321818504,0,0,0,1,0,0,0,0,gray,0,0,0,0,1,0,0,1,0,0,0,1,+-,++,--,++,gray,green,gray
2025-04-02 17:00:00,3131.38,3143.15,3104.38,3134.3,3131.68,3145.6,3105.28,3136.62,107086,3131.53,3144.375,3104.83,3135.46,3124.6025,0.2612275634,-0.06758056209,3087.46116407941,3109.04323927012,3119.70105052658,2919.66830033348,2974.76326284661,3012.16899263063,2683.98190619655,2766.85223009651,2838.77173141677,0,1,0,1,0,0,0,0,0,0,0,0,0,0,0,0,0,0,36.92826326504,0,0,0,1,0,0,0,0,gray,0,0,0,0,1,0,0,0,0,0,1,2,-+,++,--,++,gray,green,gray
2025-04-02 21:00:00,3134.3,3167.88,3123.18,3151.15,3136.62,3168.18,3125.53,3151.45,115747,3135.46,3168.03,3124.355,3151.3,3146.1925,0.26443881616,-0.02249205563,3089.89107453484,3111.12470936136,3119.94684042127,2921.07669021737,2975.6354762494,3014.00740461208,2684.46194092812,2767.28373340082,2839.46828189304,1,0,1,0,1,0,1,0,1,0,1,0,0,0,0,0,0,0,37.73315939074,0,0,0,1,0,0,0,0,gray,0,0,0,0,0,0,1,0,1,0,0,4,++,++,++,++,gray,gray,gray
2025-04-03 01:00:00,3151.15,3162.91,3138.9,3140.31,3151.45,3163.21,3139.2,3140.61,126102,3151.3,3163.06,3139.05,3140.46,3151.055,0.28040988615,0.02904884719,3091.69099187831,3112.32068319119,3121.07547233701,2922.37178358571,2976.51110395395,3015.86395153525,2684.93240660206,2767.67707574674,2840.20261674101,0,0,0,0,0,0,0,0,0,0,0,0,0,0,0,0,0,0,19.04014210718,0,0,0,1,0,0,0,0,green,1,0,1,0,0,0,0,1,0,0,0,1,+-,++,++,++,gray,gray,gray
2025-04-03 05:00:00,3140.31,3140.88,3116.43,3128.99,3140.61,3141.18,3116.73,3129.29,126050,3140.46,3141.03,3116.58,3129.14,3128.805,0.26926008103,0.00053532364,3093.54053096459,3113.39684779229,3121.78087786961,2923.56193208475,2977.30108388206,3017.74530590186,2685.42367342804,2768.05899816842,2841.04987287475,0,0,0,0,0,0,0,0,0,0,0,0,0,0,0,0,0,0,19.39706465688,0,0,0,1,0,0,0,0,gray,0,0,0,0,0,0,0,0,0,0,1,2,-+,++,++,++,gray,gray,gray
2025-04-03 09:00:00,3128.99,3129.31,3061.48,3076.14,3129.29,3129.61,3062.11,3076.44,192741,3129.14,3129.46,3061.795,3076.29,3095.6275,0.21265155553,-0.12660327299,3096.01395165962,3114.92099181825,3126.66320229569,2924.79157329728,2978.05260962966,3019.80573808122,2685.89229100516,2768.38216770418,2842.03525570201,0,0,0,0,0,0,0,0,0,0,0,0,0,0,0,0,0,0,35.10669758899,0,0,0,1,0,0,0,0,red,-1,1,0,0,0,0,0,0,1,0,0,4,++,++,++,++,gray,gray,gray
2025-04-03 13:00:00,3076.14,3135.57,3054.04,3107.5,3076.44,3135.87,3054.34,3107.8,265913,3076.29,3135.72,3054.19,3107.65,3094.955,0.15723665101,-0.22411112421,3097.91230153196,3116.13118034097,3131.54156183655,2925.84088146248,2978.84692581821,3022.05924578471,2686.37199315103,2768.72488372262,2843.03863934297,0,1,0,1,0,1,0,0,0,0,0,0,0,0,0,0,0,0,30.66040396671,0,0,0,1,0,0,0,0,red,-1,1,0,0,0,0,0,1,0,0,0,1,+-,++,++,++,gray,gray,gray
2025-04-03 17:00:00,3107.5,3119.83,3099.98,3115.05,3107.8,3120.55,3100.28,3115.35,59491,3107.65,3120.19,3100.13,3115.2,3110.16,0.09183985295,-0.31108499906,3099.68289372181,3119.88884529835,3130.99424946924,2926.8826974011,2979.79261807606,3024.87735620281,2686.87420271827,2769.1482747796,2844.04448212531,0,0,0,0,0,0,0,0,0,0,0,0,0,0,0,0,0,0,33.71938612563,0,0,0,1,0,0,0,0,red,-1,1,0,0,0,0,0,0,0,0,1,2,-+,++,++,++,gray,gray,gray
2025-04-03 21:00:00,3115.05,3116.58,3105.86,3110.49,3115.35,3116.88,3106.24,3110.79,29128,3115.2,3116.73,3106.05,3110.64,3111.39,0.02152580834,-0.36330038125,3101.6757480509,3123.78461463606,3123.92089957539,2927.96848169997,2980.74920683832,3027.65434572626,2687.41596875881,2769.56294956596,2845.03820099944,0,0,0,0,0,0,0,0,0,0,0,0,0,0,0,0,0,0,36.66575116726,0,0,0,1,0,0,0,0,red,-1,1,0,0,0,0,0,0,0,0,1,2,-+,++,-+,++,gray,gray,gray
2025-04-04 01:00:00,3110.49,3115.68,3086.64,3100.0,3110.79,3115.98,3087.46,3100.3,80080,3110.64,3115.83,3087.05,3100.15,3101.44,-0.02729721122,-0.33375670759,3103.43934435468,3124.41216280655,3118.12771966031,2929.02203808536,2981.9245848958,3030.17833555784,2687.9922791865,2769.97378454636,2846.08564404806,0,0,0,0,0,0,0,0,0,0,0,0,0,0,0,0,0,0,35.93906093906,0,0,0,0,1,-1,0,1,gray,0,0,0,0,0,0,0,1,0,0,0,1,+-,++,-+,++,gray,gray,gray
2025-04-04 05:00:00,3100.0,3109.88,3078.26,3084.05,3100.3,3110.38,3078.56,3084.35,105258,3100.15,3110.13,3078.41,3084.2,3094.27,-0.03879454667,-0.22448832148,3106.72804863509,3120.81407995573,3116.53417572825,2930.041397208,2983.09836517042,3032.83176686496,2688.56576120458,2770.41400435517,2847.06692429772,0,0,0,0,0,0,0,0,0,0,0,0,0,0,0,0,0,0,30.13547663836,0,0,0,0,1,0,0,0,gray,0,0,0,0,1,0,0,1,0,0,0,1,+-,++,-+,++,gray,gray,gray
2025-04-04 09:00:00,3084.05,3136.69,3069.32,3071.18,3084.35,3137.15,3069.62,3071.48,260953,3084.2,3136.92,3069.47,3071.33,3103.195,-0.03764175824,-0.11145506246,3110.1378141247,3117.58169496126,3115.5053405826,2931.08789836296,2984.36712216732,3035.51774431011,2689.13886926504,2770.89409446524,2848.03295260121,1,0,1,0,1,0,0,0,0,0,0,0,0,0,0,0,0,0,25.84756642001,0,0,0,0,1,0,0,0,gray,0,0,0,0,0,0,0,1,0,0,0,1,+-,++,-+,++,gray,gray,gray
2025-04-04 13:00:00,3071.18,3087.33,3016.8,3030.85,3071.48,3087.63,3017.1,3031.15,244875,3071.33,3087.48,3016.95,3031.0,3052.215,-0.11576167465,-0.21454828454,3111.57375149972,3116.65398309111,3112.69227246608,2932.17612422405,2985.72085630974,3038.51178124216,2689.75612690625,2771.39153397397,2849.0120987637,0,0,0,0,0,0,0,0,0,0,0,0,0,0,0,0,0,0,28.80245022971,0,0,0,0,1,0,0,0,gray,0,0,0,0,0,0,0,0,0,0,1,2,-+,++,-+,++,gray,gray,gray
2025-04-04 17:00:00,3030.85,3040.88,3015.56,3035.92,3031.15,3041.42,3015.86,3036.22,113240,3031.0,3041.15,3015.71,3036.07,3028.43,-0.22118182692,-0.37476312284,3110.34711676897,3115.99598520472,3109.00781797286,2933.12998799682,2987.24865892229,3041.39672885269,2690.37784142374,2771.89154884962,2849.97614668895,0,0,0,0,0,0,0,0,0,0,0,0,0,0,0,0,0,0,22.46555987284,1,0,1,0,1,0,0,0,red,-1,1,0,0,0,0,0,0,0,1,0,3,--,++,-+,++,gray,gray,gray
2025-04-06 21:00:00,3035.92,3035.92,2969.87,2978.72,3036.22,3036.22,2971.43,2979.45,101489,3036.07,3036.07,2970.65,2979.085,3003.36,-0.34099892938,-0.53553606088,3109.16310778674,3114.17648705413,3107.84525437829,2933.97785330022,2988.86409239643,3044.10447212173,2690.97681929795,2772.39689627945,2850.92457622584,0,1,0,1,0,0,0,0,0,0,0,0,0,0,0,0,0,0,64.4601878036,0,0,0,0,1,0,0,0,red,-1,1,0,0,0,0,0,0,0,0,1,2,-+,++,+-,++,green,red,gray
2025-04-07 01:00:00,2978.72,3055.67,2971.73,3035.5,2979.45,3055.97,2972.85,3035.8,158578,2979.085,3055.82,2972.29,3035.65,3014.055,-0.4387635341,-0.58559259787,3109.23979180315,3111.68817617236,3096.71920350263,2934.85383247663,2990.42429071649,3046.30875235344,2691.51632375604,2772.95685595207,2851.91148889093,1,0,0,0,0,0,0,0,0,0,0,0,0,0,0,0,0,0,52.67439367378,0,0,0,0,1,0,0,0,red,-1,1,0,0,0,0,0,1,0,0,0,1,+-,++,+-,++,green,red,gray
2025-04-07 05:00:00,3035.5,3044.38,3013.25,3031.43,3035.8,3044.97,3013.55,3031.73,174845,3035.65,3044.675,3013.4,3031.58,3029.0375,-0.53074836778,-0.56689903972,3109.40519243368,3110.62652915082,3083.06136280211,2935.71996919037,2992.00075815801,3048.27878904893,2692.06878708825,2773.58814626987,2852.8938049403,0,0,0,0,0,0,0,0,0,0,0,0,0,0,0,0,0,0,17.8872715834,0,0,0,0,1,0,0,0,gray,0,0,0,0,0,0,0,1,0,0,0,1,+-,++,+-,++,green,red,gray
2025-04-07 09:00:00,3031.43,3046.04,3014.59,3031.21,3031.73,3046.34,3014.89,3031.51,156396,3031.58,3046.19,3014.74,3031.36,3030.465,-0.55061718139,-0.37788634577,3108.79248532339,3103.32508800696,3067.12109024169,2936.62547515453,2993.59765346423,3050.26279525337,2692.62226510659,2774.18111559919,2853.90311879488,0,0,0,0,0,0,0,0,0,0,0,0,0,0,0,0,0,0,20.10920995422,0,0,0,0,1,0,0,0,gray,0,0,0,0,1,0,0,0,0,0,1,2,-+,++,+-,++,green,red,gray
2025-04-07 13:00:00,3031.21,3037.93,2969.92,2970.89,3031.51,3038.23,2970.22,2971.19,327774,3031.36,3038.08,2970.07,2971.04,3004.075,-0.56712945903,-0.2295058801,3107.67537106775,3093.96320200609,3056.50787219335,2937.56693048987,2995.31042340124,3052.48138951063,2693.15184795776,2774.78302068245,2854.92893046992,0,0,0,0,0,0,0,0,0,0,0,0,0,0,0,0,0,0,20.74905270095,0,0,0,0,1,0,0,0,gray,0,0,0,0,1,0,0,0,1,0,0,4,++,++,+-,++,green,red,gray
2025-04-07 17:00:00,2970.89,2985.96,2956.2,2983.12,2971.19,2986.33,2957.06,2983.42,115431,2971.04,2986.145,2956.63,2983.27,2971.3875,-0.58575625754,-0.14408782329,3107.33072713946,3082.63780175533,3051.01379775468,2938.57314475403,2997.14887024849,3054.48759864267,2693.67651812233,2775.36754634476,2855.99414623054,0,1,0,1,0,1,0,1,0,1,0,1,0,1,0,1,0,1,25.56938777278,1,0,1,0,1,0,0,0,gray,0,0,0,0,1,0,0,0,0,0,1,2,-+,++,+-,++,green,red,gray
2025-04-07 21:00:00,2983.12,2992.63,2978.55,2985.28,2983.42,2993.06,2978.85,2985.58,34450,2983.27,2992.845,2978.7,2985.43,2985.7725,-0.59789884801,-0.08864090388,3103.09105582104,3074.06495153592,3046.90403820374,2939.49507571185,2999.34389078943,3056.44178691788,2694.19935229177,2775.94729936474,2857.11047160394,0,0,0,0,0,0,0,0,0,0,0,0,0,0,0,0,0,0,41.0595065312,0,0,0,0,1,0,0,0,gray,0,0,0,0,1,0,0,0,0,0,1,2,-+,++,--,++,green,red,gray
2025-04-08 01:00:00,2985.28,3004.77,2983.37,3002.23,2985.58,3005.07,2983.77,3002.53,82969,2985.43,3004.92,2983.57,3002.38,2994.245,-0.62038981671,-0.1014929878,3097.34789768096,3068.43652009393,3038.33823056299,2940.40209733306,3001.5248200478,3058.47555789089,2694.68437390373,2776.55647404558,2858.29102388447,0,0,0,0,0,0,0,0,0,0,0,0,0,0,0,0,0,0,25.73250250093,0,0,0,0,1,0,0,0,gray,0,0,0,0,0,0,0,1,0,0,0,1,+-,++,--,++,green,red,gray
2025-04-08 05:00:00,3002.23,3015.86,2999.28,3007.47,3002.53,3016.16,2999.66,3007.77,96364,3002.38,3016.01,2999.47,3007.62,3007.74,-0.63022995578,-0.08436013234,3090.11805939781,3063.69008008219,3024.9480844504,2941.30465803718,3003.56018695602,3060.42046795292,2695.21749890663,2777.11579175354,2859.49431538527,0,0,0,0,0,0,0,0,0,0,0,0,0,0,0,0,0,0,17.16408617326,0,0,0,0,1,0,0,0,gray,0,0,0,0,0,0,0,1,0,0,0,1,+-,++,--,++,green,red,gray
2025-04-08 09:00:00,3007.47,3019.58,2994.85,3002.48,3007.77,3019.88,2995.15,3002.78,98295,3007.62,3019.73,2995.0,3002.63,3007.365,-0.6029271994,0.01271275778,3084.26705482875,3056.23819507191,3017.11296756032,2942.21960569969,3005.6844562841,3062.94317477783,2695.75857318009,2777.70282698206,2860.70633402843,0,0,0,0,0,0,0,0,0,0,0,0,0,0,0,0,0,0,25.15896027265,0,0,0,0,1,0,0,0,gray,0,0,0,0,0,0,0,0,1,0,0,4,++,++,--,++,green,red,gray
2025-04-08 13:00:00,3002.48,3022.61,2984.24,2985.76,3002.78,3022.91,2984.54,2986.06,193132,3002.63,3022.76,2984.39,2985.91,3003.575,-0.53447874837,0.1766297637,3080.01862753423,3045.63185818792,3012.53937404825,2943.13618316374,3007.83846616984,3065.53469904907,2696.31319898068,2778.30150583621,2861.90146365324,1,0,1,0,0,0,0,0,0,0,0,0,0,0,0,0,0,0,19.86724105793,0,0,0,0,1,0,0,0,green,1,0,1,0,0,0,0,1,0,0,0,1,+-,++,--,++,green,red,gray
2025-04-08 17:00:00,2985.76,2992.44,2974.55,2982.98,2986.06,2992.96,2974.85,2983.28,126837,2985.91,2992.7,2974.7,2983.13,2983.7,-0.50634522616,0.20429846988,3076.20681003159,3038.14943841443,3011.5794992386,2943.99937211695,3010.19258496675,3067.39559025351,2696.89075680831,2778.91351654078,2863.09197432231,0,0,0,0,0,0,0,0,0,0,0,0,0,0,0,0,0,0,14.19144256014,0,0,0,0,1,0,0,0,green,1,0,1,0,0,0,0,0,0,1,0,3,--,++,--,++,green,red,gray
2025-04-08 21:00:00,2982.98,2990.64,2969.79,2980.25,2983.28,2991.48,2970.16,2980.55,67527,2983.13,2991.06,2969.975,2980.4,2980.5175,-0.49369510228,0.16855679929,3070.65820925993,3032.66138361263,3010.73659939088,2944.83797467744,3012.49090160372,3068.22594054017,2697.4699325197,2779.52192419511,2864.28623144507,0,1,0,1,0,1,0,0,0,0,0,0,0,0,0,0,0,0,31.22454721815,0,0,0,0,1,0,0,0,gray,0,0,0,0,0,0,0,0,0,0,1,2,-+,++,++,++,green,red,gray
2025-04-09 01:00:00,2980.25,3014.03,2972.06,3012.29,2980.55,3014.33,2972.68,3012.59,145464,2980.4,3014.18,2972.37,3012.44,2993.275,-0.48526182079,0.1106427337,3063.02200085532,3029.54621066105,3009.3042795127,2945.70204237769,3014.69033975638,3069.01208934782,2698.04349370665,2780.06950177367,2865.45097983782,0,0,0,0,0,0,0,0,0,0,0,0,0,0,0,0,0,0,28.74250673706,0,0,0,0,1,0,0,0,gray,0,0,0,1,0,0,0,1,0,0,0,1,+-,++,++,++,green,red,gray
2025-04-09 05:00:00,3012.29,3052.29,3005.5,3044.06,3012.59,3052.73,3005.8,3044.36,168059,3012.44,3052.51,3005.65,3044.21,3029.08,-0.4373451829,0.15233180728,3057.07973155876,3026.77355932842,3004.18342361016,2946.65887336221,3016.58778812445,3070.22232201406,2698.61571255623,2780.58730434117,2866.60888970005,0,0,0,0,0,0,0,0,0,0,0,0,0,0,0,0,0,0,27.88306487603,0,0,0,0,1,0,0,0,gray,0,0,0,0,0,0,0,1,0,0,0,1,+-,++,++,++,green,red,gray
2025-04-09 09:00:00,3044.06,3072.99,3035.69,3047.29,3044.36,3073.29,3036.22,3047.59,183725,3044.21,3073.14,3035.955,3047.44,3054.5475,-0.35560841046,0.28179884872,3052.24629066962,3023.87373941237,2999.45023888813,2947.62231298735,3018.34601015855,3071.43313607247,2699.20797193937,2781.15593179035,2867.81683143825,0,0,0,0,0,0,0,0,0,0,0,0,0,0,0,0,0,0,20.23948836576,0,1,-1,0,1,0,0,0,green,1,0,1,0,0,0,0,1,0,0,0,1,+-,++,++,++,green,red,gray
2025-04-09 13:00:00,3047.29,3094.84,3047.08,3092.38,3047.59,3095.14,3047.58,3092.68,229784,3047.44,3094.99,3047.33,3092.53,3071.16,-0.22669795078,0.48737062208,3048.82272984888,3018.85202198582,2998.2151911105,2948.72088250435,3020.11671906476,3072.31569089386,2699.82103434802,2781.72874967966,2869.09081177548,0,0,0,0,0,0,0,0,0,0,0,0,0,0,0,0,0,0,20.74121783936,0,0,0,0,1,0,0,0,green,1,0,1,0,0,0,0,0,1,0,0,4,++,++,++,++,green,red,gray
2025-04-09 17:00:00,3092.38,3099.58,3048.39,3082.56,3092.68,3099.88,3048.69,3082.86,257939,3092.53,3099.73,3048.54,3082.71,3074.135,-0.08793606007,0.64964581739,3045.63367370666,3014.06020673759,3004.3881528884,2949.81932764475,3022.03632417267,3072.96140586757,2700.42603823569,2782.25836877975,2870.35601447148,0,0,0,0,0,0,0,0,0,0,0,0,0,0,0,0,0,0,19.84577749003,0,0,0,0,1,0,0,0,green,1,0,1,0,0,0,0,1,0,0,0,1,+-,++,++,++,green,red,gray
2025-04-09 21:00:00,3082.56,3101.12,3071.08,3097.16,3082.86,3101.83,3071.78,3097.46,71537,3082.71,3101.475,3071.43,3097.31,3086.4525,0.0467300744,0.72926999691,3042.39839111384,3011.46205589539,3014.42002231072,2950.97731272739,3023.83007282408,3073.85062922441,2701.04668534912,2782.79352599528,2871.57645881543,0,0,0,0,0,0,0,0,0,0,0,0,0,0,0,0,0,0,41.99924514587,0,0,0,1,0,1,1,0,green,1,0,1,0,0,0,0,0,0,0,1,2,-+,++,-+,++,green,gray,gray
2025-04-10 01:00:00,3097.16,3131.82,3078.55,3125.07,3097.46,3132.79,3078.85,3125.72,126237,3097.31,3132.305,3078.7,3125.395,3105.5025,0.15462891333,0.6997050807,3037.88313025893,3013.66429890847,3025.76801784858,2952.18905640461,3025.59552604546,3073.2142871884,2701.65104427393,2783.3633069996,2872.71867090699,0,0,0,0,0,0,0,0,0,0,0,0,0,0,0,0,0,0,42.46377844847,0,0,0,1,0,0,0,0,gray,0,0,0,0,0,0,0,0,1,0,0,4,++,++,-+,++,green,gray,gray
2025-04-10 05:00:00,3125.07,3132.56,3104.4,3105.0,3125.72,3132.98,3104.79,3105.3,105852,3125.395,3132.77,3104.595,3105.15,3118.6825,0.24396154724,0.61356398199,3033.47038946978,3018.77469904491,3035.44141427886,2953.50996588321,3027.41360739008,3071.89710227109,2702.19561046949,2783.9426168408,2873.85746485903,0,0,0,0,0,0,0,0,0,0,0,0,0,0,0,0,0,0,26.61735252995,0,1,-1,1,0,0,0,0,gray,0,0,0,1,0,0,0,0,0,1,0,3,--,++,-+,++,green,gray,gray
2025-04-10 09:00:00,3105.0,3134.13,3103.29,3122.97,3105.3,3134.57,3103.59,3123.27,124568,3105.15,3134.35,3103.44,3123.12,3118.895,0.31056507301,0.49850092343,3030.37843643364,3025.3228616643,3045.64363142309,2954.887353907,3029.18067816481,3069.88130514547,2702.67377861148,2784.51479445093,2875.01503454751,0,0,0,0,0,0,0,0,0,0,0,0,0,0,0,0,0,0,24.81375634192,0,0,0,1,0,0,0,0,gray,0,0,0,1,0,0,0,1,0,0,0,1,+-,++,-+,++,green,gray,gray
2025-04-10 13:00:00,3122.97,3174.99,3115.98,3158.26,3123.27,3175.29,3116.28,3158.56,232593,3123.12,3175.14,3116.13,3158.41,3145.635,0.40871592335,0.49517839539,3030.27855670798,3031.42437895626,3057.61540513847,2956.23328251478,3031.30816583454,3068.23935499414,2703.16482296529,2785.04050348762,2876.19558986315,0,0,0,0,0,0,0,0,0,0,0,0,0,0,0,0,0,0,25.37049696251,0,0,0,1,0,0,0,0,gray,0,0,0,1,0,0,0,0,1,0,0,4,++,++,-+,++,green,gray,gray
2025-04-10 17:00:00,3158.26,3176.39,3151.54,3175.78,3158.56,3176.69,3151.84,3176.08,111135,3158.41,3176.54,3151.69,3175.93,3164.115,0.51257072726,0.52528045279,3032.14539849967,3038.30289408673,3069.82882411078,2957.59167259889,3033.48538100118,3067.08635925901,2703.68595075584,2785.59397772158,2877.30770382243,0,0,0,0,0,0,0,0,0,0,0,0,0,0,0,0,0,0,22.3601925586,0,0,0,1,0,0,0,0,gray,0,0,0,0,0,0,0,0,0,1,0,3,--,++,-+,++,green,gray,gray
2025-04-10 21:00:00,3175.78,3217.78,3175.78,3205.53,3176.08,3218.46,3176.08,3205.83,92479,3175.93,3218.12,3175.93,3205.68,3197.025,0.62430732126,0.57542178959,3035.14652169201,3046.70284482589,3079.64205928862,2958.96513695171,3035.21846498298,3066.00926045728,2704.19984080688,2786.14214734509,2878.35622671255,0,0,0,0,0,0,0,0,0,0,0,0,0,0,0,0,0,0,45.62116804896,0,0,0,1,0,0,0,0,green,1,0,1,0,0,0,0,0,0,0,1,2,-+,++,+-,++,green,gray,gray
2025-04-11 01:00:00,3205.53,3219.94,3200.86,3208.43,3205.83,3220.24,3201.16,3208.73,141382,3205.68,3220.09,3201.01,3208.58,3210.55,0.72709977326,0.59278672275,3038.14563540801,3055.70030172265,3092.8406474309,2960.41271968259,3036.3168110742,3064.18766456148,2704.7184486562,2786.65944499597,2879.43014180483,0,0,0,0,0,0,0,0,0,0,0,0,0,0,0,0,0,0,13.49535301524,0,1,-1,1,0,0,0,0,green,1,0,1,0,0,0,0,1,0,0,0,1,+-,++,+-,++,green,gray,gray
2025-04-11 05:00:00,3208.43,3227.23,3186.95,3215.74,3208.73,3227.77,3187.41,3216.47,194590,3208.58,3227.5,3187.18,3216.105,3207.34,0.82571107355,0.58034245036,3041.86154806893,3063.59963900732,3107.09551794472,2961.94094755132,3037.38295996376,3061.45824795673,2705.23729892502,2787.16999458826,2880.39368248674,0,0,0,0,0,0,0,0,0,0,0,0,0,0,0,0,0,0,20.72048923377,0,0,0,1,0,0,0,0,gray,0,0,0,0,0,0,0,0,1,0,0,4,++,++,+-,++,green,gray,gray
2025-04-11 09:00:00,3215.74,3237.72,3210.09,3233.53,3216.47,3238.16,3210.39,3233.83,156643,3216.105,3237.94,3210.24,3233.68,3224.09,0.91031287912,0.53606939657,3046.75700590978,3073.8540591314,3125.08141435577,2963.69301555636,3038.70617887351,3059.23219654623,2705.74857929922,2787.66832079174,2881.35318816391,0,0,0,0,0,0,0,0,0,0,0,0,0,0,0,0,0,0,17.68352240445,0,0,0,1,0,0,0,0,gray,0,0,0,1,0,0,0,0,0,1,0,3,--,++,+-,++,green,gray,gray
2025-04-11 13:00:00,3233.53,3245.4,3219.32,3223.08,3233.83,3245.7,3219.71,3223.38,220678,3233.68,3245.55,3219.515,3223.23,3232.5325,0.97969725239,0.46835126909,3052.28973622441,3085.13667673998,3142.17513148462,2965.44135246023,3040.02770289399,3057.32080841252,2706.25372895625,2788.1000876553,2882.34044032944,1,0,0,0,0,0,0,0,0,0,0,0,0,0,0,0,0,0,11.79773244274,0,1,-1,1,0,0,0,0,gray,0,0,0,1,0,0,0,1,0,0,0,1,+-,++,+-,++,green,gray,gray
2025-04-11 17:00:00,3223.08,3238.35,3223.08,3235.91,3223.38,3238.65,3223.38,3236.21,71628,3223.23,3238.5,3223.23,3236.06,3230.865,1.0,0.31389066289,3057.4132180533,3099.12271714748,3155.2081051877,2967.10459569101,3041.1442901141,3055.86254934156,2706.78254532507,2788.52171818038,2883.30845810493,0,0,0,0,0,0,0,0,0,0,0,0,0,0,0,0,0,0,21.31847880717,0,0,0,1,0,0,0,0,gray,0,0,0,1,0,0,0,0,0,0,1,2,-+,++,+-,++,green,gray,gray
2025-04-13 21:00:00,3235.91,3235.91,3208.85,3220.86,3236.21,3236.21,3210.99,3221.16,46846,3236.06,3236.06,3209.92,3221.01,3222.99,0.99110193325,0.14009927882,3064.19950897228,3113.05112750405,3168.98448415016,2968.82695978437,3042.11021211203,3054.43615083152,2707.32663671678,2788.95870651437,2884.25593409032,0,1,0,0,0,0,0,0,0,0,0,0,0,0,0,0,0,0,55.79985484353,0,0,0,1,0,0,0,0,gray,0,0,0,0,0,0,0,0,0,0,1,2,-+,-+,-+,++,green,green,gray
2025-04-14 01:00:00,3220.86,3245.71,3215.25,3227.37,3221.16,3246.04,3215.65,3227.67,90390,3221.01,3245.875,3215.45,3227.52,3230.6625,0.99737814737,0.06106818677,3071.88531597441,3124.83723656604,3181.69408732012,2970.5722186632,3043.22084461908,3052.94023463059,2707.87573714989,2789.44242451217,2885.22068454802,1,0,1,0,1,0,1,0,0,0,0,0,0,0,0,0,0,0,33.65969686912,0,1,-1,1,0,0,0,0,gray,0,0,0,0,0,0,0,1,0,0,0,1,+-,-+,-+,++,green,green,gray
2025-04-14 05:00:00,3227.37,3238.03,3216.39,3227.01,3227.67,3238.33,3216.69,3227.31,76990,3227.52,3238.18,3216.54,3227.16,3227.36,0.9665452411,-0.05746036106,3081.51144551484,3137.24383199528,3191.5282698561,2972.44573306024,3043.38437471691,3050.90375714146,2708.45390495586,2789.97074028679,2886.21179090533,0,0,0,0,0,0,0,0,0,0,0,0,0,0,0,0,0,0,28.1075464346,0,0,0,1,0,0,0,0,gray,0,0,0,0,0,0,0,0,0,1,0,3,--,-+,-+,++,green,green,gray
2025-04-14 09:00:00,3227.01,3231.69,3200.32,3206.58,3227.31,3231.99,3200.69,3206.88,100669,3227.16,3231.84,3200.505,3206.73,3216.1725,0.90625614063,-0.18590821446,3091.43748816755,3149.15491549588,3197.82061588488,2974.29016302585,3043.11247699479,3048.83357310788,2709.04886807269,2790.50579075766,2887.12052846848,0,0,0,0,0,0,0,0,0,0,0,0,0,0,0,0,0,0,31.12676196247,0,0,0,1,0,0,0,0,red,-1,1,0,0,0,0,0,0,1,0,0,4,++,-+,-+,++,green,green,gray
2025-04-14 13:00:00,3206.58,3215.56,3193.46,3207.62,3206.88,3215.86,3193.76,3207.92,143989,3206.73,3215.71,3193.61,3207.77,3204.66,0.82973413779,-0.30553376396,3100.35306600081,3159.36867605889,3204.3889927079,2976.0785881604,3042.38970468579,3047.19949742824,2709.64546258708,2791.05217148402,2887.96406646523,0,1,0,1,0,1,0,0,0,0,0,0,0,0,0,0,0,0,15.34839466904,0,0,0,1,0,0,0,0,red,-1,1,0,0,0,0,0,1,0,0,0,1,+-,-+,-+,++,green,green,gray
2025-04-14 17:00:00,3207.62,3216.44,3201.25,3210.56,3207.92,3216.74,3201.55,3210.86,49252,3207.77,3216.59,3201.4,3210.71,3208.995,0.7712365274,-0.34644623488,3109.87129169306,3167.32134155153,3208.98319416632,2977.68500851814,3041.87452823696,3046.66657103329,2710.23515632027,2791.58811709997,2888.82501044811,0,0,0,0,0,0,0,0,0,0,0,0,0,0,0,0,0,0,30.84138715179,0,0,0,1,0,0,0,0,red,-1,1,0,0,0,0,0,0,0,0,1,2,-+,-+,-+,++,green,green,gray
2025-04-14 21:00:00,3210.56,3215.22,3210.43,3211.82,3210.86,3215.52,3210.73,3212.12,13620,3210.71,3215.37,3210.58,3211.97,3212.975,0.7098944514,-0.35727772056,3119.30676925513,3175.23898635759,3210.42105533306,2979.20866010783,3041.64112772356,3046.89836306172,2710.8409715555,2792.11997067465,2889.67997565333,0,0,0,0,0,0,0,0,0,0,0,0,0,0,0,0,0,0,35.16886930984,0,0,0,1,0,0,0,0,red,-1,1,0,0,0,0,0,0,0,0,1,2,-+,-+,--,++,green,green,gray
2025-04-15 01:00:00,3211.82,3232.7,3209.72,3231.69,3212.12,3233.0,3210.19,3231.99,48219,3211.97,3232.85,3209.955,3231.84,3221.4025,0.66322466802,-0.31785870319,3127.88817162012,3181.75411306289,3209.26884426645,2980.74266392684,3041.43792540131,3047.61194061873,2711.4467050527,2792.6501210151,2890.55935082241,1,0,1,0,0,0,0,0,0,0,0,0,0,0,0,0,0,0,47.48128331156,0,0,0,1,0,0,0,0,gray,0,0,0,0,0,0,0,0,1,0,0,4,++,-+,--,++,green,green,gray
2025-04-15 05:00:00,3231.69,3232.13,3217.26,3227.53,3231.99,3232.43,3217.56,3227.83,63352,3231.84,3232.28,3217.41,3227.68,3224.845,0.63059956592,-0.25446354835,3135.20369688011,3186.05641143003,3209.21407541316,2982.37134186025,3040.75859948493,3048.39203060054,2712.0294326255,2793.19137586053,2891.46112616392,0,0,0,0,0,0,0,0,0,0,0,0,0,0,0,0,0,0,23.47202929663,0,0,0,1,0,0,0,0,gray,0,0,0,0,1,0,0,1,0,0,0,1,+-,-+,--,++,green,green,gray
2025-04-15 09:00:00,3227.53,3230.08,3214.12,3221.43,3227.83,3230.38,3214.42,3221.73,59045,3227.68,3230.23,3214.27,3221.58,3222.25,0.60413392712,-0.20191811144,3142.54668173549,3188.38186000128,3209.96626033053,2983.92551217642,3039.49730676702,3049.51145617111,2712.60250442225,2793.74693862508,2892.40320167667,0,0,0,0,0,0,0,0,0,0,0,0,0,0,0,0,0,0,27.03023117961,0,0,0,1,0,0,0,0,gray,0,0,0,0,1,0,0,0,0,0,1,2,-+,-+,--,++,green,green,gray
2025-04-15 13:00:00,3221.43,3226.86,3211.47,3221.42,3221.73,3227.16,3211.77,3221.72,141385,3221.58,3227.01,3211.62,3221.57,3219.315,0.5711923476,-0.18201117199,3149.07078314045,3190.95850250112,3212.25350826442,2985.4648884441,3038.52049209853,3051.15825157784,2713.20019008692,2794.35643674257,2893.29363083169,0,1,0,0,0,0,0,0,0,0,0,0,0,0,0,0,0,0,10.88517169431,0,0,0,1,0,0,0,0,gray,0,0,0,0,1,0,0,1,0,0,0,1,+-,-+,--,++,green,green,gray
2025-04-15 17:00:00,3221.42,3233.58,3220.34,3230.02,3221.72,3233.88,3220.64,3230.32,55699,3221.57,3233.73,3220.49,3230.17,3227.11,0.54361838247,-0.16600831799,3154.23245366811,3193.71056468848,3214.77180661154,2987.03932789979,3037.71548315128,3053.14425888437,2713.8029680973,2794.96619452479,2894.17506395092,0,0,0,0,0,0,0,0,0,0,0,0,0,0,0,0,0,0,23.77062424819,0,0,0,1,0,0,0,0,gray,0,0,0,0,1,0,0,0,0,0,1,2,-+,-+,--,++,green,green,gray
2025-04-15 21:00:00,3230.02,3268.03,3229.72,3264.29,3230.32,3268.33,3230.09,3264.59,43184,3230.17,3268.18,3229.905,3264.44,3249.0425,0.53286067059,-0.12286901434,3158.11149569364,3197.17205660242,3216.26744528923,2988.58498151889,3037.17047436671,3055.0781042113,2714.42803979996,2795.59723017061,2895.05391767348,0,0,0,0,0,0,0,0,0,0,0,0,0,0,0,0,0,0,88.63236383846,0,0,0,1,0,0,0,0,gray,0,0,0,0,1,0,0,0,0,0,1,2,-+,-+,++,++,green,green,gray
2025-04-16 01:00:00,3264.29,3287.68,3255.71,3283.54,3264.59,3288.41,3256.08,3283.84,94189,3264.44,3288.045,3255.895,3283.69,3271.97,0.54412137892,-0.04243193807,3162.02561140951,3200.63117452711,3216.87695623138,2990.35585251306,3036.62855665095,3057.74154232274,2715.03800521163,2796.21301459047,2895.9405918563,0,0,0,0,0,0,0,0,0,0,0,0,0,0,0,0,0,0,34.13349754218,0,0,0,1,0,0,0,0,gray,0,0,0,0,0,0,1,1,0,0,0,1,+-,-+,++,++,green,green,gray
2025-04-16 05:00:00,3283.54,3317.95,3283.49,3306.83,3283.84,3318.25,3283.79,3307.49,124195,3283.69,3318.1,3283.64,3307.16,3300.87,0.59197530609,0.09921191273,3165.94479514724,3203.33352771122,3218.92356498511,2992.16146091179,3036.02758289366,3060.87017343089,2715.62285135165,2796.85249736047,2896.82846969063,0,0,0,0,0,0,0,0,0,0,0,0,0,0,0,0,0,0,27.74668867507,0,0,0,1,0,0,0,0,green,1,0,1,0,0,0,0,1,0,0,0,1,+-,-+,++,++,green,green,gray
2025-04-16 09:00:00,3306.83,3313.62,3292.84,3307.15,3307.49,3314.09,3293.14,3307.45,92958,3307.16,3313.855,3292.99,3307.3,3303.4225,0.64283118142,0.20210372817,3170.21077244361,3205.33121174732,3224.94735198808,2993.6967815757,3035.0761722956,3064.87472715351,2716.21286368228,2797.56217548339,2897.68354976222,0,0,0,0,0,0,0,0,0,0,0,0,0,0,0,0,0,0,22.44562060285,0,0,0,1,0,0,0,0,green,1,0,1,0,0,0,0,0,0,1,0,3,--,-+,++,++,green,green,gray
2025-04-16 13:00:00,3307.15,3332.99,3296.79,3327.26,3307.45,3333.29,3297.09,3327.56,153438,3307.3,3333.14,3296.94,3327.41,3315.04,0.69594403784,0.26589749322,3174.41340533256,3208.05356027891,3234.35188159047,2994.84207054676,3034.08419643568,3069.15929400194,2716.80173539665,2798.35780992337,2898.52349038888,0,0,0,0,0,0,0,0,0,0,0,0,0,0,0,0,0,0,23.59259114431,0,0,0,1,0,0,0,0,green,1,0,1,0,0,0,0,0,1,0,0,4,++,-+,++,++,green,green,gray
2025-04-16 17:00:00,3327.26,3343.14,3324.32,3343.02,3327.56,3343.45,3324.62,3343.32,75884,3327.41,3343.295,3324.47,3343.17,3333.8825,0.74359299572,0.28139683061,3178.0931433839,3213.17717774404,3247.65550527237,2995.96693492264,3033.34221104594,3073.22343241364,2717.37452257067,2799.16538370053,2899.37916059451,0,0,0,0,0,0,0,0,0,0,0,0,0,0,0,0,0,0,24.80760107533,0,0,0,1,0,0,0,0,green,1,0,1,0,0,0,0,0,0,0,1,2,-+,-+,++,++,green,green,gray
2025-04-16 21:00:00,3343.02,3357.83,3341.85,3345.35,3343.32,3358.13,3342.15,3345.65,37071,3343.17,3357.98,3342.0,3345.5,3349.99,0.78586244232,0.26427425564,3181.26405543129,3220.52628052604,3258.8089042179,2997.25000306958,3033.26471629965,3077.66068440148,2717.92514717923,2799.97531767606,2900.29222197927,1,0,1,0,1,0,0,0,0,0,0,0,0,0,0,0,0,0,43.10647136576,0,1,-1,1,0,0,0,0,gray,0,0,0,0,0,0,0,0,0,0,1,2,-+,-+,+-,++,green,gray,gray
2025-04-17 01:00:00,3345.35,3356.24,3320.44,3341.46,3345.65,3356.63,3320.97,3341.76,120050,3345.5,3356.435,3320.705,3341.61,3338.57,0.78028451512,0.14247713813,3184.79066655196,3230.56924546028,3270.05512337432,2998.5324749452,3033.65167600329,3082.21573780144,2718.49190408327,2800.77859957445,2901.20967182664,0,0,0,0,0,0,0,0,0,0,0,0,0,0,0,0,0,0,29.76259891712,0,0,0,1,0,0,0,0,gray,0,0,0,0,0,0,0,1,0,0,0,1,+-,-+,+-,++,green,gray,gray
2025-04-17 05:00:00,3341.46,3345.44,3312.38,3324.2,3341.76,3345.76,3312.9,3324.5,107381,3341.61,3345.6,3312.64,3324.35,3329.12,0.76350445665,0.02722920121,3189.73311527874,3239.67590227775,3282.82059869946,2999.68873927166,3034.3336455305,3086.58777492492,2719.05738974883,2801.6159017222,2902.21095882784,0,0,0,0,0,0,0,0,0,0,0,0,0,0,0,0,0,0,30.69444315102,0,0,0,1,0,0,0,0,red,-1,1,0,0,0,0,0,0,0,0,1,2,-+,-+,+-,++,green,gray,gray
2025-04-17 09:00:00,3324.2,3342.2,3320.54,3328.17,3324.5,3343.08,3320.84,3328.47,87428,3324.35,3342.64,3320.69,3328.32,3331.665,0.73437119243,-0.076481134,3196.05902948806,3249.09641449303,3296.25447895956,3000.75145006636,3035.05730652086,3090.59960507419,2719.63697890069,2802.41321544871,2903.21284453042,0,0,0,0,0,0,0,0,0,0,0,0,0,0,0,0,0,0,25.10637324427,0,0,0,1,0,0,0,0,red,-1,1,0,0,0,0,0,0,0,1,0,3,--,-+,+-,++,green,gray,gray
2025-04-17 13:00:00,3328.17,3331.96,3283.68,3316.17,3328.47,3332.26,3284.14,3316.47,201165,3328.32,3332.11,3283.91,3316.32,3308.01,0.65422033584,-0.25190012911,3204.12141183514,3259.6946751814,3304.71758316765,3001.90250118921,3035.99176458412,3094.71910198377,2720.19766330679,2803.20189263562,2904.25219977674,0,1,0,1,0,1,0,0,0,0,0,0,0,0,0,0,0,0,23.96043049238,0,0,0,1,0,0,0,0,red,-1,1,0,0,0,0,0,1,0,0,0,1,+-,-+,+-,++,green,gray,gray
2025-04-17 17:00:00,3316.17,3328.42,3310.94,3326.63,3316.47,3329.81,3311.24,3328.12,56449,3316.32,3329.115,3311.09,3327.375,3320.1025,0.56996716963,-0.36759705631,3211.75995707859,3270.98159078373,3309.59806653412,3002.46781016461,3037.25559613713,3098.6203048666,2720.76731141473,2803.99943816079,2905.3256046394,0,0,0,0,0,0,0,0,0,0,0,0,0,0,0,0,0,0,31.93147797127,0,0,0,1,0,0,0,0,red,-1,1,0,0,0,0,0,0,0,0,1,2,-+,-+,+-,++,green,gray,gray
2025-04-20 21:00:00,3326.63,3370.71,3326.63,3368.63,3328.12,3371.17,3328.12,3368.93,64908,3327.375,3370.94,3327.375,3368.78,3349.1575,0.53801091469,-0.32112443295,3219.70457576485,3279.43014193576,3314.0114532273,3002.75952016276,3038.73608529827,3102.07772237053,2721.35436098657,2804.78843198843,2906.4674407183,0,0,0,0,0,0,0,0,0,0,0,0,0,0,0,0,0,0,67.11807481358,0,0,0,1,0,0,0,0,gray,0,0,0,0,0,0,0,0,1,0,0,4,++,+-,-+,++,green,gray,gray
2025-04-21 01:00:00,3368.63,3385.22,3367.31,3376.38,3368.93,3385.52,3367.61,3376.68,94850,3368.78,3385.37,3367.46,3376.53,3376.415,0.55093335635,-0.16497129529,3228.48749301371,3285.64137419379,3312.81116258184,3002.76626712722,3040.19352011103,3105.09484818316,2721.94723403435,2805.568524555,2907.64542724108,0,0,0,0,0,0,0,0,0,0,0,0,0,0,0,0,0,0,18.88244596732,0,0,0,1,0,0,0,0,gray,0,0,0,0,0,0,1,1,0,0,0,1,+-,+-,-+,++,green,gray,gray
2025-04-21 05:00:00,3376.38,3395.97,3375.73,3392.7,3376.68,3396.27,3376.03,3393.0,85571,3376.53,3396.12,3375.88,3392.85,3386.0,0.57696798497,-0.00296316542,3237.83383970496,3291.39432741957,3314.26943006547,3002.89310682242,3042.1106379272,3108.1507350013,2722.53517240561,2806.37312316206,2908.80535482969,0,0,0,0,0,0,0,0,0,0,0,0,0,0,0,0,0,0,23.65287305279,0,0,0,1,0,0,0,0,green,1,0,1,0,0,0,0,0,0,0,1,2,-+,+-,-+,++,green,gray,gray
2025-04-21 09:00:00,3392.7,3415.77,3386.32,3414.78,3393.0,3416.07,3386.62,3415.08,88551,3392.85,3415.92,3386.47,3414.93,3401.195,0.65693484306,0.22075701635,3245.58277511227,3293.47128649212,3321.24704405238,3003.18686404914,3044.32889905579,3111.23380161891,2723.13339475997,2807.175663406,2909.9742759767,0,0,0,0,0,0,0,0,0,0,0,0,0,0,0,0,0,0,33.25767072083,0,0,0,1,0,0,0,0,green,1,0,1,0,0,0,0,0,1,0,0,4,++,+-,-+,++,green,gray,gray
2025-04-21 13:00:00,3414.78,3430.25,3404.95,3414.54,3415.08,3430.55,3405.25,3414.84,166773,3414.93,3430.4,3405.1,3414.69,3417.75,0.74631839161,0.37318254076,3252.00871548825,3296.80018818061,3332.2806352419,3003.4933599587,3047.10519180023,3114.47405745365,2723.73411519828,2807.99566055877,2911.15382961576,0,0,0,0,0,0,0,0,0,0,0,0,0,0,0,0,0,0,15.17032133499,0,1,-1,1,0,0,0,0,green,1,0,1,0,0,0,0,1,0,0,0,1,+-,+-,-+,++,green,gray,gray
2025-04-21 17:00:00,3414.54,3430.58,3406.03,3424.46,3414.84,3430.88,3406.33,3424.76,80796,3414.69,3430.73,3406.18,3424.61,3418.455,0.7994144109,0.37547912175,3258.13612198916,3303.34485215803,3343.02450819352,3003.49989524006,3050.07691558568,3117.72026164619,2724.31769844709,2808.82666630744,2912.38053913231,0,0,0,0,0,0,0,0,0,0,0,0,0,0,0,0,0,0,30.38516758255,0,0,0,1,0,0,0,0,green,1,0,1,0,0,0,0,0,0,0,1,2,-+,+-,-+,++,green,gray,gray
2025-04-21 21:00:00,3424.46,3444.47,3411.79,3425.44,3424.76,3444.77,3412.89,3425.74,58625,3424.61,3444.62,3412.34,3425.59,3428.48,0.8262130618,0.29588442053,3261.97257414384,3312.47862063828,3354.65860655482,3003.1390818104,3052.93624439322,3120.79466571542,2724.87921648834,2809.68286087265,2913.65862566612,0,0,0,0,0,0,0,0,0,0,0,0,0,0,0,0,0,0,55.0618336887,0,1,-1,1,0,0,0,0,gray,0,0,0,0,0,0,0,0,0,0,1,2,-+,+-,+-,++,green,gray,gray
2025-04-22 01:00:00,3425.44,3494.89,3421.26,3484.35,3425.74,3495.25,3421.92,3484.65,120371,3425.59,3495.07,3421.59,3484.5,3458.33,0.87815689759,0.27252215871,3266.444106902,3321.66879305849,3367.27688524385,3002.9439516777,3056.04813085879,3123.69232260614,2725.43084986636,2810.57153958135,2915.07679493232,0,0,0,0,0,0,0,0,0,0,0,0,0,0,0,0,0,0,61.04460376669,0,0,0,1,0,0,0,0,gray,0,0,0,1,0,0,0,0,1,0,0,4,++,+-,+-,++,green,gray,gray
2025-04-22 05:00:00,3484.35,3500.11,3443.06,3443.92,3484.65,3500.41,3443.36,3444.22,160690,3484.5,3500.26,3443.21,3444.07,3471.735,0.92664569521,0.25716118189,3272.80667560185,3331.60956892618,3377.51250819508,3002.84621064761,3059.25693757045,3126.73401900008,2725.93791657759,2811.50088919688,2916.49497691196,1,0,1,0,1,0,1,0,1,0,1,0,1,0,1,0,1,0,35.50314269712,0,1,-1,1,0,0,0,0,gray,0,0,0,1,0,0,0,1,0,0,0,1,+-,+-,+-,++,green,gray,gray
2025-04-22 09:00:00,3443.92,3468.39,3423.97,3431.22,3444.22,3468.69,3424.68,3431.52,129245,3444.07,3468.54,3424.325,3431.37,3446.4325,0.92250668671,0.14624558933,3280.7765467094,3342.37712281041,3387.70600655607,3002.90119704483,3062.37708416008,3130.33132726478,2726.42993138773,2812.44537035912,2917.86285901674,0,0,0,0,0,0,0,0,0,0,0,0,0,0,0,0,0,0,34.21022089829,0,0,0,1,0,0,0,0,gray,0,0,0,0,0,0,0,0,0,1,0,3,--,+-,+-,++,green,gray,gray
2025-04-22 13:00:00,3431.22,3449.86,3372.02,3393.1,3431.52,3450.16,3372.32,3393.4,272342,3431.37,3450.01,3372.17,3393.25,3411.09,0.87447914561,-0.03132588958,3288.87065850098,3351.88685745911,3401.83080524485,3002.95135213421,3065.29731899353,3134.49717058052,2726.94842626468,2813.39635589406,2919.26933221801,0,0,0,0,0,0,0,0,0,0,0,0,0,0,0,0,0,0,28.58170976199,0,0,0,1,0,0,0,0,red,-1,1,0,0,0,0,0,1,0,0,0,1,+-,+-,+-,++,green,gray,gray
2025-04-22 17:00:00,3393.1,3410.18,3366.7,3379.38,3393.4,3410.48,3367.0,3381.32,123661,3393.25,3410.33,3366.85,3380.35,3388.59,0.78793844953,-0.25353012569,3297.51099246245,3361.46100027672,3415.81164419588,3002.9583594136,3068.3039586482,3139.39048909286,2727.45494237538,2814.33802389452,2920.69214935539,0,0,0,0,0,0,0,0,0,0,0,0,0,0,0,0,0,0,35.16064078408,0,0,0,1,0,0,0,0,red,-1,1,0,0,0,0,0,0,0,0,1,2,-+,+-,+-,++,green,gray,gray
2025-04-22 21:00:00,3379.38,3379.38,3314.83,3367.75,3381.32,3381.32,3315.69,3368.42,104717,3380.35,3380.35,3315.26,3368.085,3347.805,0.61210343156,-0.59893644115,3306.76014688841,3373.56962524213,3421.93581535671,3002.74197335278,3071.19588667277,3144.21496000189,2727.9459173293,2815.27792507952,2922.19647470708,0,0,0,0,0,0,0,0,0,0,0,0,0,0,0,0,0,0,62.15800681838,1,0,1,1,0,0,0,0,red,-1,1,0,0,0,0,0,0,0,0,1,2,-+,+-,+-,++,green,gray,gray
2025-04-23 01:00:00,3367.75,3386.53,3328.98,3346.72,3368.42,3387.18,3329.55,3347.02,168127,3368.085,3386.855,3329.265,3346.87,3358.06,0.42762552504,-0.83744450526,3315.35205866623,3385.84029708686,3419.76665228536,3002.49226016904,3073.8318250969,3149.23922588419,2728.43221463081,2816.22121724656,2923.68538807717,0,0,0,0,0,0,0,0,0,0,0,0,0,0,0,0,0,0,34.25386761198,0,0,0,1,0,0,0,0,red,-1,1,0,0,0,0,0,1,0,0,0,1,+-,+-,+-,++,green,gray,gray
2025-04-23 05:00:00,3346.72,3349.44,3291.36,3321.44,3347.02,3349.74,3292.06,3321.74,160659,3346.87,3349.59,3291.71,3321.59,3320.65,0.23176824375,-1.0,3324.05420799959,3393.414322451,3413.53132182829,3002.38869544804,3076.21051918605,3154.66991041701,2728.89746074585,2817.14734936138,2925.14215621553,0,0,0,0,0,0,0,0,0,0,0,0,0,0,0,0,0,0,36.02661537791,1,0,1,1,0,0,0,0,red,-1,1,0,0,0,0,0,0,0,0,1,2,-+,+-,+-,++,green,gray,gray
2025-04-23 09:00:00,3321.44,3340.44,3310.31,3310.68,3321.74,3340.74,3310.61,3310.98,118524,3321.59,3340.59,3310.46,3310.83,3325.525,0.09094698131,-0.95525489584,3334.38311507655,3395.62378214463,3400.38605746263,3002.68859774638,3078.62478247358,3160.41461893416,2729.39234148658,2818.07027919245,2926.48873846403,0,0,0,0,0,0,0,0,0,0,0,0,0,0,0,0,0,0,25.42101177821,0,0,0,1,0,0,0,0,gray,0,0,0,0,0,0,0,0,0,1,0,3,--,+-,+-,++,green,gray,gray
2025-04-23 13:00:00,3310.68,3313.67,3259.86,3295.07,3310.98,3314.17,3260.19,3295.37,294972,3310.83,3313.92,3260.025,3295.22,3286.9725,-0.0633085915,-0.91020370584,3344.94864468604,3394.74455937655,3391.92084597011,3003.27128204136,3081.06751370133,3165.65448308315,2729.88739495743,2819.02513850922,2927.78596944692,0,1,0,1,0,1,0,1,0,1,0,1,0,0,0,0,0,0,18.27122574346,1,0,1,0,1,-1,0,1,gray,0,0,0,0,1,0,0,1,0,0,0,1,+-,+-,+-,++,green,gray,gray
2025-04-23 17:00:00,3295.07,3301.49,3277.56,3288.59,3295.37,3301.87,3278.03,3288.89,85883,3295.22,3301.68,3277.795,3288.74,3289.7375,-0.156708046,-0.74017458196,3352.75509509481,3388.87711445448,3377.66667677608,3004.03407662516,3083.61905890676,3170.46229240423,2730.34338993102,2820.02189757141,2929.09117104798,0,0,0,0,0,0,0,0,0,0,0,0,0,0,0,0,0,0,27.81109183424,0,0,0,0,1,0,0,0,gray,0,0,0,0,1,0,0,0,0,0,1,2,-+,+-,+-,++,green,gray,gray
2025-04-23 21:00:00,3288.59,3339.05,3288.59,3331.46,3288.89,3339.5,3288.89,3332.15,55624,3288.74,3339.275,3288.74,3331.805,3314.0075,-0.2350902989,-0.58761495685,3357.24239547213,3385.02497514767,3367.23834142087,3004.8217274496,3086.18680329028,3175.20354850999,2730.76109314075,2821.01442161617,2930.4564754157,0,0,0,0,0,0,0,0,0,0,0,0,0,0,0,0,0,0,90.85107147994,0,0,0,0,1,0,0,0,gray,0,0,0,0,1,0,0,0,0,0,1,2,-+,+-,--,++,green,gray,gray
2025-04-24 01:00:00,3331.46,3367.45,3320.46,3326.07,3332.15,3368.09,3320.97,3326.37,152427,3331.805,3367.77,3320.715,3326.22,3344.2425,-0.22733987871,-0.30714194999,3359.65374966658,3376.97810325421,3351.18517313669,3005.73892714118,3088.66067959409,3179.10962061264,2731.17874939237,2821.98045414142,2931.77755891976,1,0,1,0,0,0,0,0,0,0,0,0,0,0,0,0,0,0,30.87051506623,0,0,0,0,1,0,0,0,gray,0,0,0,0,0,0,0,1,0,0,0,1,+-,+-,--,++,green,gray,gray
2025-04-24 05:00:00,3326.07,3341.65,3314.56,3336.04,3326.37,3341.95,3314.86,3336.34,110734,3326.22,3341.8,3314.71,3336.19,3328.255,-0.24556349365,-0.16889844084,3358.74230738454,3370.54646534744,3338.89563850936,3006.85986616206,3091.03621269238,3183.25647000638,2731.57392512342,2822.89922901635,2933.09111753838,0,0,0,0,0,0,0,0,0,0,0,0,0,0,0,0,0,0,24.46403092095,0,0,0,0,1,0,0,0,gray,0,0,0,0,0,0,0,0,0,1,0,3,--,+-,--,++,green,gray,gray
2025-04-24 09:00:00,3336.04,3344.71,3325.14,3335.81,3336.34,3345.19,3325.68,3336.11,87714,3336.19,3344.95,3325.41,3335.96,3335.18,-0.20125443625,0.03362337935,3358.68982220111,3360.09971967901,3333.91801080748,3008.11630025013,3093.51028155252,3188.13591206502,2731.96639481806,2823.81685035104,2934.42791533325,0,0,0,0,0,0,0,0,0,0,0,0,0,0,0,0,0,0,22.27694552751,0,0,0,0,1,0,0,0,gray,0,0,0,0,0,0,0,0,0,1,0,3,--,+-,--,++,green,gray,gray
2025-04-24 13:00:00,3335.81,3336.1,3306.37,3331.54,3336.11,3336.4,3306.85,3331.84,178368,3335.96,3336.25,3306.61,3331.69,3321.43,-0.17239510296,0.12375131857,3355.7636820318,3351.30444221913,3335.98290864599,3009.3610047417,3096.33814006974,3193.6735322984,2732.35649721907,2824.74702481306,2935.74857217121,0,1,0,1,0,0,0,0,0,0,0,0,0,0,0,0,0,0,16.61733046286,0,0,0,0,1,0,0,0,green,1,0,1,0,0,0,0,1,0,0,0,1,+-,+-,--,++,green,gray,gray
2025-04-24 17:00:00,3331.54,3349.79,3329.91,3348.65,3331.84,3350.09,3330.21,3348.95,53573,3331.69,3349.94,3330.06,3348.8,3340.0,-0.15047276525,0.13783194893,3353.43762956781,3346.64232444174,3334.43732691679,3010.89217322775,3099.53144661393,3199.33019311315,2732.71468290284,2825.69238092974,2937.20998833669,0,0,0,0,0,0,0,0,0,0,0,0,0,0,0,0,0,0,37.10824482482,0,0,0,0,1,0,0,0,green,1,0,1,0,0,0,0,0,0,0,1,2,-+,+-,--,++,green,gray,gray
2025-04-24 21:00:00,3348.65,3370.36,3341.64,3357.57,3348.95,3371.35,3342.41,3357.87,50741,3348.8,3370.855,3342.025,3357.72,3356.44,-0.14495321347,0.10696623888,3348.32492729337,3346.34234638652,3334.58586153343,3012.61377802295,3103.19214758459,3205.26739331571,2733.04947817365,2826.59644796438,2938.69502313991,1,0,1,0,1,0,1,0,0,0,0,0,0,0,0,0,0,0,56.81795786445,0,0,0,0,1,0,0,0,gray,0,0,0,0,0,0,0,0,0,0,1,2,-+,+-,-+,++,green,red,gray
2025-04-25 01:00:00,3357.57,3363.09,3316.02,3324.64,3357.87,3363.53,3316.66,3324.94,100378,3357.72,3363.31,3316.34,3324.79,3339.825,-0.13642909217,0.06949523156,3343.81820211695,3344.08142808821,3331.95468922675,3014.68581422494,3106.83269944668,3211.5168817476,2733.37737080449,2827.46210698599,2940.01523131255,0,0,0,0,0,0,0,0,0,0,0,0,0,0,0,0,0,0,46.79312199884,0,0,0,0,1,0,0,0,gray,0,0,0,1,0,0,0,1,0,0,0,1,+-,+-,-+,++,green,red,gray
2025-04-25 05:00:00,3324.64,3327.05,3286.61,3303.81,3324.94,3327.47,3287.31,3304.11,143160,3324.79,3327.26,3286.96,3303.96,3307.11,-0.17331872503,-0.05015269645,3341.52507118488,3342.96874957718,3333.5637513814,3016.88653541342,3110.61828672947,3217.60329699032,2733.66909528512,2828.34424386588,2941.09587206732,0,0,0,0,0,0,0,0,0,0,0,0,0,0,0,0,0,0,28.1503213188,0,0,0,0,1,0,0,0,gray,0,0,0,0,0,1,0,1,0,0,0,1,+-,+-,-+,++,green,red,gray
2025-04-25 09:00:00,3303.81,3308.87,3287.59,3292.55,3304.11,3309.17,3288.13,3292.85,97436,3303.96,3309.02,3287.86,3292.7,3298.44,-0.19769514906,-0.10456287715,3341.73410417066,3340.27640588003,3338.13900110512,3019.02646198181,3114.67763606166,3223.80555296119,2733.97298362654,2829.15898960036,2942.16433823352,0,0,0,0,0,0,0,0,0,0,0,0,0,0,0,0,0,0,21.71681924545,0,0,0,0,1,0,0,0,red,-1,1,0,0,0,0,0,0,0,1,0,3,--,+-,-+,++,green,red,gray
2025-04-25 13:00:00,3292.55,3292.88,3264.85,3285.44,3292.85,3293.18,3265.39,3285.74,173460,3292.7,3293.03,3265.12,3285.59,3279.075,-0.26693403749,-0.23398465038,3340.69725000368,3340.24185514503,3338.47620088409,3021.33054667864,3118.95604267872,3230.70333081527,2734.32683512885,2829.97188020293,2943.33097477356,0,1,0,1,0,1,0,1,0,0,0,0,0,0,0,0,0,0,16.09016487951,1,0,1,0,1,0,0,0,red,-1,1,0,0,0,0,0,1,0,0,0,1,+-,+-,-+,++,green,red,gray
2025-04-25 17:00:00,3285.44,3314.5,3281.71,3314.47,3285.74,3315.07,3282.01,3314.77,60146,3285.59,3314.785,3281.86,3314.62,3298.3225,-0.33850723679,-0.32655093907,3340.27284615725,3342.2666232519,3332.20296070727,3023.70360233394,3122.94902372093,3237.792497556,2734.67548410729,2830.80254809906,2944.49805133764,0,0,0,0,0,0,0,0,0,0,0,0,0,0,0,0,0,0,54.74179496558,0,0,0,0,1,0,0,0,red,-1,1,0,0,0,0,0,0,0,0,1,2,-+,+-,-+,++,green,red,gray
2025-04-27 21:00:00,3314.47,3331.01,3298.26,3313.69,3314.77,3332.48,3298.92,3314.39,60428,3314.62,3331.745,3298.59,3314.04,3315.1675,-0.36950337242,-0.28255636716,3338.82339645284,3341.96142034541,3325.45036856582,3026.03125848749,3126.697586926,3243.92896821612,2735.02193507783,2831.62200068232,2945.58792598112,1,0,1,0,0,0,0,0,0,0,0,0,0,0,0,0,0,0,54.86694909644,0,0,0,0,1,0,0,0,gray,0,0,0,0,0,0,0,0,1,0,0,4,++,--,+-,++,gray,red,gray
2025-04-28 01:00:00,3313.69,3314.98,3267.72,3298.9,3314.39,3315.39,3268.45,3299.2,99592,3314.04,3315.185,3268.085,3299.05,3291.635,-0.38265044348,-0.20166036092,3338.91390441801,3337.60499280224,3316.17529485266,3028.24427805505,3130.42426716371,3248.84546915094,2735.3867177434,2832.42939552918,2946.62044038403,0,1,0,0,0,0,0,0,0,0,0,0,0,0,0,0,0,0,47.29295525745,1,0,1,0,1,0,0,0,gray,0,0,0,0,1,0,0,1,0,0,0,1,+-,--,+-,++,gray,red,gray
2025-04-28 05:00:00,3298.9,3301.04,3277.32,3282.61,3299.2,3301.57,3277.79,3282.91,93689,3299.05,3301.305,3277.555,3282.76,3289.43,-0.39125814546,-0.1168613484,3340.26206561662,3332.70936870196,3312.60473588212,3030.51864009937,3133.65309866983,3252.9556024112,2735.77634183427,2833.24806765137,2947.7077637147,0,0,0,0,0,0,0,0,0,0,0,0,0,0,0,0,0,0,25.34982762117,0,0,0,0,1,0,0,0,gray,0,0,0,0,1,0,0,0,0,1,0,3,--,--,+-,++,gray,red,gray
2025-04-28 09:00:00,3282.61,3302.23,3273.02,3295.95,3282.91,3302.53,3273.32,3296.25,112068,3282.76,3302.38,3273.17,3296.1,3287.775,-0.37281040522,-0.00525185145,3340.22844518458,3326.00507261421,3313.1172887057,3032.73034077241,3137.04308778492,3255.74529057558,2736.17692846071,2834.08365534385,2948.43350841113,0,0,0,0,0,0,0,0,0,0,0,0,0,0,0,0,0,0,26.06453224828,1,0,1,0,1,0,0,0,gray,0,0,0,0,0,0,0,0,1,0,0,4,++,--,+-,++,gray,red,gray
2025-04-28 13:00:00,3295.95,3339.14,3286.85,3336.54,3296.25,3339.44,3287.15,3336.84,198838,3296.1,3339.29,3287.0,3336.69,3313.145,-0.34522464402,0.07623559511,3337.68087247807,3322.54475103744,3308.82083096456,3034.7914886289,3140.89971346156,3258.75454673512,2736.57936366373,2834.86900446255,2948.98903960272,0,0,0,0,0,0,0,0,0,0,0,0,0,0,0,0,0,0,26.29779016083,0,0,0,0,1,0,0,0,green,1,0,1,0,0,0,0,0,1,0,0,4,++,--,+-,++,gray,red,gray
2025-04-28 17:00:00,3336.54,3352.92,3332.89,3343.83,3336.84,3353.22,3333.32,3344.13,60734,3336.69,3353.07,3333.105,3343.98,3343.0875,-0.30022143338,0.16396948752,3334.66234382591,3321.62259465776,3304.94266477165,3036.70012358813,3145.18180958044,3260.57500124291,2736.98535341528,2835.61458813438,2949.36661571659,1,0,1,0,1,0,1,0,0,0,0,0,0,0,0,0,0,0,32.87285540225,0,0,0,0,1,0,0,0,green,1,0,1,0,0,0,0,0,0,0,1,2,-+,--,+-,++,gray,red,gray
2025-04-28 21:00:00,3343.83,3348.3,3327.53,3329.68,3344.13,3349.17,3328.0,3330.4,38802,3343.98,3348.735,3327.765,3330.04,3338.25,-0.2266760726,0.283261688,3330.38639430084,3317.87414532554,3301.50913181732,3038.6360210759,3149.56032213352,3262.485295324,2737.42535910914,2836.3713495587,2949.81584060744,0,0,0,0,0,0,0,0,0,0,0,0,0,0,0,0,0,0,54.04360599969,0,0,0,0,1,0,0,0,green,1,0,1,0,0,0,0,0,0,0,1,2,-+,--,--,++,gray,red,gray
2025-04-29 01:00:00,3329.68,3340.06,3306.17,3309.04,3330.4,3340.54,3306.8,3309.76,90481,3330.04,3340.3,3306.485,3309.4,3323.3925,-0.16441954925,0.33083381214,3327.91994089308,3314.31862715984,3303.83630545386,3040.59488600763,3154.13549809473,3263.20550722624,2737.90976797092,2837.12486307991,2950.36599101989,0,0,0,0,0,0,0,0,0,0,0,0,0,0,0,0,0,0,37.37248704148,0,0,0,0,1,0,0,0,green,1,0,1,0,0,0,0,1,0,0,0,1,+-,--,--,++,gray,red,gray
2025-04-29 05:00:00,3309.04,3324.83,3304.71,3311.55,3309.76,3325.13,3305.25,3312.21,64279,3309.4,3324.98,3304.98,3311.88,3314.98,-0.10639418488,0.34419134381,3326.93898390131,3311.00067376486,3311.68654436308,3042.62643223226,3158.92848903846,3263.98585995488,2738.37088264474,2837.89389800231,2950.92223413781,0,0,0,0,0,0,0,0,0,0,0,0,0,0,0,0,0,0,31.11436083324,0,0,0,0,1,0,0,0,green,1,0,1,0,0,0,0,0,0,1,0,3,--,--,--,++,gray,red,gray
2025-04-29 09:00:00,3311.55,3315.91,3300.2,3312.57,3312.21,3316.21,3300.5,3313.31,74998,3311.88,3316.06,3300.35,3312.94,3308.205,-0.09093669756,0.24447688004,3324.22329283198,3311.26871454426,3316.99923549047,3044.6738318701,3163.64715287413,3265.45708466209,2738.83786969343,2838.6772503714,2951.29135056741,0,0,0,0,0,0,0,0,0,0,0,0,0,0,0,0,0,0,20.94722525934,1,0,1,0,1,0,0,0,gray,0,0,0,0,0,0,0,1,0,0,0,1,+-,--,--,++,gray,red,gray
2025-04-29 13:00:00,3312.57,3329.9,3299.56,3328.67,3313.31,3330.2,3299.86,3328.97,140948,3312.94,3330.05,3299.71,3328.82,3314.88,-0.10670733521,0.09103688184,3321.54688569106,3315.24606272622,3318.27788839237,3046.66906971426,3168.46229554914,3267.77430276026,2739.29447348734,2839.48601753719,2951.43090716069,1,1,0,1,0,0,0,0,0,0,0,0,0,0,0,0,0,0,21.52566904106,0,0,0,0,1,0,0,0,gray,0,0,0,0,0,1,0,0,1,0,0,4,++,--,--,++,gray,red,gray
2025-04-29 17:00:00,3328.67,3329.61,3313.08,3317.21,3328.97,3329.91,3313.38,3317.51,46803,3328.82,3329.76,3313.23,3317.36,3321.495,-0.10208952732,0.03385755859,3318.94904833021,3318.12155488545,3317.6183107139,3048.60891162758,3173.73261744825,3269.55314679672,2739.74846692637,2840.26343806278,2951.6693904443,0,0,0,0,0,0,0,0,0,0,0,0,0,0,0,0,0,0,35.3182488302,0,0,0,0,1,0,0,0,gray,0,0,0,0,0,0,0,0,0,0,1,2,-+,--,--,++,gray,red,gray
2025-04-29 21:00:00,3317.21,3327.89,3310.51,3313.2,3317.51,3328.19,3311.46,3313.5,27063,3317.36,3328.04,3310.985,3313.35,3319.5125,-0.07671517607,0.05592277526,3318.50258307404,3318.78042302477,3315.73564857112,3050.61454183401,3179.15084258555,3271.48334836153,2740.22097762418,2841.03578382217,2951.96505439954,0,0,0,0,0,0,0,0,0,0,0,0,0,0,0,0,0,0,63.0196208846,0,0,0,0,1,0,0,0,gray,0,0,0,0,0,0,0,0,0,0,1,2,-+,--,++,++,gray,gray,gray
2025-04-30 01:00:00,3313.2,3322.74,3301.14,3307.88,3313.5,3323.17,3301.44,3308.18,54792,3313.35,3322.955,3301.29,3308.03,3312.1225,-0.05355072244,0.09140232187,3320.39373052988,3318.30537014667,3315.5645188569,3052.84406945386,3184.010509084,3272.95236752736,2740.66303736523,2841.80700363409,2952.35238041066,0,0,0,0,0,0,0,0,0,0,0,0,0,0,0,0,0,0,39.54044386042,0,0,0,0,1,0,0,0,green,1,0,1,0,0,0,0,1,0,0,0,1,+-,--,++,++,gray,gray,gray
2025-04-30 05:00:00,3307.88,3314.66,3280.15,3284.46,3308.18,3314.96,3280.45,3284.76,80715,3308.03,3314.81,3280.3,3284.61,3297.555,-0.04526020362,0.08902275861,3321.76728971989,3317.04282387834,3316.75061508552,3055.30615856112,3188.13922710065,3274.92435671774,2741.12253859237,2842.58351863995,2952.73441249114,0,0,0,0,0,0,0,0,0,0,0,0,0,0,0,0,0,0,42.75537384625,0,0,0,0,1,0,0,0,gray,0,0,0,0,0,0,0,0,1,0,0,4,++,--,++,++,gray,gray,gray
2025-04-30 09:00:00,3284.46,3304.75,3266.66,3298.56,3284.76,3305.05,3266.96,3298.86,146982,3284.61,3304.9,3266.81,3298.71,3285.855,-0.06434261267,0.01140526175,3321.89230589528,3316.77247089354,3317.30299206841,3058.06530284695,3191.78378660791,3277.3218756378,2741.58957429903,2843.36125031961,2953.08747212662,0,1,0,0,0,0,0,0,0,0,0,0,0,0,0,0,0,0,25.91473785906,1,0,1,0,1,0,0,0,gray,0,0,0,0,0,1,0,1,0,0,0,1,+-,--,++,++,gray,gray,gray
2025-04-30 13:00:00,3298.56,3319.78,3292.64,3310.68,3298.86,3320.08,3293.06,3310.98,158870,3298.71,3319.93,3292.85,3310.83,3306.39,-0.07670307753,-0.03771313832,3321.36059005718,3317.36278703185,3316.26689365473,3060.82212528687,3194.62053594232,3279.16020282493,2742.06519877038,2844.11918486759,2953.30005912574,1,0,0,0,0,0,0,0,0,0,0,0,0,0,0,0,0,0,17.04538301756,0,0,0,0,1,0,0,0,red,-1,1,0,0,0,0,0,1,0,0,0,1,+-,--,++,++,gray,gray,gray
2025-04-30 17:00:00,3310.68,3313.4,3282.97,3288.34,3310.98,3313.7,3283.27,3290.1,56418,3310.83,3313.55,3283.12,3289.22,3298.335,-0.09369788494,-0.07601652421,3320.34862159125,3317.63150115287,3312.52451492378,3063.67850590162,3197.59216256154,3279.98225568302,2742.53895819009,2844.86817978232,2953.48906913181,0,0,0,0,0,0,0,0,0,0,0,0,0,0,0,0,0,0,53.93668687298,0,0,0,0,1,0,0,0,red,-1,1,0,0,0,0,0,0,0,0,1,2,-+,--,++,++,gray,gray,gray
2025-04-30 21:00:00,3288.34,3290.08,3240.81,3245.86,3290.1,3290.71,3241.41,3247.35,67255,3289.22,3290.395,3241.11,3246.605,3265.7525,-0.14620924269,-0.17172989109,3319.92795839192,3316.94287600876,3307.19061193903,3066.71450583531,3199.8295777877,3280.52513051587,2742.97547952115,2845.62728630686,2953.76536031839,0,0,0,0,0,0,0,0,0,0,0,0,0,0,0,0,0,0,73.28079696677,0,0,0,0,1,0,0,0,red,-1,1,0,0,0,0,0,0,1,0,0,4,++,--,++,--,gray,gray,green
2025-05-01 01:00:00,3245.86,3251.38,3221.05,3226.22,3247.35,3252.28,3221.64,3227.1,74788,3246.605,3251.83,3221.345,3226.66,3236.5875,-0.21187230927,-0.2628265247,3320.04850005408,3314.51939150767,3307.03048955122,3069.89737655626,3202.11494910065,3280.48247961834,2743.39389336857,2846.42227649439,2954.28837864952,0,0,0,0,0,0,0,0,0,0,0,0,0,0,0,0,0,0,40.76188693373,0,0,0,0,1,0,0,0,red,-1,1,0,0,0,0,0,1,0,0,0,1,+-,--,++,--,gray,gray,green
2025-05-01 05:00:00,3226.22,3243.04,3223.17,3235.02,3227.1,3243.57,3223.84,3235.32,70589,3226.66,3243.305,3223.505,3235.17,3233.405,-0.27298854602,-0.31743566972,3320.00726928069,3310.93634256921,3305.29139164098,3072.9161700781,3203.65781366246,3281.00718610016,2743.84398251083,2847.22048560814,2954.98462254778,0,0,0,0,0,0,0,0,0,0,0,0,0,0,0,0,0,0,28.04969612829,0,0,0,0,1,0,0,0,red,-1,1,0,0,0,0,0,0,0,1,0,3,--,--,++,--,gray,gray,green
2025-05-01 09:00:00,3235.02,3236.15,3201.73,3226.75,3235.32,3236.45,3202.09,3227.05,123972,3235.17,3236.3,3201.91,3226.9,3219.105,-0.37842835839,-0.4444578867,3319.40074856679,3310.36804974806,3297.38361331278,3075.79486479633,3205.22289886859,3282.01190121486,2744.29697592592,2848.07102000468,2955.79139600231,0,1,0,1,0,1,0,1,0,1,0,1,0,1,0,0,0,0,27.74013486916,1,0,1,0,1,0,0,0,red,-1,1,0,0,0,0,0,1,0,0,0,1,+-,--,++,--,gray,gray,green
2025-05-01 13:00:00,3226.75,3233.25,3204.81,3219.5,3227.05,3233.79,3205.11,3219.8,155595,3226.9,3233.52,3204.96,3219.65,3219.24,-0.46777167933,-0.48538171728,3317.72030636934,3308.86391852955,3285.22439065023,3078.66981013569,3207.20080070735,3282.29493353207,2744.72358872188,2848.92257142097,2956.61322658563,0,0,0,0,0,0,0,0,0,0,0,0,0,0,0,0,0,0,18.35534560879,0,0,0,0,1,0,0,0,red,-1,1,0,0,0,0,0,1,0,0,0,1,+-,--,++,--,gray,gray,green
2025-05-01 17:00:00,3219.5,3239.69,3209.8,3238.7,3219.8,3239.99,3210.1,3239.0,57024,3219.65,3239.84,3209.95,3238.85,3224.895,-0.49972864002,-0.37623999129,3315.26912895632,3303.47499121336,3274.86051252018,3081.24666620158,3209.69246796721,3282.50478842818,2745.15389750511,2849.79792519169,2957.51488820656,0,0,0,0,0,0,0,0,0,0,0,0,0,0,0,0,0,0,52.41652637486,0,0,0,0,1,0,0,0,gray,0,0,0,0,0,0,0,0,0,0,1,2,-+,--,++,--,gray,gray,green
2025-05-01 21:00:00,3238.7,3244.24,3227.27,3231.01,3239.0,3244.73,3227.64,3231.31,31310,3238.85,3244.485,3227.455,3231.16,3235.97,-0.4819667857,-0.17404907779,3314.5861190366,3295.11405481169,3263.70941001614,3083.93043961505,3211.84815036781,3282.65979465088,2745.60588318812,2850.69502637113,2958.54257995513,0,0,0,0,0,0,0,0,0,0,0,0,0,0,0,0,0,0,54.39156818908,0,0,0,0,1,0,0,0,gray,0,0,0,0,0,0,0,0,0,0,1,2,-+,--,+-,--,gray,gray,green
2025-05-02 01:00:00,3231.01,3258.73,3231.01,3251.75,3231.31,3259.21,3231.31,3252.05,48563,3231.16,3258.97,3231.16,3251.9,3245.065,-0.44780799308,0.0206546318,3313.33603295686,3287.40042296022,3254.81552801292,3086.91051894522,3214.09054763385,3283.55641833762,2746.06407050062,2851.63517647254,2959.65466273322,0,0,0,0,0,0,0,0,0,0,0,0,0,0,0,0,0,0,57.26581965694,0,0,0,0,1,0,0,0,green,1,0,1,0,0,0,0,0,1,0,0,4,++,--,+-,--,gray,gray,green
2025-05-02 05:00:00,3251.75,3263.35,3246.19,3257.91,3252.05,3263.65,3246.49,3258.61,54894,3251.9,3263.5,3246.34,3258.26,3254.92,-0.38528842748,0.20062345182,3309.67576119095,3278.8634950902,3248.83142241033,3090.16337828291,3216.04217404051,3285.30733250416,2746.51817110937,2852.59853408424,2960.76049840868,0,0,0,0,0,0,0,0,0,0,0,0,0,0,0,0,0,0,31.26024702153,0,0,0,0,1,0,0,0,green,1,0,1,0,0,0,0,1,0,0,0,1,+-,--,+-,--,gray,gray,green
2025-05-02 09:00:00,3257.91,3269.19,3249.51,3250.31,3258.61,3269.79,3250.51,3250.61,108004,3258.26,3269.49,3250.01,3250.46,3259.75,-0.31356066945,0.31578925845,3304.05358725318,3271.41055820392,3246.25913792827,3093.4873852685,3218.29595269432,3286.86446978345,2746.94386561571,2853.55165196371,2962.04434911418,1,0,1,0,0,0,0,0,0,0,0,0,0,0,0,0,0,0,18.03636902337,0,1,-1,0,1,0,0,0,green,1,0,1,0,0,0,0,1,0,0,0,1,+-,--,+-,--,gray,gray,green
2025-05-02 13:00:00,3250.31,3264.53,3222.64,3224.82,3250.61,3264.83,3222.94,3225.12,242883,3250.46,3264.68,3222.79,3224.97,3243.735,-0.26500180117,0.32033414191,3298.6190805414,3265.59611342843,3246.02031034261,3096.94477419806,3220.80766264533,3287.93882361335,2747.38698533556,2854.51121568919,2963.44761752311,0,1,0,1,0,0,0,0,0,0,0,0,0,0,0,0,0,0,17.24698723254,0,0,0,0,1,0,0,0,green,1,0,1,0,0,0,0,1,0,0,0,1,+-,--,+-,--,gray,gray,green
2025-05-02 17:00:00,3224.82,3241.19,3223.36,3239.27,3225.12,3241.55,3223.8,3239.57,92530,3224.97,3241.37,3223.58,3239.42,3232.475,-0.24814774001,0.23608482298,3292.50261280745,3261.89284924988,3247.80024827409,3100.54932729696,3222.97161423359,3288.7341523306,2747.82711932671,2855.47824909825,2965.0696826792,0,0,0,0,0,0,0,0,0,0,0,0,0,0,0,0,0,0,19.22619690911,0,0,0,0,1,0,0,0,gray,0,0,0,0,0,0,0,0,0,0,1,2,-+,--,+-,--,gray,gray,green
2025-05-04 21:00:00,3239.27,3252.36,3237.12,3246.67,3239.57,3252.79,3238.18,3246.97,37028,3239.42,3252.575,3237.65,3246.82,3245.1125,-0.23558129765,0.15192240539,3286.86702720688,3259.78936809364,3250.19019861927,3104.12130114756,3224.50140306571,3289.30682432088,2748.248459859,2856.47533815791,2966.77440710504,0,0,0,0,0,0,0,0,0,0,0,0,0,0,0,0,0,0,40.30733498974,0,0,0,0,1,0,0,0,gray,0,0,0,1,0,0,0,0,0,0,1,2,-+,++,-+,--,gray,gray,green
2025-05-05 01:00:00,3246.67,3272.34,3246.48,3256.26,3246.97,3272.83,3246.78,3256.98,66845,3246.82,3272.585,3246.63,3256.62,3259.6075,-0.2213236822,0.09971236223,3282.09994819096,3259.18069708194,3248.89915889542,3107.76578090994,3225.84574119179,3290.05897654674,2748.66588436866,2857.50516503277,2968.44500150014,0,0,0,0,0,0,0,0,0,0,0,0,0,0,0,0,0,0,38.82863340564,0,0,0,0,1,0,0,0,gray,0,0,0,1,0,0,0,1,0,0,0,1,+-,++,-+,--,gray,gray,green
2025-05-05 05:00:00,3256.26,3282.81,3253.79,3282.67,3256.98,3283.11,3254.34,3282.97,83354,3256.62,3282.96,3254.065,3282.82,3268.5125,-0.20717898638,0.07962406592,3278.55149063781,3259.2518599467,3245.61432711633,3111.70470471995,3226.81354589739,3290.98356547183,2749.07600138625,2858.62263213563,2970.22031398972,0,0,0,0,0,0,0,0,0,0,0,0,0,0,0,0,0,0,34.66540298006,0,0,0,0,1,0,0,0,gray,0,0,0,1,0,0,0,1,0,0,0,1,+-,++,-+,--,gray,gray,green
2025-05-05 09:00:00,3282.67,3322.49,3282.27,3319.64,3282.97,3322.79,3282.57,3319.94,126162,3282.82,3322.64,3282.42,3319.79,3302.53,-0.12740963682,0.2268036459,3275.97560674259,3257.31225245336,3245.51396169307,3115.74998893658,3228.11370869926,3291.82265178148,2749.44521623668,2859.74139766295,2972.04192639257,0,0,0,0,0,0,0,0,0,0,0,0,0,0,0,0,0,0,31.87964680332,0,0,0,0,1,0,0,0,gray,0,0,0,0,0,0,0,1,0,0,0,1,+-,++,-+,--,gray,gray,green
2025-05-05 13:00:00,3319.64,3328.76,3305.43,3309.63,3319.94,3329.06,3305.73,3309.93,114182,3319.79,3328.91,3305.58,3309.78,3317.245,-0.01159472863,0.41976552314,3274.35594468547,3254.20759589669,3248.33266935445,3119.46552276875,3229.69650490473,3292.41970614085,2749.80833237399,2860.83036162148,2973.83930884818,0,0,0,0,0,0,0,0,0,0,0,0,0,0,0,0,0,0,20.43229230527,0,1,-1,0,1,0,0,0,green,1,0,1,0,0,0,0,0,0,1,0,3,--,++,-+,--,gray,gray,green
2025-05-05 17:00:00,3309.63,3337.65,3309.05,3333.49,3309.93,3337.95,3309.35,3333.79,46590,3309.78,3337.8,3309.2,3333.64,3323.5,0.08946228983,0.52130582389,3273.2324104789,3253.0707089096,3252.36863548356,3122.7422022882,3230.822659361,3292.57074419553,2750.18109541809,2861.94437294499,2975.56952198118,0,0,0,0,0,0,0,0,0,0,0,0,0,0,0,0,0,0,61.38656364027,0,0,0,1,0,1,1,0,green,1,0,1,0,0,0,0,0,0,0,1,2,-+,++,-+,--,gray,gray,green
2025-05-05 21:00:00,3333.49,3337.89,3323.12,3329.61,3333.79,3338.91,3323.47,3329.91,28375,3333.64,3338.4,3323.295,3329.76,3330.8475,0.17879270567,0.54752202807,3270.9633789036,3253.8878077959,3262.40090838685,3125.72925619508,3231.88824737262,3292.37322230743,2750.5829094886,2863.06974044308,2977.3410009952,0,0,0,0,0,0,0,0,0,0,0,0,0,0,0,0,0,0,53.23348017621,0,1,-1,1,0,0,0,0,green,1,0,1,0,0,0,0,0,0,1,0,3,--,++,+-,--,gray,gray,green
2025-05-06 01:00:00,3329.61,3387.06,3329.53,3363.16,3329.91,3387.36,3329.9,3363.46,126406,3329.76,3387.21,3329.715,3363.31,3358.4625,0.28787558757,0.57589259039,3268.00273437255,3255.71589432142,3273.36972670948,3128.22448927154,3232.90437014767,3292.78548047486,2751.01250389314,2864.24675872444,2979.07724404384,0,0,0,0,0,0,0,0,0,0,0,0,0,0,0,0,0,0,45.48439156369,0,0,0,1,0,0,0,0,green,1,0,1,0,0,0,0,1,0,0,0,1,+-,++,+-,--,gray,gray,green
2025-05-06 05:00:00,3363.16,3383.04,3349.99,3376.84,3363.46,3383.43,3350.55,3377.53,97625,3363.31,3383.235,3350.27,3377.185,3366.7525,0.3651258212,0.51601659918,3266.24194711312,3261.56765753124,3283.39578136758,3130.80691074039,3234.36329069044,3292.94870163736,2751.44652245045,2865.41565675566,2980.72373887687,0,0,0,0,0,0,0,0,0,0,0,0,0,0,0,0,0,0,33.76696542894,0,0,0,1,0,0,0,0,gray,0,0,0,0,0,0,0,0,0,1,0,3,--,++,+-,--,gray,gray,green
2025-05-06 09:00:00,3376.84,3392.31,3371.27,3390.97,3377.53,3392.61,3371.57,3391.27,86162,3377.185,3392.46,3371.42,3391.12,3381.94,0.44599916177,0.48603069424,3265.7316050275,3268.52732533983,3292.88612509407,3132.93997915904,3236.34009449606,3292.14881335391,2751.88781151557,2866.56606166229,2982.27885180134,0,0,0,0,0,0,0,0,0,0,0,0,0,0,0,0,0,0,24.41911747638,0,0,0,1,0,0,0,0,gray,0,0,0,1,0,0,0,0,0,1,0,3,--,++,+-,--,gray,gray,green
2025-05-06 13:00:00,3390.97,3411.63,3378.23,3408.89,3391.27,3411.93,3378.53,3409.19,135587,3391.12,3411.78,3378.38,3409.04,3395.08,0.53268796405,0.48052012669,3265.94552002538,3275.39890967235,3306.00140007526,3135.1038557977,3238.19300186886,3290.5146570788,2752.32293005266,2867.64968371524,2983.85326949716,0,0,0,0,0,0,0,0,0,0,0,0,0,0,0,0,0,0,24.63363006778,0,0,0,1,0,0,0,0,gray,0,0,0,1,0,0,0,0,1,0,0,4,++,++,+-,--,gray,gray,green
2025-05-06 17:00:00,3408.89,3435.07,3407.42,3431.43,3409.19,3435.37,3407.72,3431.73,62300,3409.04,3435.22,3407.57,3431.58,3421.395,0.63708226165,0.51639578439,3268.75971079266,3282.32998346331,3318.1516200602,3136.8102450584,3239.74208365306,3288.83496128236,2752.75578700212,2868.70393399973,2985.44439262565,1,0,1,0,1,0,1,0,1,0,1,0,1,0,1,0,0,0,44.38202247191,0,0,0,1,0,0,0,0,gray,0,0,0,0,0,0,0,0,0,0,1,2,-+,++,+-,--,gray,gray,green
2025-05-06 21:00:00,3431.43,3431.43,3360.14,3379.05,3431.73,3431.73,3361.0,3379.89,119359,3431.58,3431.58,3360.57,3379.47,3396.075,0.67230310371,0.39903540645,3272.489348424,3291.8465480304,3330.90929604816,3138.52852882179,3241.11004576846,3286.78408006817,2753.1878538801,2869.76415316711,2987.08299059353,0,0,0,0,0,0,0,0,0,0,0,0,0,0,0,0,0,0,59.49279065676,0,0,0,1,0,0,0,0,gray,0,0,0,0,0,0,0,0,1,0,0,4,++,++,+-,--,gray,green,green
2025-05-07 01:00:00,3379.05,3393.56,3359.72,3381.84,3379.89,3394.36,3360.45,3382.52,97841,3379.47,3393.96,3360.085,3382.18,3377.0225,0.67250847628,0.22644774798,3276.41324469907,3301.2097920266,3343.74343683853,3140.50020265526,3242.32995402722,3284.79748947793,2753.62704392286,2870.86256881876,2988.73411565885,0,1,0,1,0,0,0,0,0,0,0,0,0,0,0,0,0,0,34.62249977004,0,0,0,1,0,0,0,0,gray,0,0,0,1,0,0,0,0,0,1,0,3,--,++,+-,--,gray,green,green
2025-05-07 05:00:00,3381.84,3397.29,3377.95,3382.74,3382.52,3397.59,3378.43,3383.04,88700,3382.18,3397.44,3378.19,3382.89,3387.815,0.66585730851,0.08385423021,3280.60049510684,3311.30106802327,3359.27374947082,3142.78944195126,3243.64904577218,3283.03565155211,2754.07534751988,2871.93480028305,2990.35575374455,0,0,0,0,0,0,0,0,0,0,0,0,0,0,0,0,0,0,21.702367531,0,1,-1,1,0,0,0,0,gray,0,0,0,0,0,0,0,0,0,1,0,3,--,++,+-,--,gray,green,green
2025-05-07 09:00:00,3382.74,3393.83,3369.17,3390.83,3383.04,3394.13,3369.47,3391.13,90347,3382.89,3393.98,3369.32,3390.98,3381.65,0.63531275057,-0.0599975963,3286.58988009862,3321.77343452036,3366.63399957666,3144.87332462597,3245.06442675814,3281.65136768293,2754.557269675,2873.00344920888,2991.94574851022,0,0,0,0,0,0,0,0,0,0,0,0,0,0,0,0,0,0,27.29476352286,0,0,0,1,0,0,0,0,red,-1,1,0,0,0,0,0,0,1,0,0,4,++,++,+-,--,gray,green,green
2025-05-07 13:00:00,3390.83,3398.02,3375.39,3386.88,3391.13,3398.42,3376.23,3387.18,130271,3390.98,3398.22,3375.81,3387.03,3387.015,0.57456067963,-0.19590113058,3292.75623547565,3334.22613020532,3368.71169966133,3147.01160187736,3246.41802808981,3280.5752980452,2755.03969071035,2874.08751165862,2993.57883359001,1,0,0,0,0,0,0,0,0,0,0,0,0,0,0,0,0,0,17.20260073232,0,0,0,1,0,0,0,0,red,-1,1,0,0,0,0,0,1,0,0,0,1,+-,++,+-,--,gray,green,green
2025-05-07 17:00:00,3386.88,3397.87,3363.59,3364.73,3387.18,3398.17,3363.95,3365.03,109307,3387.03,3398.02,3363.77,3364.88,3380.895,0.53987892798,-0.21899007916,3299.61652505444,3341.95723892965,3372.53235972906,3148.97135915964,3247.61265485181,3279.82073045563,2755.53560001881,2875.16268328241,2995.35288682896,0,1,0,0,0,0,0,0,0,0,0,0,0,0,0,0,0,0,31.33376636446,0,0,0,1,0,0,0,0,red,-1,1,0,0,0,0,0,0,0,0,1,2,-+,++,+-,--,gray,green,green
2025-05-07 21:00:00,3364.73,3386.85,3364.73,3380.52,3365.03,3387.23,3365.03,3380.82,27434,3364.88,3387.04,3364.88,3380.67,3375.96,0.52261230689,-0.18318138662,3306.95986928103,3346.34039656345,3374.35588778325,3151.11774838256,3248.52069749087,3279.230414854,2756.02244192857,2876.32590137991,2997.27383900376,0,0,0,0,0,0,0,0,0,0,0,0,0,0,0,0,0,0,80.77567981337,0,0,0,1,0,0,0,0,gray,0,0,0,0,0,0,0,0,0,0,1,2,-+,++,++,--,gray,green,green
2025-05-08 01:00:00,3380.52,3414.61,3378.75,3381.97,3380.82,3415.19,3379.33,3382.27,94645,3380.67,3414.9,3379.04,3382.12,3396.97,0.51275986764,-0.12468508203,3315.76257164402,3351.52472199302,3376.8877102266,3153.42473997377,3249.19950299104,3278.18643206417,2756.52427232133,2877.50499622377,2999.38214567735,1,0,1,0,1,0,0,0,0,0,0,0,0,0,0,0,0,0,37.88895345766,0,1,-1,1,0,0,0,0,gray,0,0,0,0,1,0,0,1,0,0,0,1,+-,++,++,--,gray,green,green
2025-05-08 05:00:00,3381.97,3384.33,3319.94,3339.19,3382.27,3384.63,3320.66,3339.49,151183,3382.12,3384.48,3320.3,3339.34,3352.39,0.46336398261,-0.16695412268,3321.94045074833,3355.29038174389,3377.68916818128,3155.51912491789,3250.23933020938,3276.84197817993,2757.06985117459,2878.58353701251,3001.49353702681,0,0,0,0,0,0,0,0,0,0,0,0,0,0,0,0,0,0,42.45186297401,0,0,0,1,0,0,0,0,gray,0,0,0,0,0,0,0,0,1,0,0,4,++,++,++,--,gray,green,green
2025-05-08 09:00:00,3339.19,3358.52,3330.33,3356.08,3339.49,3358.82,3330.63,3356.38,108027,3339.34,3358.67,3330.48,3356.23,3344.575,0.39584772344,-0.25645370271,3326.17753146,3359.2559590259,3377.34333454502,3157.22239317724,3251.11379693285,3275.90875823346,2757.66898950039,2879.51505616696,3003.67094301968,0,0,0,0,0,0,0,0,0,0,0,0,0,0,0,0,0,0,26.09532801985,0,0,0,1,0,0,0,0,red,-1,1,0,0,0,0,0,0,0,1,0,3,--,++,++,--,gray,green,green
2025-05-08 13:00:00,3356.08,3369.54,3304.12,3310.32,3356.38,3369.84,3304.61,3310.62,172538,3356.23,3369.69,3304.365,3310.47,3337.0275,0.32132601117,-0.34324201763,3330.91887519384,3361.96083914766,3381.26866763602,3158.80910786064,3251.37995517043,3275.42930946189,2758.27602798978,2880.43969111904,3005.96407883204,0,0,0,0,0,0,0,0,0,0,0,0,0,0,0,0,0,0,37.86122477367,0,0,0,1,0,0,0,0,red,-1,1,0,0,0,0,0,0,1,0,0,4,++,++,++,--,gray,green,green
2025-05-08 17:00:00,3310.32,3311.18,3288.57,3305.45,3310.62,3311.48,3288.94,3305.75,88047,3310.47,3311.33,3288.755,3305.6,3300.0425,0.20443524105,-0.49325088952,3334.8212694097,3363.71073425421,3375.49293410882,3160.16041001951,3251.11100144006,3275.22587388948,2758.88505709325,2881.42561519148,3008.35314772904,0,0,0,0,0,0,0,0,0,0,0,0,0,0,0,0,0,0,25.63971515213,1,0,1,1,0,0,0,0,red,-1,1,0,0,0,0,0,0,0,1,0,3,--,++,++,--,gray,green,green
2025-05-08 21:00:00,3305.45,3323.92,3305.45,3322.06,3305.75,3324.22,3305.75,3322.36,32188,3305.6,3324.07,3305.6,3322.21,3314.835,0.07539472216,-0.61033755663,3338.8361717628,3367.86814247243,3369.30934728705,3161.712793053,3250.78907414115,3276.02893642215,2759.4905078702,2882.41258680011,3010.64632031426,0,0,0,0,0,0,0,0,0,0,0,0,0,0,0,0,0,0,57.38163290667,0,0,0,1,0,0,0,0,red,-1,1,0,0,0,0,0,0,0,0,1,2,-+,++,--,--,gray,green,green
2025-05-09 01:00:00,3322.06,3327.5,3274.52,3324.55,3322.36,3327.8,3274.82,3324.85,103868,3322.21,3327.65,3274.67,3324.7,3301.16,-0.01139590943,-0.58734880018,3342.07146624259,3365.93337466338,3362.85297782964,3163.43700324341,3250.21300006586,3277.2411735862,2760.11750917558,2883.35261861641,3012.85794308985,0,1,0,1,0,0,0,0,0,0,0,0,0,0,0,0,0,0,51.00704740632,1,0,1,0,1,-1,0,1,gray,0,0,0,0,0,0,0,1,0,0,0,1,+-,++,--,--,gray,green,green
2025-05-09 05:00:00,3324.55,3332.23,3312.82,3328.45,3324.85,3332.53,3313.12,3328.75,102787,3324.7,3332.38,3312.97,3328.6,3322.675,-0.06228132534,-0.47259188426,3344.67827653162,3363.26357783045,3350.29088226371,3164.87743017326,3249.64985461011,3278.60172730425,2760.72035397883,2884.25784342922,3015.07188098506,0,0,0,0,0,0,0,0,0,0,0,0,0,0,0,0,0,0,18.88371097512,0,0,0,0,1,0,0,0,gray,0,0,0,0,1,0,0,0,0,1,0,3,--,++,--,--,gray,green,green
2025-05-09 09:00:00,3328.45,3338.28,3321.95,3333.53,3328.75,3338.58,3322.25,3333.83,94359,3328.6,3338.43,3322.1,3333.68,3330.265,-0.09280087964,-0.3252576426,3348.70071679842,3359.98406810165,3343.19970581097,3166.27689724997,3249.19976634448,3280.13836767766,2761.31837691257,2885.19748787802,3017.10617347822,0,0,0,0,0,0,0,0,0,0,0,0,0,0,0,0,0,0,17.30624529722,0,0,0,0,1,0,0,0,gray,0,0,0,0,1,0,0,0,0,1,0,3,--,++,--,--,gray,green,green
2025-05-09 13:00:00,3333.53,3347.42,3320.25,3336.72,3333.83,3347.72,3320.55,3337.02,180271,3333.68,3347.57,3320.4,3336.87,3333.985,-0.06602400611,-0.09746786525,3348.98450781392,3352.49137208894,3334.79176464878,3167.64204447188,3248.95922513821,3282.44201862831,2761.92238652288,2885.91430123477,3019.21031463462,1,0,1,0,1,0,0,0,0,0,0,0,0,0,0,0,0,0,15.07175308286,0,0,0,0,1,0,0,0,gray,0,0,0,0,0,0,0,1,0,0,0,1,+-,++,--,--,gray,green,green
2025-05-09 17:00:00,3336.72,3342.85,3325.41,3328.94,3337.02,3343.15,3325.71,3329.24,64183,3336.87,3343.0,3325.56,3329.09,3334.28,-0.05735117369,0.00174495626,3348.64531490516,3347.78432557782,3332.36841171902,3169.27690914073,3248.88842104479,3284.92173866866,2762.52162422441,2886.52595659428,3021.50161453299,0,0,0,0,0,0,0,0,0,0,0,0,0,0,0,0,0,0,27.1723041927,0,0,0,0,1,0,0,0,green,1,0,1,0,0,0,0,0,0,0,1,2,-+,++,--,--,gray,green,green
2025-05-11 21:00:00,3328.94,3328.94,3265.65,3278.86,3329.24,3329.24,3266.21,3279.59,75090,3329.09,3329.09,3265.93,3279.225,3297.51,-0.070943874,-0.00299599481,3347.75163683553,3341.9562848806,3331.94772937522,3171.22983712792,3248.9980861167,3287.77521694311,2763.11586394796,2887.02739025696,3023.96629082096,0,0,0,0,0,0,0,0,0,0,0,0,0,0,0,0,0,0,84.11239845519,0,0,0,0,1,0,0,0,gray,0,0,0,0,0,1,0,0,1,0,0,4,++,+-,++,--,gray,gray,green
2025-05-12 01:00:00,3278.86,3284.69,3258.47,3278.76,3279.59,3285.16,3259.33,3279.06,98106,3279.225,3284.925,3258.9,3278.91,3271.9125,-0.14300020799,-0.1604896283,3344.0817032328,3339.54612427052,3332.35518350017,3173.10646817142,3249.19357546004,3290.93123997419,2763.72574229292,2887.57257313139,3026.48041380137,0,0,0,0,0,0,0,0,0,0,0,0,0,0,0,0,0,0,26.52742951501,1,0,1,0,1,0,0,0,red,-1,1,0,0,0,0,0,1,0,0,0,1,+-,+-,++,--,gray,gray,green
2025-05-12 05:00:00,3278.76,3281.59,3215.9,3231.42,3279.06,3282.02,3216.33,3231.72,226701,3278.91,3281.805,3216.115,3231.57,3248.96,-0.25553651493,-0.38580192219,3341.83195683028,3338.38598373671,3332.74014680014,3174.79507527062,3249.09432863349,3294.76840938672,2764.33486499241,2888.17971874027,3029.08259842775,0,0,0,0,0,0,0,0,0,0,0,0,0,0,0,0,0,0,28.97649326646,0,0,0,0,1,0,0,0,red,-1,1,0,0,0,0,0,0,1,0,0,4,++,+-,++,--,gray,gray,green
2025-05-12 09:00:00,3231.42,3234.31,3207.73,3233.52,3231.72,3234.74,3208.03,3233.82,189677,3231.57,3234.525,3207.88,3233.67,3221.2025,-0.40790713651,-0.62239491924,3338.70334476641,3337.83586076962,3325.69411744011,3176.37018678443,3248.79215902197,3297.74801499299,2764.9552897537,2888.79038518345,3031.78167760533,0,1,0,1,0,1,0,1,0,0,0,0,0,0,0,0,0,0,14.04756507115,1,0,1,0,1,0,0,0,red,-1,1,0,0,0,0,0,0,0,1,0,3,--,+-,++,--,gray,gray,green
2025-05-12 13:00:00,3233.52,3248.55,3223.02,3224.16,3233.82,3248.85,3223.48,3224.46,231769,3233.67,3248.7,3223.25,3224.31,3235.975,-0.54085719508,-0.72450013552,3337.47039516899,3337.39137817342,3314.93779395209,3177.85147682056,3248.72525613066,3300.0796174932,2765.58304760581,2889.28516893802,3034.46690901085,0,0,0,0,0,0,0,0,0,0,0,0,0,0,0,0,0,0,10.98076101636,0,0,0,0,1,0,0,0,red,-1,1,0,0,0,0,0,1,0,0,0,1,+-,+-,++,--,gray,gray,green
2025-05-12 17:00:00,3224.16,3238.86,3220.34,3235.35,3224.46,3239.16,3220.64,3235.65,74291,3224.31,3239.01,3220.49,3235.5,3229.75,-0.6277469338,-0.65557095546,3336.91613400215,3332.40620590174,3301.74223516167,3179.39112314842,3248.9231151101,3302.66006991987,2766.22691220102,2889.6375394576,3037.20311103161,0,0,0,0,0,0,0,0,0,0,0,0,0,0,0,0,0,0,24.92899543686,1,0,1,0,1,0,0,0,gray,0,0,0,0,0,0,0,0,0,0,1,2,-+,+-,++,--,gray,gray,green
2025-05-12 21:00:00,3235.35,3243.21,3229.84,3239.92,3235.65,3243.51,3230.14,3240.22,25594,3235.5,3243.36,3229.99,3240.07,3236.675,-0.66964364481,-0.47689673826,3336.69066215583,3324.84449266402,3285.63428812934,3180.98779592204,3249.27928574447,3304.98330315752,2766.89141641269,2890.05013585478,3040.12760331611,0,0,0,0,0,0,0,0,0,0,0,0,0,0,0,0,0,0,52.23880597015,0,0,0,0,1,0,0,0,gray,0,0,0,0,1,0,0,0,0,0,1,2,-+,+-,--,--,gray,red,green
2025-05-13 01:00:00,3239.92,3253.49,3215.83,3252.42,3240.22,3253.79,3216.13,3252.72,79653,3240.07,3253.64,3215.98,3252.57,3234.81,-0.67539044734,-0.25655662117,3336.50522660538,3315.35893108102,3275.70243050347,3182.54425327123,3250.24748054911,3307.39600012347,2767.58165138242,2890.49732411292,3043.12487690419,0,1,0,1,0,0,0,0,0,0,0,0,0,0,0,0,0,0,47.28007733544,1,0,1,0,1,0,0,0,gray,0,0,0,0,1,0,0,1,0,0,0,1,+-,+-,--,--,gray,red,green
2025-05-13 05:00:00,3252.42,3265.55,3247.17,3255.5,3252.72,3265.85,3247.47,3255.8,91174,3252.57,3265.7,3247.32,3255.65,3256.51,-0.61473123263,0.03082311135,3333.50559378958,3303.58937719589,3266.51194440278,3184.00018862773,3251.4656172664,3309.55773541396,2768.28187246629,2891.00051156308,3045.9256242868,1,0,1,0,1,0,0,0,0,0,0,0,0,0,0,0,0,0,20.15925592822,0,0,0,0,1,0,0,0,gray,0,0,0,0,0,0,0,1,0,0,0,1,+-,+-,--,--,gray,red,green
2025-05-13 09:00:00,3255.5,3258.52,3237.22,3241.63,3255.8,3258.82,3237.52,3241.93,114022,3255.65,3258.67,3237.37,3241.78,3248.02,-0.58299557426,0.14395457457,3328.76766349808,3295.1375800464,3260.54455552222,3185.27608538472,3252.7753333161,3311.5107431959,2768.98676139874,2891.49992996838,3048.46148800703,0,0,0,0,0,0,0,0,0,0,0,0,0,0,0,0,0,0,18.68060549718,0,0,0,0,1,0,0,0,green,1,0,1,0,0,0,0,1,0,0,0,1,+-,+-,--,--,gray,red,green
2025-05-13 13:00:00,3241.63,3257.78,3225.29,3250.85,3241.93,3258.08,3225.59,3251.15,170308,3241.78,3257.93,3225.44,3251.0,3241.685,-0.54865177492,0.19613485544,3322.62861245976,3286.9641325406,3255.39764441778,3186.40618554894,3254.19482725581,3314.02425074896,2769.686544525,2891.98093885264,3050.82349156254,0,1,0,0,0,0,0,0,0,0,0,0,0,0,0,0,0,0,19.07720130587,0,0,0,0,1,0,0,0,green,1,0,1,0,0,0,0,0,1,0,0,4,++,+-,--,--,gray,red,green
2025-05-13 17:00:00,3250.85,3254.68,3241.97,3250.07,3251.15,3254.98,3242.27,3250.37,51626,3251.0,3254.83,3242.12,3250.22,3248.475,-0.51029388442,0.21440998077,3314.82660380901,3280.67799097303,3255.62011553422,3187.75431829558,3256.09060312389,3315.1526551387,2770.38587729814,2892.3745828919,3052.88586314891,0,0,0,0,0,0,0,0,0,0,0,0,0,0,0,0,0,0,24.61937783287,0,0,0,0,1,0,0,0,green,1,0,1,0,0,0,0,0,0,0,1,2,-+,+-,--,--,gray,red,green
2025-05-13 21:00:00,3250.07,3256.99,3240.57,3243.7,3250.37,3257.29,3240.87,3244.0,24467,3250.22,3257.14,3240.72,3243.85,3248.93,-0.46717502008,0.2185669321,3308.7610958237,3274.9444921014,3254.10009242738,3188.99679786529,3258.10263761254,3316.01801822286,2771.08794393661,2892.75287867348,3055.00512798816,0,0,0,0,0,0,0,0,0,0,0,0,0,0,0,0,0,0,67.11080230515,0,0,0,0,1,0,0,0,green,1,0,1,0,0,0,0,0,0,0,1,2,-+,+-,++,--,gray,red,green
2025-05-14 01:00:00,3243.7,3251.74,3222.35,3223.83,3244.0,3252.04,3222.65,3224.13,77363,3243.85,3251.89,3222.5,3223.98,3237.195,-0.46447240975,0.14153025428,3302.68331922188,3272.64018058872,3251.6170739419,3189.85922148478,3260.35422601959,3316.63594415748,2771.78004488107,2893.1843040869,3056.8498840438,0,0,0,0,0,0,0,0,0,0,0,0,0,0,0,0,0,0,37.98973669584,0,0,0,0,1,0,0,0,gray,0,0,0,0,0,0,0,1,0,0,0,1,+-,+-,++,--,gray,red,green
2025-05-14 05:00:00,3223.83,3243.66,3221.49,3232.48,3224.13,3243.96,3221.79,3232.78,105357,3223.98,3243.81,3221.64,3232.63,3232.725,-0.45270678936,0.10127238334,3297.60575620481,3269.56265801513,3250.98865915352,3190.38425832203,3262.80378554651,3316.14790168226,2772.4707874676,2893.767547417,3058.71568346016,0,0,0,0,0,0,0,0,0,0,0,0,0,0,0,0,0,0,21.04274039694,0,0,0,0,1,0,0,0,gray,0,0,0,1,0,0,0,1,0,0,0,1,+-,+-,++,--,gray,red,green
2025-05-14 09:00:00,3232.48,3239.09,3184.0,3184.67,3232.78,3239.39,3184.3,3184.97,144346,3232.63,3239.24,3184.15,3184.82,3211.695,-0.45154371719,0.04984200995,3292.77531341983,3266.07795076324,3250.57692732282,3190.86763744201,3265.68726217293,3316.1092869269,2773.18187954328,2894.45759013194,3060.30080024168,0,0,0,0,0,0,0,0,0,0,0,0,0,0,0,0,0,0,38.16524184944,0,0,0,0,1,0,0,0,gray,0,0,0,1,0,0,0,0,1,0,0,4,++,+-,++,--,gray,red,green
2025-05-14 13:00:00,3184.67,3198.29,3173.66,3188.46,3184.97,3198.59,3173.96,3188.76,190486,3184.82,3198.44,3173.81,3188.61,3186.125,-0.49470119601,-0.08050756292,3289.98567392599,3263.87758191784,3247.90054185825,3191.18491117862,3268.05794831524,3315.66960201728,2773.91951381505,2895.21596957344,3061.89411065667,0,0,0,0,0,0,0,0,0,0,0,0,0,0,0,0,0,0,12.93008410067,1,0,1,0,1,0,0,0,gray,0,0,0,0,0,1,0,1,0,0,0,1,+-,+-,++,--,gray,red,green
2025-05-14 17:00:00,3188.46,3190.35,3167.91,3177.22,3188.76,3190.65,3168.21,3177.52,62905,3188.61,3190.5,3168.06,3177.37,3179.28,-0.55032974044,-0.19035540491,3286.75754516246,3262.00913417811,3244.8654334866,3191.50013689571,3270.03912198224,3315.87564313442,2774.65521802243,2895.98386240789,3063.64489808267,0,0,0,0,0,0,0,0,0,0,0,0,0,0,0,0,0,0,35.67283999682,0,0,0,0,1,0,0,0,red,-1,1,0,0,0,0,0,0,0,0,1,2,-+,+-,++,--,gray,red,green
2025-05-14 21:00:00,3177.22,3187.86,3176.91,3187.77,3177.52,3188.16,3177.52,3188.07,21020,3177.37,3188.01,3177.215,3187.92,3182.6125,-0.58379397652,-0.21739631988,3283.2904263038,3258.90736740584,3238.23134678928,3191.87536007666,3272.18050158256,3316.29885951282,2775.37523070673,2896.8013243718,3065.59349254043,0,0,0,0,0,0,0,0,0,0,0,0,0,0,0,0,0,0,51.35585156993,0,0,0,0,1,0,0,0,red,-1,1,0,0,0,0,0,0,0,0,1,2,-+,+-,-+,--,gray,red,green
2025-05-15 01:00:00,3187.77,3192.62,3135.53,3138.6,3188.07,3192.92,3135.83,3138.9,79701,3187.92,3192.77,3135.68,3138.75,3164.225,-0.63387685651,-0.25640559458,3280.61231658813,3255.63457148011,3227.81007743143,3192.37080546905,3274.17085609924,3316.81904011539,2776.06668898071,2897.69703757192,3067.41753078667,1,0,0,0,0,0,0,0,0,0,0,0,0,0,0,0,0,0,71.63021793955,0,0,0,0,1,0,0,0,red,-1,1,0,0,0,0,0,0,1,0,0,4,++,+-,-+,--,gray,red,green
2025-05-15 05:00:00,3138.6,3164.15,3120.43,3162.42,3138.9,3164.45,3120.93,3162.72,108116,3138.75,3164.3,3120.68,3162.57,3142.49,-0.67946190571,-0.25640957046,3278.17521531212,3250.1421250451,3218.10406194514,3192.96287507052,3276.22256780653,3317.33259775905,2776.7580372858,2898.64547303299,3069.27699237843,0,1,0,1,0,1,0,1,0,1,0,1,0,1,0,1,0,1,40.3455547745,1,0,1,0,1,0,0,0,red,-1,1,0,0,0,0,0,1,0,0,0,1,+-,+-,-+,--,gray,red,green
2025-05-15 09:00:00,3162.42,3189.77,3159.24,3188.7,3162.72,3190.07,3159.54,3189.0,97953,3162.57,3189.92,3159.39,3188.85,3174.655,-0.65360250415,-0.0940510521,3275.02289105734,3242.13998441446,3211.00574955611,3193.65902254164,3278.12570293732,3316.7495801779,2777.45774408345,2899.59074997276,3071.02805493136,0,0,0,0,0,0,0,0,0,0,0,0,0,0,0,0,0,0,31.16800914724,0,0,0,0,1,0,0,0,gray,0,0,0,0,0,0,0,0,0,1,0,3,--,+-,-+,--,gray,red,green
2025-05-15 13:00:00,3188.7,3222.59,3185.08,3222.42,3189.0,3222.89,3185.38,3222.72,149141,3188.85,3222.74,3185.23,3222.57,3203.985,-0.58505040904,0.11860556628,3271.76920712985,3234.28248636265,3201.64959964489,3194.40161779398,3279.90450833846,3315.43084252561,2778.16744502753,2900.64673387846,3072.895915661,0,0,0,0,0,0,0,0,0,0,0,0,0,0,0,0,0,0,25.15069632093,0,0,0,0,1,0,0,0,green,1,0,1,0,0,0,0,1,0,0,0,1,+-,+-,-+,--,gray,red,green
2025-05-15 17:00:00,3222.42,3240.54,3216.33,3239.84,3222.72,3240.84,3216.63,3240.14,54031,3222.57,3240.69,3216.48,3239.99,3228.585,-0.48806091691,0.33787219618,3267.14811427371,3227.82373806732,3189.81767971591,3194.95592545922,3282.03297182321,3313.47581774545,2778.85225286565,2901.77749896911,3074.86497180225,0,0,0,0,0,0,0,0,0,0,0,0,0,0,0,0,0,0,44.80761044586,0,0,0,0,1,0,0,0,green,1,0,1,0,0,0,0,0,0,0,1,2,-+,+-,-+,--,gray,red,green
2025-05-15 21:00:00,3239.84,3252.02,3231.91,3243.1,3240.14,3252.32,3232.21,3243.4,42985,3239.99,3252.17,3232.06,3243.25,3242.115,-0.35902463251,0.54649971612,3260.91556702188,3219.87389580891,3186.78514377273,3195.37748809451,3283.31219051734,3310.76189663529,2779.51390471482,2903.04465562589,3076.70497199806,1,0,1,0,1,0,1,0,0,0,0,0,0,0,0,0,0,0,46.78376177736,0,0,0,0,1,0,0,0,green,1,0,1,0,0,0,0,0,0,0,1,2,-+,+-,--,--,gray,gray,green
2025-05-16 01:00:00,3243.1,3244.47,3206.37,3219.44,3243.4,3244.98,3206.67,3219.74,78113,3243.25,3244.725,3206.52,3219.59,3225.6225,-0.22105025538,0.67689444361,3254.6359080202,3210.20090883279,3190.22511501818,3195.936308453,3284.42605978066,3308.56228202837,2780.18628162539,2904.36442105239,3078.30500691474,0,0,0,0,0,0,0,0,0,0,0,0,0,0,0,0,0,0,48.90991256257,0,0,0,0,1,0,0,0,green,1,0,1,0,0,0,0,0,1,0,0,4,++,+-,--,--,gray,gray,green
2025-05-16 05:00:00,3219.44,3231.37,3195.38,3207.39,3219.74,3231.67,3195.68,3207.69,81435,3219.59,3231.52,3195.53,3207.54,3213.525,-0.1428496821,0.60943247629,3249.0956458648,3205.75767022869,3197.89709201455,3196.65171509959,3285.38244960283,3306.24427373341,2780.817564698,2905.66474542555,3079.8337221445,0,0,0,0,0,0,0,0,0,0,0,0,0,0,0,0,0,0,44.19475655431,0,0,0,0,1,0,0,0,gray,0,0,0,0,0,0,0,1,0,0,0,1,+-,+-,--,--,gray,gray,green
2025-05-16 09:00:00,3207.39,3212.88,3153.88,3177.38,3207.69,3213.18,3154.46,3177.68,123141,3207.54,3213.03,3154.17,3177.53,3183.6,-0.14732119857,0.35023939332,3242.56713464443,3205.53608645011,3206.74067361164,3197.45913964904,3285.64899597369,3304.19811862361,2781.44818786856,2907.03137741944,3081.21734212961,0,1,0,1,0,1,0,0,0,0,0,0,0,0,0,0,0,0,47.79886471606,0,0,0,0,1,0,0,0,gray,0,0,0,0,0,1,0,0,1,0,0,4,++,+-,--,--,gray,gray,green
2025-05-16 13:00:00,3177.38,3189.65,3165.62,3189.31,3177.68,3189.95,3166.09,3189.61,124608,3177.53,3189.8,3165.855,3189.46,3177.8275,-0.18929171062,0.0637037966,3234.86889351794,3208.41720064384,3210.51703888931,3198.63971111365,3286.17965059235,3302.15729160527,2782.09028153469,2908.42837794553,3082.72501683704,0,0,0,0,0,0,0,0,0,0,0,0,0,0,0,0,0,0,19.21626219825,0,0,0,0,1,0,0,0,red,-1,1,0,0,0,0,0,1,0,0,0,1,+-,+-,--,--,gray,gray,green
2025-05-16 17:00:00,3189.31,3202.85,3183.28,3198.67,3189.61,3203.35,3183.58,3198.97,40199,3189.46,3203.1,3183.43,3198.82,3193.265,-0.23451703015,-0.13382840972,3230.23705555502,3212.62942556336,3211.11863111145,3199.97235480901,3286.45202058158,3300.81472420511,2782.72594391789,2909.81222610886,3084.3392007479,0,0,0,0,0,0,0,0,0,0,0,0,0,0,0,0,0,0,48.93156546183,0,0,0,0,1,0,0,0,red,-1,1,0,0,0,0,0,0,0,0,1,2,-+,+-,--,--,gray,gray,green
2025-05-18 21:00:00,3198.67,3249.76,3198.67,3246.37,3198.97,3250.06,3198.97,3246.67,63715,3198.82,3249.91,3198.82,3246.52,3224.365,-0.21641782844,-0.08545656603,3228.21766666617,3214.25355986794,3205.61490488916,3201.36030587857,3287.11062020737,3299.26193819908,2783.35464167938,2911.15633672642,3085.77875490937,1,0,1,0,1,0,0,0,0,0,0,0,0,0,0,0,0,0,80.18519971749,0,0,0,0,1,0,0,0,gray,0,0,0,0,0,0,0,0,1,0,0,4,++,--,--,--,gray,gray,green
2025-05-19 01:00:00,3246.37,3246.91,3206.6,3215.86,3246.67,3247.21,3206.9,3216.16,89280,3246.52,3247.06,3206.75,3216.01,3226.905,-0.17722987785,0.0442957731,3228.24592307646,3214.16248988445,3200.05742391133,3202.81521817207,3287.8952452945,3297.56849884028,2783.99078321339,2912.52760781343,3087.19299966694,0,0,0,0,0,0,0,0,0,0,0,0,0,0,0,0,0,0,45.15008960573,0,0,0,0,1,0,0,0,green,1,0,1,0,0,0,0,1,0,0,0,1,+-,--,--,--,gray,gray,green
2025-05-19 05:00:00,3215.86,3244.9,3214.88,3244.32,3216.16,3245.2,3215.18,3244.62,70935,3216.01,3245.05,3215.03,3244.47,3230.04,-0.09259318818,0.25186769731,3229.31277514751,3210.34217864889,3198.69893912906,3204.5640640353,3288.7332408346,3296.1245724038,2784.63786336402,2913.87881979706,3088.58593022481,0,0,0,0,0,0,0,0,0,0,0,0,0,0,0,0,0,0,42.32043420032,0,0,0,0,1,0,0,0,green,1,0,1,0,0,0,0,0,0,1,0,3,--,--,--,--,gray,gray,green
2025-05-19 09:00:00,3244.32,3248.57,3228.86,3229.41,3244.62,3248.87,3229.16,3229.71,72160,3244.47,3248.72,3229.01,3229.56,3238.865,0.01033910269,0.42934239197,3229.02890782847,3206.27784381778,3203.83215130325,3206.38640601243,3289.56136372852,3294.73649674487,2785.25439423042,2915.17621756617,3090.14536820936,1,0,0,0,0,0,0,0,0,0,0,0,0,0,0,0,0,0,27.31430155211,0,1,-1,1,0,1,1,0,green,1,0,1,0,0,0,0,1,0,0,0,1,+-,--,--,--,gray,gray,green
2025-05-19 13:00:00,3229.41,3241.59,3217.09,3231.77,3229.71,3241.98,3217.39,3232.07,119854,3229.56,3241.785,3217.24,3231.92,3229.5125,0.07375164074,0.43429656373,3227.83629953397,3204.65123834056,3208.4467210426,3208.35891830443,3289.705884388,3293.04409978178,2785.84679636774,2916.41863723327,3091.90191079124,0,0,0,0,0,0,0,0,0,0,0,0,0,0,0,0,0,0,20.47908288418,0,0,0,1,0,0,0,0,green,1,0,1,0,0,0,0,1,0,0,0,1,+-,--,--,--,gray,gray,green
2025-05-19 17:00:00,3231.77,3235.84,3225.15,3229.58,3232.07,3236.14,3225.45,3229.88,31539,3231.92,3235.99,3225.3,3229.73,3230.645,0.09068383825,0.30898306571,3224.43350726213,3207.11545854799,3212.76537683408,3210.4569079864,3289.38236830822,3291.27000861173,2786.44651308825,2917.67432977733,3093.61266141075,0,0,0,0,0,0,0,0,0,0,0,0,0,0,0,0,0,0,33.89454326389,0,0,0,1,0,0,0,0,gray,0,0,0,0,0,0,0,0,0,0,1,2,-+,--,--,--,gray,gray,green
2025-05-19 21:00:00,3229.58,3230.25,3214.03,3222.73,3229.88,3230.96,3214.33,3223.03,23698,3229.73,3230.605,3214.18,3222.88,3222.3925,0.08985357651,0.15618108241,3220.84842978042,3209.58915122949,3217.98530146726,3212.8269989079,3288.64741615716,3288.92956718197,2787.04463904823,2918.94171462807,3095.20835473429,0,0,0,0,0,0,0,0,0,0,0,0,0,0,0,0,0,0,69.30964638366,0,0,0,1,0,0,0,0,gray,0,0,0,0,0,0,0,0,0,0,1,2,-+,--,-+,--,gray,gray,green
2025-05-20 01:00:00,3222.73,3232.66,3204.53,3217.2,3223.03,3232.96,3204.83,3217.5,65692,3222.88,3232.81,3204.68,3217.35,3218.745,0.07486178184,0.01961550756,3218.72662748962,3212.1455073258,3220.29074117381,3214.88596521231,3287.4211449543,3285.90590344133,2787.65276997914,2920.23982958675,3096.7345467153,0,1,0,1,0,1,0,0,0,0,0,0,0,0,0,0,0,0,42.82104365828,0,0,0,1,0,0,0,0,red,-1,1,0,0,0,0,0,1,0,0,0,1,+-,--,-+,--,gray,gray,green
2025-05-20 05:00:00,3217.2,3235.98,3207.83,3235.83,3217.5,3236.28,3208.13,3236.13,70266,3217.35,3236.13,3207.98,3235.98,3222.055,0.05461932525,-0.06234870363,3219.16034845196,3215.48544391008,3222.36159293905,3216.70772403015,3286.48576050059,3282.76984745776,2788.27017642482,2921.5471479147,3098.20309152977,0,0,0,0,0,0,0,0,0,0,0,0,0,0,0,0,0,0,40.06204992457,0,0,0,1,0,0,0,0,red,-1,1,0,0,0,0,0,1,0,0,0,1,+-,--,-+,--,gray,gray,green
2025-05-20 09:00:00,3235.83,3250.8,3230.39,3242.8,3236.13,3251.36,3230.69,3243.1,72517,3235.98,3251.08,3230.54,3242.95,3240.81,0.06787992086,-0.02168858739,3219.75609087873,3217.23882592132,3222.36777435124,3218.63027769273,3285.45420121876,3279.82404312077,2788.90373033351,2922.83771809533,3099.70779228304,0,0,0,0,0,0,0,0,0,0,0,0,0,0,0,0,0,0,28.32439290097,0,0,0,1,0,0,0,0,gray,0,0,0,0,0,0,1,1,0,0,0,1,+-,--,-+,--,gray,gray,green
2025-05-20 13:00:00,3242.8,3285.75,3232.86,3278.83,3243.1,3286.05,3233.16,3279.13,157665,3242.95,3285.9,3233.01,3278.98,3259.455,0.10278983066,0.06982511587,3220.54716081114,3218.91459768115,3221.64321948099,3220.46195996585,3284.56730665115,3276.42407126427,2789.51837561114,2924.11015278161,3101.24798122552,0,0,0,0,0,0,0,0,0,0,0,0,0,0,0,0,0,0,33.54580915232,0,0,0,1,0,0,0,0,green,1,0,1,0,0,0,0,0,1,0,0,4,++,--,-+,--,gray,gray,green
2025-05-20 17:00:00,3278.83,3295.8,3278.2,3289.49,3279.13,3296.1,3278.5,3290.4,53021,3278.98,3295.95,3278.35,3289.945,3287.15,0.18102922007,0.23884419623,3221.95622536413,3219.34933547101,3221.72557558479,3222.33334243814,3283.6626283484,3272.48483387415,2790.13031625938,2925.41058131045,3102.76370705034,0,0,0,0,0,0,0,0,0,0,0,0,0,0,0,0,0,0,33.19439467381,0,0,0,1,0,0,0,0,green,1,0,1,0,0,0,0,0,0,1,0,3,--,--,-+,--,gray,gray,green
2025-05-20 21:00:00,3289.49,3304.26,3288.56,3303.41,3290.4,3304.56,3288.86,3303.71,38049,3289.945,3304.41,3288.71,3303.56,3296.56,0.27965080411,0.40127064532,3222.53747725919,3219.27379353713,3225.54246046783,3224.11493409614,3283.16894419661,3269.60748581903,2790.74198650803,2926.79955950225,3104.21758755694,0,0,0,0,0,0,0,0,0,0,0,0,0,0,0,0,0,0,41.26258245946,0,0,0,1,0,0,0,0,green,1,0,1,0,0,0,0,0,0,0,1,2,-+,--,+-,--,gray,gray,green
2025-05-21 01:00:00,3303.41,3314.61,3285.29,3301.98,3303.71,3315.15,3285.59,3302.28,83845,3303.56,3314.88,3285.44,3302.13,3300.16,0.37623217244,0.49213673478,3223.16113285464,3219.62144434499,3232.32496837427,3225.82105843214,3282.52987248394,3267.6774127067,2791.35735259156,2928.28097770181,3105.56020847668,0,0,0,0,0,0,0,0,0,0,0,0,0,0,0,0,0,0,35.1124098038,0,0,0,1,0,0,0,0,green,1,0,1,0,0,0,0,1,0,0,0,1,+-,--,+-,--,gray,gray,green
2025-05-21 05:00:00,3301.98,3320.72,3298.34,3308.27,3302.28,3321.02,3298.64,3308.57,82141,3302.13,3320.87,3298.49,3308.42,3309.68,0.45695377726,0.50032465888,3223.10200725044,3222.27001380187,3243.28997469941,3227.74408024751,3281.78723843878,3266.52763586239,2791.97389807541,2929.88007221811,3106.81225564004,1,0,0,0,0,0,0,0,0,0,0,0,0,0,0,0,0,0,27.24583338406,0,1,-1,1,0,0,0,0,green,1,0,1,0,0,0,0,0,0,1,0,3,--,--,+-,--,gray,gray,green
2025-05-21 09:00:00,3308.27,3318.29,3290.37,3302.65,3308.57,3318.59,3290.93,3302.95,91602,3308.42,3318.44,3290.65,3302.8,3304.545,0.50747361588,0.41464675001,3222.76685284656,3226.91813707663,3253.94397975953,3229.14459619978,3281.18156137626,3265.80961716055,2792.57863574629,2931.48325860344,3108.19821219809,0,0,0,0,0,0,0,0,0,0,0,0,0,0,0,0,0,0,30.33776555097,0,0,0,1,0,0,0,0,gray,0,0,0,0,0,0,0,0,1,0,0,4,++,--,+-,--,gray,gray,green
2025-05-21 13:00:00,3302.65,3315.18,3295.16,3303.09,3302.95,3315.48,3295.46,3303.39,126433,3302.8,3315.33,3295.31,3303.24,3305.32,0.52101711549,0.26126133495,3222.71209493528,3234.44711994206,3263.18718380762,3230.441567029,3280.59516935124,3264.62764312642,2793.17825474962,2933.12942487553,3109.51860655783,0,0,0,0,0,0,0,0,0,0,0,0,0,0,0,0,0,0,15.83447359471,0,0,0,1,0,0,0,0,gray,0,0,0,1,0,0,0,1,0,0,0,1,+-,--,+-,--,gray,gray,green
2025-05-21 17:00:00,3303.09,3324.84,3302.79,3314.54,3303.39,3325.14,3303.09,3315.61,76639,3303.24,3324.99,3302.94,3315.075,3313.965,0.52940220449,0.14418114284,3224.10424147872,3242.2112299493,3272.4857470461,3231.63916178148,3279.80607536303,3263.12462421094,2793.78451932588,2934.84939515503,3110.60356415118,0,0,0,0,0,0,0,0,0,0,0,0,0,0,0,0,0,0,28.7712522345,0,0,0,1,0,0,0,0,gray,0,0,0,1,0,0,0,0,0,0,1,2,-+,--,+-,--,gray,gray,green
2025-05-21 21:00:00,3314.54,3326.3,3314.54,3323.71,3315.61,3326.6,3315.61,3324.01,31955,3315.075,3326.45,3315.075,3323.86,3320.7625,0.5398995963,0.08154685755,3226.82353059574,3249.45482620564,3278.89759763688,3232.4077386154,3278.95005581098,3260.78566467532,2794.41336675472,2936.63111448913,3111.47845259457,0,0,0,0,0,0,0,0,0,0,0,0,0,0,0,0,0,0,35.59693318729,0,0,0,1,0,0,0,0,gray,0,0,0,1,0,0,0,0,0,0,1,2,-+,--,++,--,gray,green,green
2025-05-22 01:00:00,3323.71,3345.25,3320.31,3338.48,3324.01,3345.55,3320.61,3338.78,80116,3323.86,3345.4,3320.46,3338.63,3332.93,0.54733313579,0.05156969953,3231.46402824223,3256.98297292993,3284.1820781095,3233.33388761972,3277.72723661441,3258.34571865546,2795.04464429649,2938.3561740836,3112.32516472933,1,0,1,0,1,0,0,0,0,0,0,0,0,0,0,0,0,0,31.12986170053,0,0,0,1,0,0,0,0,gray,0,0,0,1,0,0,0,1,0,0,0,1,+-,--,++,--,gray,green,green
2025-05-22 05:00:00,3338.48,3339.39,3309.97,3311.12,3338.78,3339.69,3310.27,3311.42,91556,3338.63,3339.54,3310.12,3311.27,3324.83,0.54717847623,0.02876604863,3236.47141068513,3262.92822631369,3290.1386624876,3234.09597877006,3276.06174140324,3256.43157987147,2795.70870359544,2940.0332720489,3113.06669136316,0,0,0,0,0,0,0,0,0,0,0,0,0,0,0,0,0,0,32.13333915855,0,0,0,1,0,0,0,0,gray,0,0,0,0,0,0,0,0,1,0,0,4,++,--,++,--,gray,green,green
2025-05-22 09:00:00,3311.12,3314.64,3282.88,3304.07,3311.42,3314.94,3283.18,3304.37,142768,3311.27,3314.79,3283.03,3304.22,3298.91,0.51426684058,-0.06013612726,3241.37053294012,3268.22719802448,3296.26342999008,3235.09124867152,3274.30207337773,3255.48844516937,2796.37388607927,2941.71409491565,3113.80400600647,0,0,0,0,0,0,0,0,0,0,0,0,0,0,0,0,0,0,22.24588143001,0,0,0,1,0,0,0,0,red,-1,1,0,0,0,0,0,1,0,0,0,1,+-,--,++,--,gray,green,green
2025-05-22 13:00:00,3304.07,3315.74,3278.79,3301.47,3304.37,3316.04,3279.37,3301.77,207732,3304.22,3315.89,3279.08,3301.62,3297.485,0.46850686677,-0.15472630848,3246.62510732934,3273.94442327142,3303.59674399207,3236.16061666397,3272.63499022541,3254.64775560556,2797.05427364935,2943.28618034519,3114.57547124253,0,1,0,1,0,1,0,1,0,0,0,0,0,0,0,0,0,0,17.7199468546,0,0,0,1,0,0,0,0,red,-1,1,0,0,0,0,0,1,0,0,0,1,+-,--,++,--,gray,green,green
2025-05-22 17:00:00,3301.47,3301.73,3288.93,3295.01,3301.77,3302.03,3289.23,3295.31,68847,3301.62,3301.88,3289.08,3295.16,3295.48,0.40737379291,-0.25226568274,3251.08048368862,3279.79668286249,3307.84339519365,3237.25976703853,3270.66389949404,3253.92399808775,2797.74861907733,2944.90341776861,3115.41848880335,0,0,0,0,0,0,0,0,0,0,0,0,0,0,0,0,0,0,18.59195026653,0,0,0,1,0,0,0,0,red,-1,1,0,0,0,0,0,0,0,0,1,2,-+,--,++,--,gray,green,green
2025-05-22 21:00:00,3295.01,3308.88,3286.8,3300.86,3295.31,3309.18,3287.29,3301.16,34885,3295.16,3309.03,3287.045,3301.01,3298.0375,0.32816541193,-0.35190897828,3255.25275417412,3286.43834750468,3306.05671615492,3238.34988201563,3268.33346495778,3253.48108637929,2798.4701081514,2946.63841382968,3116.31881179777,0,0,0,0,0,0,0,0,0,0,0,0,0,0,0,0,0,0,63.02135588362,0,0,0,1,0,0,0,0,red,-1,1,0,0,0,0,0,0,0,0,1,2,-+,--,-+,--,gray,green,green
2025-05-23 01:00:00,3300.86,3316.19,3290.85,3313.61,3301.16,3316.49,3291.15,3313.91,61878,3301.01,3316.34,3291.0,3313.76,3303.67,0.27313665221,-0.35252978331,3259.76908077611,3291.2373040666,3304.34237292394,3239.01460244242,3266.63022014037,3252.77612795637,2799.20652033137,2948.48294853428,3117.28132004917,0,0,0,0,0,0,0,0,0,0,0,0,0,0,0,0,0,0,40.95154982385,0,0,0,1,0,0,0,0,red,-1,1,0,0,0,0,0,1,0,0,0,1,+-,--,-+,--,gray,green,green
2025-05-23 05:00:00,3313.61,3334.32,3312.49,3326.3,3313.91,3334.62,3312.79,3326.6,67837,3313.76,3334.47,3312.64,3326.45,3323.555,0.28281870381,-0.19486961731,3264.46088225487,3292.19639105827,3302.56989833915,3239.38424174082,3265.49121613781,3252.12521242824,2799.93720595383,2950.36070411997,3118.27068588217,0,0,0,0,0,0,0,0,0,0,0,0,0,0,0,0,0,0,32.1800787181,0,0,0,1,0,0,0,0,gray,0,0,0,0,0,0,1,1,0,0,0,1,+-,--,-+,--,gray,green,green
2025-05-23 09:00:00,3326.3,3360.27,3323.38,3356.98,3326.6,3360.57,3323.68,3357.28,131100,3326.45,3360.42,3323.53,3357.13,3341.975,0.3209577117,-0.00431740642,3269.72773746603,3292.85746717599,3301.66341867132,3239.49183453025,3264.82019402622,3251.25072088624,2800.67246535448,2952.29561526108,3119.14196584132,0,0,0,0,0,0,0,0,0,0,0,0,0,0,0,0,0,0,28.13882532418,0,0,0,1,0,0,0,0,green,1,0,1,0,0,0,0,1,0,0,0,1,+-,--,-+,--,gray,green,green
2025-05-23 13:00:00,3356.98,3364.65,3336.58,3358.9,3357.28,3364.95,3336.88,3359.2,161533,3357.13,3364.8,3336.73,3359.05,3350.765,0.3748542505,0.16581764622,3273.96637304557,3293.18528377899,3302.06473493706,3239.28633638946,3264.40737231665,3250.29467027193,2801.41293626866,2954.29327356468,3119.92900080075,0,0,0,0,0,0,0,0,0,0,0,0,0,0,0,0,0,0,17.37725418336,0,0,0,1,0,0,0,0,green,1,0,1,0,0,0,0,1,0,0,0,1,+-,--,-+,--,gray,green,green
2025-05-23 17:00:00,3358.9,3365.84,3356.3,3358.12,3359.2,3366.14,3356.6,3358.42,49759,3359.05,3365.99,3356.45,3358.27,3361.22,0.43414582703,0.27312444749,3275.88511358052,3293.79181080662,3306.36278794964,3239.24913036261,3263.70219281998,3249.46409173452,2802.17258365257,2956.28538397857,3120.7983306563,1,0,1,0,1,0,1,0,1,0,1,0,1,0,0,0,0,0,19.17241102112,0,1,-1,1,0,0,0,0,green,1,0,1,0,0,0,0,0,0,0,1,2,-+,--,-+,--,gray,green,green
2025-05-25 21:00:00,3358.12,3358.12,3331.29,3341.97,3358.42,3358.42,3331.59,3342.27,40306,3358.27,3358.27,3331.44,3342.12,3344.855,0.46413566729,0.24999875044,3277.5466433051,3295.02658445579,3313.48523035972,3239.14239856079,3262.78988022326,3249.20955962469,2802.95309404076,2958.31197031342,3121.76228322119,0,0,0,0,0,0,0,0,0,0,0,0,0,0,0,0,0,0,66.56577184538,0,0,0,1,0,0,0,0,gray,0,0,0,0,0,0,0,0,0,0,1,2,-+,--,--,--,red,green,green
2025-05-26 01:00:00,3341.97,3356.85,3335.43,3349.84,3342.27,3357.15,3335.73,3350.14,53066,3342.12,3357.0,3335.58,3349.99,3346.29,0.46250397865,0.14417569021,3278.92613228163,3298.59263639881,3320.94118428777,3239.11467498145,3261.3500642192,3249.51089610631,2803.78843066134,2960.45797044084,3122.78138194882,0,0,0,0,0,0,0,0,0,0,0,0,0,0,0,0,0,0,40.36482870388,0,0,0,1,0,0,0,0,gray,0,0,0,0,0,0,0,1,0,0,0,1,+-,--,--,--,red,green,green
2025-05-26 05:00:00,3349.84,3351.75,3330.93,3334.61,3350.14,3352.05,3331.23,3334.91,51287,3349.99,3351.9,3331.08,3334.76,3341.49,0.42883769709,-0.01142991219,3280.39623749074,3304.01543184896,3328.99694743022,3239.06630784683,3259.83147214248,3250.61792857377,2804.62531811316,2962.65229245611,3124.02963624084,0,0,0,0,0,0,0,0,0,0,0,0,0,0,0,0,0,0,40.59508257453,0,0,0,1,0,0,0,0,red,-1,1,0,0,0,0,0,0,0,0,1,2,-+,--,--,--,red,green,green
2025-05-26 09:00:00,3334.61,3336.11,3323.48,3334.32,3334.91,3336.41,3323.78,3334.62,41596,3334.76,3336.26,3323.63,3334.47,3329.945,0.3727295467,-0.16827752222,3282.18652691452,3309.85912786784,3332.16855794418,3239.26230438788,3258.62117264898,3251.96916596866,2805.44453477599,2964.72860235973,3125.37140960028,0,1,0,1,0,0,0,0,0,0,0,0,0,0,0,0,0,0,30.36349649005,0,0,0,1,0,0,0,0,red,-1,1,0,0,0,0,0,0,0,1,0,3,--,--,--,--,red,green,green
2025-05-26 13:00:00,3334.32,3343.58,3331.25,3341.99,3334.62,3343.88,3331.55,3342.29,40587,3334.47,3343.73,3331.4,3342.14,3337.565,0.31746869681,-0.25820456599,3285.36871715187,3316.27923688436,3334.99284635534,3239.36070546217,3257.99833314628,3253.38654344017,2806.27994715059,2966.6443165127,3126.74730258917,0,0,0,0,0,0,0,0,0,0,0,0,0,0,0,0,0,0,30.37918545347,0,0,0,1,0,0,0,0,red,-1,1,0,0,0,0,0,0,0,0,1,2,-+,--,--,--,red,green,green
2025-05-26 17:00:00,3341.99,3343.18,3340.43,3342.16,3342.29,3344.43,3340.73,3343.29,22458,3342.14,3343.805,3340.58,3342.725,3342.1925,0.29057114042,-0.23619041095,3289.72304660173,3319.85120727382,3336.29227708427,3239.38682113113,3257.43299981634,3255.04223333899,2807.12311705205,2968.4552421929,3128.16466507119,0,0,0,0,0,0,0,0,0,0,0,0,0,0,0,0,0,0,14.36013892599,0,0,0,1,0,0,0,0,gray,0,0,0,0,0,0,0,0,0,1,0,3,--,--,--,--,red,green,green
2025-05-26 21:00:00,3342.16,3349.83,3342.16,3345.06,3343.29,3350.13,3342.67,3345.36,21524,3342.725,3349.98,3342.415,3345.21,3346.1975,0.26702205431,-0.1923970185,3294.41858147852,3323.15605636459,3335.02282166742,3239.48893550045,3256.93494527423,3256.49819706431,2807.99895759037,2970.08335274143,3129.76395559153,1,0,1,0,0,0,0,0,0,0,0,0,0,0,0,0,0,0,35.14681286006,0,1,-1,1,0,0,0,0,gray,0,0,0,0,1,0,0,0,0,0,1,2,-+,--,++,--,red,gray,green
2025-05-27 01:00:00,3345.06,3347.25,3330.57,3330.88,3345.36,3347.55,3330.87,3331.18,40527,3345.21,3347.4,3330.72,3331.03,3339.06,0.24348657905,-0.15427254715,3299.55715213402,3325.44779931902,3335.53125733393,3239.59501487685,3256.6064008147,3257.93413244478,2808.87057839252,2971.74848856657,3131.40970937214,0,0,0,0,0,0,0,0,0,0,0,0,0,0,0,0,0,0,41.15774668739,0,0,0,1,0,0,0,0,gray,0,0,0,0,1,0,0,0,1,0,0,4,++,--,++,--,red,gray,green
2025-05-27 05:00:00,3330.88,3332.7,3292.45,3298.48,3331.18,3333.0,3292.75,3298.78,109345,3331.03,3332.85,3292.6,3298.63,3312.725,0.20309593359,-0.17248002575,3303.04160196986,3326.00994940414,3336.86350586715,3239.56804841756,3256.11378443625,3259.58209913758,2809.73155829068,2973.24591994611,3133.14950305706,0,0,0,0,0,0,0,0,0,0,0,0,0,0,0,0,0,0,36.81009648361,0,0,0,1,0,0,0,0,gray,0,0,0,0,0,0,0,1,0,0,0,1,+-,--,++,--,red,gray,green
2025-05-27 09:00:00,3298.48,3309.65,3287.68,3293.3,3298.78,3309.95,3287.98,3294.11,87644,3298.63,3309.8,3287.83,3293.705,3298.815,0.13621726704,-0.25875357801,3306.36840181833,3327.45433072862,3338.73030469372,3239.49116023309,3255.65071562832,3261.38152269235,2810.55203161087,2974.75784732832,3134.96846484138,0,0,0,0,0,0,0,0,0,0,0,0,0,0,0,0,0,0,25.06731778559,0,0,0,1,0,0,0,0,red,-1,1,0,0,0,0,0,0,0,1,0,3,--,--,++,--,red,gray,green
2025-05-27 13:00:00,3293.3,3304.87,3285.13,3297.63,3294.11,3305.17,3285.71,3297.93,124386,3293.705,3305.02,3285.42,3297.78,3295.22,0.05712503197,-0.35002588865,3309.07006321692,3329.29660188754,3338.79624375497,3239.17884382598,3255.04602079871,3263.48588967199,2811.35505009466,2976.09782437841,3136.95753800221,0,1,0,1,0,1,0,0,0,0,0,0,0,0,0,0,0,0,15.75740035052,1,0,1,1,0,0,0,0,red,-1,1,0,0,0,0,0,1,0,0,0,1,+-,--,++,--,red,gray,green
2025-05-27 17:00:00,3297.63,3307.96,3296.71,3300.36,3297.93,3308.26,3297.01,3301.67,38758,3297.78,3308.11,3296.86,3301.015,3302.485,-0.01969761938,-0.40489323858,3310.67582758485,3331.4092141516,3333.58199500398,3238.58273322119,3254.38600223873,3265.29012821105,2812.16242396709,2977.44391740683,3138.75696482164,0,0,0,0,0,0,0,0,0,0,0,0,0,0,0,0,0,0,29.02626554518,0,0,0,0,1,-1,0,1,red,-1,1,0,0,0,0,0,0,0,0,1,2,-+,--,++,--,red,gray,green
2025-05-27 21:00:00,3300.36,3315.71,3297.23,3308.48,3301.67,3316.01,3297.53,3308.78,24098,3301.015,3315.86,3297.38,3308.63,3306.62,-0.08123014644,-0.39528569867,3312.74422546294,3332.36556238265,3326.62859600318,3237.91641037601,3253.79816583439,3266.27894796955,2812.9940753624,2978.88839630208,3140.41158659371,0,0,0,0,0,0,0,0,0,0,0,0,0,0,0,0,0,0,76.68686198025,0,0,0,0,1,0,0,0,gray,0,0,0,0,0,0,0,0,0,0,1,2,-+,--,+-,--,red,gray,green
2025-05-28 01:00:00,3308.48,3313.39,3291.53,3296.28,3308.78,3314.5,3291.83,3296.58,75134,3308.63,3313.945,3291.68,3296.43,3302.8125,-0.10732415868,-0.2939096017,3315.00947735041,3329.91049208482,3320.34687680255,3237.29501812459,3253.56201736468,3267.19677302927,2813.81025155507,2980.45643966559,3142.12966585348,0,1,0,0,0,0,0,0,0,0,0,0,0,0,0,0,0,0,29.633721085,0,0,0,0,1,0,0,0,gray,0,0,0,0,1,0,0,1,0,0,0,1,+-,--,+-,--,red,gray,green
2025-05-28 05:00:00,3296.28,3323.76,3295.79,3321.61,3296.58,3324.06,3296.09,3321.91,93161,3296.43,3323.91,3295.94,3321.76,3309.925,-0.10226737573,-0.14531375702,3317.40855601576,3326.02355557422,3316.77450144204,3236.47400668499,3253.6691625035,3268.02863264605,2814.62489279763,2981.94913734943,3143.79300150727,0,0,0,0,0,0,0,0,0,0,0,0,0,0,0,0,0,0,30.02329300888,0,0,0,0,1,0,0,0,gray,0,0,0,0,0,0,0,0,1,0,0,4,++,--,+-,--,red,gray,green
2025-05-28 09:00:00,3321.61,3325.43,3305.33,3312.17,3321.91,3325.73,3305.63,3312.47,68560,3321.76,3325.58,3305.48,3312.32,3315.53,-0.08014158105,-0.00566006057,3319.07405170686,3322.17311112744,3314.74360115363,3235.41800660988,3254.27790500344,3268.91124639176,2815.4497339308,2983.46514963549,3145.48204316347,1,0,1,0,1,0,0,0,0,0,0,0,0,0,0,0,0,0,29.31738623104,0,0,0,0,1,0,0,0,green,1,0,1,0,0,0,0,0,0,1,0,3,--,--,+-,--,red,gray,green
2025-05-28 13:00:00,3312.17,3316.27,3288.59,3293.42,3312.47,3316.69,3288.89,3293.72,137223,3312.32,3316.48,3288.74,3293.57,3302.61,-0.08119012046,0.02602865631,3318.58566311402,3319.71209723651,3312.3573809229,3234.73527619853,3255.04667036701,3269.93356267435,2816.26976779305,2984.9156425555,3147.11685536372,0,0,0,0,0,0,0,0,0,0,0,0,0,0,0,0,0,0,20.21527003491,0,0,0,0,1,0,0,0,gray,0,0,0,0,0,1,0,1,0,0,0,1,+-,--,+-,--,red,gray,green
2025-05-28 17:00:00,3293.42,3302.94,3275.55,3286.43,3293.72,3303.24,3277.21,3287.91,70548,3293.57,3303.09,3276.38,3287.17,3289.735,-0.10224015404,-0.02142862174,3317.06484287448,3318.07558508195,3311.87090473832,3234.3897674772,3255.86691272397,3271.51066377217,2817.14489440368,2986.43960975484,3148.70604386814,0,0,0,0,0,0,0,0,0,0,0,0,0,0,0,0,0,0,37.86074729262,0,0,0,0,1,0,0,0,gray,0,0,0,0,0,0,0,0,0,0,1,2,-+,--,+-,--,red,gray,green
2025-05-28 21:00:00,3286.43,3294.76,3249.66,3264.89,3287.91,3295.78,3250.45,3265.19,82038,3287.17,3295.27,3250.055,3265.04,3272.6625,-0.13611654677,-0.10063073336,3315.38447034567,3316.1676994467,3312.60272379066,3234.32454537071,3256.84533249263,3273.58314424946,2818.03059760154,2988.02759426233,3150.43009911906,0,0,0,0,0,0,0,0,0,0,0,0,0,0,0,0,0,0,55.11470294254,0,0,0,0,1,0,0,0,red,-1,1,0,0,0,0,0,0,1,0,0,4,++,--,++,--,red,red,green
2025-05-29 01:00:00,3264.89,3280.07,3245.24,3269.14,3265.19,3280.37,3245.54,3269.44,91193,3265.04,3280.22,3245.39,3269.29,3262.805,-0.19230938688,-0.20818807177,3314.39220339601,3315.38736201586,3310.60417903253,3234.41207856879,3257.71259917458,3275.85319883035,2818.85493288642,2989.53745437279,3151.83259843073,0,1,0,1,0,1,0,1,0,1,0,1,0,1,0,0,0,0,38.19372100929,1,0,1,0,1,0,0,0,red,-1,1,0,0,0,0,0,1,0,0,0,1,+-,--,++,--,red,red,green
2025-05-29 05:00:00,3269.14,3289.3,3266.0,3281.76,3269.44,3289.6,3266.3,3282.06,64525,3269.29,3289.45,3266.15,3281.91,3277.8,-0.2384943216,-0.24907197317,3313.79434159631,3315.40519176388,3306.43034322602,3234.31331925903,3258.5781882805,3278.36398710005,2819.58907762677,2990.90042667162,3153.17108733052,0,0,0,0,0,0,0,0,0,0,0,0,0,0,0,0,0,0,36.1100348702,0,0,0,0,1,0,0,0,red,-1,1,0,0,0,0,0,0,0,1,0,3,--,--,++,--,red,red,green
2025-05-29 09:00:00,3281.76,3317.49,3276.2,3316.42,3282.06,3317.79,3276.5,3316.72,93456,3281.91,3317.64,3276.35,3316.57,3296.995,-0.24277155583,-0.17009199956,3312.94958455044,3313.8057927934,3299.67677458082,3234.07974263814,3259.58522122085,3280.31960512652,2820.31949121397,2992.2203390035,3154.44786797406,0,0,0,0,0,0,0,0,0,0,0,0,0,0,0,0,0,0,44.18121896935,0,0,0,0,1,0,0,0,gray,0,0,0,0,0,0,0,0,1,0,0,4,++,--,++,--,red,red,green
2025-05-29 13:00:00,3316.42,3331.0,3304.69,3322.18,3316.72,3331.69,3304.99,3322.48,140757,3316.57,3331.345,3304.84,3322.33,3318.0925,-0.20335030522,-0.00208972172,3312.71692420041,3310.79694369422,3292.30241966465,3233.51255451862,3260.69753538047,3282.25991085809,2821.08829892958,2993.4514748876,3155.45894180757,1,0,1,0,1,0,1,0,0,0,0,0,0,0,0,0,0,0,18.83032460197,0,0,0,0,1,0,0,0,gray,0,0,0,0,0,0,0,1,0,0,0,1,+-,--,++,--,red,red,green
2025-05-29 17:00:00,3322.18,3325.66,3315.12,3317.55,3322.48,3325.96,3315.42,3318.44,50340,3322.33,3325.81,3315.27,3317.995,3320.54,-0.1352039142,0.18934984845,3312.93331464653,3306.03013823244,3289.40193573172,3232.88687974874,3262.01085291901,3284.00197230344,2821.8583299669,2994.75993422285,3156.56571998946,0,0,0,0,0,0,0,0,0,0,0,0,0,0,0,0,0,0,20.93762415574,0,0,0,0,1,0,0,0,green,1,0,1,0,0,0,0,0,0,0,1,2,-+,--,++,--,red,red,green
2025-05-29 21:00:00,3317.55,3320.65,3309.39,3312.43,3318.44,3321.55,3309.69,3312.73,22531,3317.995,3321.1,3309.54,3312.58,3315.32,-0.0612794661,0.32376248511,3312.13921351988,3300.62699595339,3290.92054858538,3232.44169008864,3263.15301922957,3285.35323782393,2822.59992590864,2996.13507399014,3157.56984693398,0,0,0,0,0,0,0,0,0,0,0,0,0,0,0,0,0,0,51.30708801207,0,0,0,0,1,0,0,0,green,1,0,1,0,0,0,0,0,0,0,1,2,-+,--,--,--,red,red,green
2025-05-30 01:00:00,3312.43,3322.58,3291.19,3296.18,3312.73,3322.88,3291.49,3296.48,67105,3312.58,3322.73,3291.34,3296.33,3307.035,-0.02283174401,0.31056643091,3310.41581247988,3297.77362145922,3296.3549388683,3232.35094076181,3263.80314615267,3286.88887788793,2823.32053618474,2997.40331401593,3158.71641049694,0,0,0,0,0,0,0,0,0,0,0,0,0,0,0,0,0,0,46.7774383429,0,0,0,0,1,0,0,0,gray,0,0,0,0,0,0,0,1,0,0,0,1,+-,--,--,--,red,red,green
2025-05-30 05:00:00,3296.18,3304.99,3287.24,3295.64,3296.48,3305.29,3287.54,3295.94,69707,3296.33,3305.14,3287.39,3295.79,3296.265,-0.02358669238,0.18496059223,3307.51171151989,3297.67629377681,3301.19195109464,3232.28975041617,3264.41554349535,3288.51545500887,2824.0629087678,2998.65664743217,3159.90772014626,0,0,0,0,0,0,0,0,0,0,0,0,0,0,0,0,0,0,25.46372674193,0,0,0,0,1,0,0,0,gray,0,0,0,0,0,1,0,1,0,0,0,1,+-,--,--,--,red,red,green
2025-05-30 09:00:00,3295.64,3306.84,3282.36,3303.87,3295.94,3307.19,3283.03,3304.17,93681,3295.79,3307.015,3282.695,3304.02,3294.855,-0.05532315733,0.01217368546,3304.07273371067,3300.22831955471,3304.01756087571,3232.2644723216,3264.98035179544,3290.21198574391,2824.66808672863,2999.89749873074,3161.11659014525,0,0,0,0,0,0,0,0,0,0,0,0,0,0,0,0,0,0,25.96044021733,0,0,0,0,1,0,0,0,red,-1,1,0,0,0,0,0,0,1,0,0,4,++,--,--,--,red,red,green
2025-05-30 13:00:00,3303.87,3308.26,3271.51,3293.31,3304.17,3308.56,3271.81,3293.61,160786,3304.02,3308.41,3271.66,3293.46,3290.035,-0.09553696258,-0.12344659589,3302.05175419447,3302.76727961037,3304.62104870057,3232.33863555394,3265.5813908537,3291.64869204556,2825.2085692572,3001.24190860744,3162.3191138248,1,1,0,1,0,1,0,0,0,0,0,0,0,0,0,0,0,0,22.8564676029,0,0,0,0,1,0,0,0,red,-1,1,0,0,0,0,0,1,0,0,0,1,+-,--,--,--,red,red,green
2025-05-30 17:00:00,3293.31,3295.74,3289.75,3291.99,3293.61,3296.04,3290.09,3292.29,47913,3293.46,3295.89,3289.92,3292.14,3292.905,-0.12410099088,-0.16851437098,3301.66277310258,3304.33636965908,3302.94983896046,3232.30688122188,3266.27391102,3292.26858345598,2825.68111947138,3002.70905706835,3163.25793942324,0,0,0,0,0,0,0,0,0,0,0,0,0,0,0,0,0,0,12.46008390207,0,0,0,0,1,0,0,0,red,-1,1,0,0,0,0,0,0,0,1,0,3,--,--,--,--,red,red,green
2025-06-01 17:00:00,3291.99,3291.99,3288.91,3288.91,3292.29,3292.29,3289.96,3289.96,1,3292.14,3292.14,3289.435,3289.435,3290.7875,-0.13977171482,-0.1467764827,3302.92659824854,3304.67369845169,3301.33087116837,3232.28820839916,3267.31538536509,3292.46112511904,2826.18078493697,3004.14914695218,3164.0124849828,0,0,0,0,0,0,0,0,0,0,0,0,0,0,0,0,0,0,270499.9999999927,0,0,0,0,1,0,0,0,gray,0,0,0,0,0,0,0,0,0,0,1,2,-+,+-,-+,-+,red,red,green
2025-06-01 21:00:00,3288.91,3316.61,3288.91,3311.31,3289.96,3316.91,3289.96,3311.61,38114,3289.435,3316.76,3289.435,3311.46,3303.0975,-0.12256387243,-0.04254621618,3304.28147530634,3303.62261114523,3299.07169693469,3232.17702066434,3268.6728329039,3292.54226849789,2826.71886640929,3005.5192900983,3164.60239828153,0,0,0,0,0,0,0,0,0,0,0,0,0,0,0,0,0,0,71.69281628798,0,0,0,0,1,0,0,0,gray,0,0,0,0,0,0,0,1,0,0,0,1,+-,+-,+-,-+,red,gray,green
2025-06-02 01:00:00,3311.31,3318.11,3301.33,3313.74,3311.61,3318.41,3301.63,3314.04,50132,3311.46,3318.26,3301.48,3313.89,3309.87,-0.09372964359,0.06031015714,3305.13059259047,3302.52665975208,3297.83835754775,3232.02609908384,3270.1654177602,3292.83470177737,2827.25930708194,3006.84744765153,3164.99545454346,0,0,0,0,0,0,0,0,0,0,0,0,0,0,0,0,0,0,33.47163488391,0,0,0,0,1,0,0,0,green,1,0,1,0,0,0,0,1,0,0,0,1,+-,+-,+-,-+,red,gray,green
2025-06-02 05:00:00,3313.74,3358.99,3313.65,3351.95,3314.04,3359.29,3313.95,3352.25,82008,3313.89,3359.14,3313.8,3352.1,3336.47,-0.02506886333,0.21401409687,3305.27708546813,3300.96520228307,3296.4281860382,3231.91406426267,3271.8209556191,3293.24015172509,2827.72831422496,3008.14082770453,3165.48836805358,0,0,0,0,0,0,0,0,0,0,0,0,0,0,0,0,0,0,55.28728904497,0,0,0,0,1,0,0,0,green,1,0,1,0,0,0,0,0,1,0,0,4,++,+-,+-,-+,red,gray,green
2025-06-02 09:00:00,3351.95,3363.64,3344.4,3355.38,3352.25,3363.94,3344.7,3355.68,79902,3352.1,3363.79,3344.55,3355.53,3354.17,0.05705738102,0.34328921699,3304.58384812443,3299.95767699768,3297.76204883056,3232.0140185968,3273.14884733512,3293.52169138024,2828.10937307317,3009.45730483884,3165.93462938654,0,0,0,0,0,0,0,0,0,0,0,0,0,0,0,0,0,0,24.0794973843,0,0,0,1,0,1,1,0,green,1,0,1,0,0,0,0,0,0,1,0,3,--,+-,+-,-+,red,gray,green
2025-06-02 13:00:00,3355.38,3379.21,3350.31,3371.72,3355.68,3379.51,3350.61,3372.02,158744,3355.53,3379.36,3350.46,3371.87,3364.91,0.15493712343,0.45296910652,3303.83547519178,3298.81140487297,3300.18363906445,3232.32234423054,3274.47868647448,3294.00414163376,2828.52757765388,3010.79652241464,3166.42588196024,0,0,0,0,0,0,0,0,0,0,0,0,0,0,0,0,0,0,18.20541248803,0,0,0,1,0,0,0,0,green,1,0,1,0,0,0,0,1,0,0,0,1,+-,+-,+-,-+,red,gray,green
2025-06-02 17:00:00,3371.72,3382.85,3370.73,3381.39,3372.02,3383.15,3371.03,3381.69,56015,3371.87,3383.0,3370.88,3381.54,3376.94,0.24903930097,0.50868945277,3302.77390017702,3299.34716676385,3307.44091125156,3232.93838530661,3275.69707399313,3294.63725511512,2828.96714641342,3012.12148369183,3166.90077166885,0,0,0,0,0,0,0,0,0,0,0,0,0,0,0,0,0,0,21.63706150138,0,0,0,1,0,0,0,0,green,1,0,1,0,0,0,0,0,0,0,1,2,-+,+-,+-,-+,red,gray,green
2025-06-02 21:00:00,3381.39,3392.07,3373.73,3375.71,3381.69,3392.37,3374.03,3376.01,32207,3381.54,3392.22,3373.88,3375.86,3383.05,0.33867308749,0.51757145165,3302.01475400956,3300.66252091837,3316.78672900125,3233.6532349099,3276.68339992052,3294.87174761173,2829.44134496404,3013.40904170174,3167.52305797671,1,0,1,0,1,0,1,0,1,0,0,0,0,0,0,0,0,0,56.9441425777,0,1,-1,1,0,0,0,0,green,1,0,1,0,0,0,0,0,0,0,1,2,-+,+-,--,-+,red,green,green
2025-06-03 01:00:00,3375.71,3377.96,3359.14,3362.67,3376.01,3378.26,3359.44,3362.97,84382,3375.86,3378.11,3359.29,3362.82,3368.7,0.37658766762,0.39809266887,3301.15111908575,3305.13845580357,3326.411383201,3234.40050193339,3277.79033810379,3294.72066679962,2829.91329099862,3014.62855225237,3168.08206451853,0,0,0,0,0,0,0,0,0,0,0,0,0,0,0,0,0,0,22.30333483444,0,0,0,1,0,0,0,0,gray,0,0,0,0,0,0,0,1,0,0,0,1,+-,+-,--,-+,red,green,green
2025-06-03 05:00:00,3362.67,3367.64,3350.74,3361.24,3362.97,3367.94,3351.32,3361.54,71100,3362.82,3367.79,3351.03,3361.39,3359.41,0.38030080781,0.2264503607,3301.30084069454,3311.26739882813,3336.5171065608,3235.24633899031,3278.9612865019,3294.07189718787,2830.37393213656,3015.79261425987,3168.59319601493,0,0,0,0,0,0,0,0,0,0,0,0,0,0,0,0,0,0,23.57243319269,0,0,0,1,0,0,0,0,gray,0,0,0,1,0,0,0,0,0,0,1,2,-+,+-,--,-+,red,green,green
2025-06-03 09:00:00,3361.24,3363.08,3348.97,3359.28,3361.54,3363.38,3349.27,3359.58,65615,3361.39,3363.23,3349.12,3359.43,3356.175,0.36631177977,0.06796690388,3301.96000679496,3317.97272397461,3345.82368524864,3236.02497563087,3280.18376311096,3293.1522825647,2830.78063258182,3017.0398133403,3169.14793076483,0,0,0,0,0,0,0,0,0,0,0,0,0,0,0,0,0,0,21.50422921588,0,0,0,1,0,0,0,0,gray,0,0,0,0,0,0,0,0,0,1,0,3,--,+-,--,-+,red,green,green
2025-06-03 13:00:00,3359.28,3363.09,3332.96,3348.44,3359.58,3363.39,3333.26,3348.74,136257,3359.43,3363.24,3333.11,3348.59,3348.175,0.3250321947,-0.0911199209,3304.61462165688,3325.34363347778,3350.39894819891,3236.8035714103,3281.2542401453,3292.7007448422,2831.1778126015,3018.24708881953,3169.7019729123,0,1,0,1,0,1,0,0,0,0,0,0,0,0,0,0,0,0,22.1126254064,0,0,0,1,0,0,0,0,red,-1,1,0,0,0,0,0,0,1,0,0,4,++,+-,--,-+,red,green,green
2025-06-03 17:00:00,3348.44,3355.38,3347.21,3353.04,3348.74,3355.68,3347.51,3353.99,31810,3348.59,3355.53,3347.36,3353.515,3351.445,0.27388887841,-0.19868299594,3308.42657383712,3332.55692929306,3352.20115855913,3237.670553754,3281.82643577902,3292.82704646449,2831.60777861582,3019.30934380314,3170.17067448929,0,0,0,0,0,0,0,0,0,0,0,0,0,0,0,0,0,0,25.68374724929,0,0,0,1,0,0,0,0,red,-1,1,0,0,0,0,0,0,0,0,1,2,-+,+-,--,-+,red,green,green
2025-06-03 21:00:00,3353.04,3361.51,3349.76,3350.14,3353.99,3361.81,3350.06,3350.44,27137,3353.515,3361.66,3349.91,3350.29,3355.785,0.24469270183,-0.20661839496,3312.77145277273,3337.07481313143,3352.9959268473,3238.60417112756,3282.13531876486,3293.57014803907,2832.13157761153,3020.24186807866,3170.60507952756,0,0,0,0,0,0,0,0,0,0,0,0,0,0,0,0,0,0,43.29881711317,0,0,0,1,0,0,0,0,red,-1,1,0,0,0,0,0,0,0,0,1,2,-+,+-,--,-+,red,green,green
2025-06-04 01:00:00,3350.14,3372.54,3346.34,3354.72,3350.44,3372.84,3346.64,3355.02,59976,3350.29,3372.69,3346.49,3354.87,3359.59,0.23195980384,-0.15891529402,3317.70749486714,3339.86671149,3352.03174147784,3239.6640119014,3282.37322206004,3294.36337897909,2832.72154027038,3021.15673130579,3170.89042619751,1,0,0,0,0,0,0,0,0,0,0,0,0,0,0,0,0,0,43.6841403228,0,0,0,1,0,0,0,0,gray,0,0,0,0,0,0,0,0,1,0,0,4,++,+-,--,-+,red,green,green
2025-06-04 05:00:00,3354.72,3365.15,3347.87,3362.78,3355.02,3365.45,3348.17,3363.08,68311,3354.87,3365.3,3348.02,3362.93,3356.66,0.22170085392,-0.10634497948,3322.73384141582,3341.90524755375,3351.91439318227,3240.62093311599,3282.73889074986,3294.97975018559,2833.35400302829,3022.00629469074,3170.99622184892,0,0,0,0,0,0,0,0,0,0,0,0,0,0,0,0,0,0,25.29607237487,0,0,0,1,0,0,0,0,gray,0,0,0,0,1,0,0,1,0,0,0,1,+-,+-,--,-+,red,green,green
2025-06-04 09:00:00,3362.78,3364.95,3343.68,3358.85,3363.08,3365.25,3343.98,3359.15,92429,3362.93,3365.1,3343.83,3359.0,3354.465,0.22067792307,-0.05043765334,3326.26969976845,3342.68896660953,3352.68851454582,3241.27586645177,3283.17309273623,3295.3343163566,2833.99267941283,3022.85279128005,3171.05374808608,0,1,0,1,0,0,0,0,0,0,0,0,0,0,0,0,0,0,23.01225805754,0,0,0,1,0,0,0,0,gray,0,0,0,0,1,0,0,1,0,0,0,1,+-,+-,--,-+,red,green,green
2025-06-04 13:00:00,3358.85,3384.64,3350.69,3374.95,3359.15,3384.94,3350.99,3375.25,130264,3359.0,3384.79,3350.84,3375.1,3367.815,0.23001667883,0.00058331817,3328.81895363241,3343.78347078334,3354.06881163666,3241.90742975006,3283.5301728683,3295.36168940494,2834.66233410935,3023.71992522306,3171.13401719659,1,0,1,0,0,0,0,0,0,0,0,0,0,0,0,0,0,0,26.06245777805,0,0,0,1,0,0,0,0,gray,0,0,0,0,0,0,1,0,1,0,0,4,++,+-,--,-+,red,green,green
2025-06-04 17:00:00,3374.95,3382.1,3370.47,3372.04,3375.25,3382.4,3370.77,3373.24,39247,3375.1,3382.25,3370.62,3372.64,3376.435,0.24492005341,0.04243483478,3330.92326489146,3345.28366193542,3354.58704930932,3242.50936874164,3284.01007881615,3295.34678677538,2835.38074303744,3024.63086975,3171.0860379105,0,0,0,0,0,0,0,0,0,0,0,0,0,0,0,0,0,0,29.63283817871,0,0,0,1,0,0,0,0,green,1,0,1,0,0,0,0,0,0,0,1,2,-+,+-,--,-+,red,green,green
2025-06-04 21:00:00,3372.04,3381.76,3371.72,3380.14,3373.24,3382.06,3372.59,3380.44,25697,3372.64,3381.91,3372.155,3380.29,3377.0325,0.25643513337,0.06108198875,3332.25032143827,3347.07195419349,3354.56263944746,3243.13328032881,3284.58316829222,3295.19055775258,2836.13220658376,3025.57693897854,3170.8874543139,0,0,0,0,0,0,0,0,0,0,0,0,0,0,0,0,0,0,37.96162976223,0,0,0,1,0,0,0,0,green,1,0,1,0,0,0,0,0,0,0,1,2,-+,+-,++,-+,red,green,green
2025-06-05 01:00:00,3380.14,3384.08,3363.79,3368.38,3380.44,3384.38,3364.09,3368.68,62666,3380.29,3384.23,3363.94,3368.53,3374.085,0.26591534113,0.06287715467,3333.72683517379,3348.27045991931,3357.21311155797,3243.81346819028,3284.91092886872,3295.12333546574,2836.88224051855,3026.56124396146,3170.91361782561,0,0,0,0,0,0,0,0,0,0,0,0,0,0,0,0,0,0,32.37800402132,0,1,-1,1,0,0,0,0,green,1,0,1,0,0,0,0,1,0,0,0,1,+-,+-,++,-+,red,green,green
2025-06-05 05:00:00,3368.38,3376.88,3361.13,3375.08,3368.68,3377.18,3361.43,3375.38,60749,3368.53,3377.03,3361.28,3375.23,3369.155,0.27004336013,0.04669453417,3335.4236170835,3349.04477742939,3361.05748924637,3244.70944045781,3284.99863925293,3294.99581089321,2837.70121335537,3027.56205407322,3171.14328020182,0,0,0,0,0,0,0,0,0,0,0,0,0,0,0,0,0,0,25.92635269716,0,0,0,1,0,0,0,0,gray,0,0,0,0,0,0,0,0,0,1,0,3,--,+-,++,-+,red,green,green
2025-06-05 09:00:00,3375.08,3403.5,3373.96,3382.93,3375.38,3403.8,3374.26,3383.23,155728,3375.23,3403.65,3374.11,3383.08,3388.88,0.27549263961,0.03642478331,3337.28256961553,3351.39105525072,3364.2524913971,3245.80231191334,3284.77434581196,3295.23409586694,2838.56703241809,3028.48983495702,3171.54218103375,1,0,1,0,1,0,1,0,1,0,0,0,0,0,0,0,0,0,18.96897154012,0,1,-1,1,0,0,0,0,gray,0,0,0,1,0,0,0,1,0,0,0,1,+-,+-,++,-+,red,green,green
2025-06-05 13:00:00,3382.93,3388.46,3339.13,3353.96,3383.23,3388.76,3339.69,3354.26,263615,3383.08,3388.61,3339.41,3354.11,3364.01,0.23804869236,-0.0651757236,3338.77314118357,3354.52154834438,3366.21899311768,3246.98166795925,3284.37490316084,3295.66456363556,2839.51784930822,3029.36530776836,3172.03227005435,0,1,0,1,0,1,0,0,0,0,0,0,0,0,0,0,0,0,18.66358135918,0,0,0,1,0,0,0,0,gray,0,0,0,0,0,0,0,1,0,0,0,1,+-,+-,++,-+,red,green,green
2025-06-05 17:00:00,3353.96,3361.23,3348.81,3352.06,3354.26,3361.53,3349.11,3353.35,69965,3354.11,3361.38,3348.96,3352.705,3355.17,0.19247049899,-0.15752475893,3339.98020724637,3357.33541730133,3366.80619449414,3248.26524472376,3284.255359467,3296.86472352863,2840.50201946921,3030.29126138309,3172.40442442897,0,0,0,0,0,0,0,0,0,0,0,0,0,0,0,0,0,0,17.75173300936,0,0,0,1,0,0,0,0,red,-1,1,0,0,0,0,0,0,0,1,0,3,--,+-,++,-+,red,green,green
2025-06-05 21:00:00,3352.06,3364.03,3352.06,3359.3,3353.35,3364.33,3353.35,3359.6,23903,3352.705,3364.18,3352.705,3359.45,3358.4425,0.15863161171,-0.19240258473,3342.1213451505,3359.42911513867,3371.22095559531,3249.35052287293,3284.48698929488,3298.55017283662,2841.47506451041,3031.2754512484,3172.68998398155,0,0,0,0,0,0,0,0,0,0,0,0,0,0,0,0,0,0,48.00652637744,0,0,0,1,0,0,0,0,red,-1,1,0,0,0,0,0,0,0,0,1,2,-+,+-,-+,-+,red,green,green
2025-06-06 01:00:00,3359.3,3374.62,3355.98,3373.67,3359.6,3374.92,3356.28,3373.97,58500,3359.45,3374.77,3356.13,3373.82,3365.45,0.14400216806,-0.16260439805,3344.760857062,3360.64485074633,3369.77876447625,3250.4397304811,3285.09799858042,3300.50193245907,2842.4899582385,3032.29363600699,3172.76574798168,0,0,0,0,0,0,0,0,0,0,0,0,0,0,0,0,0,0,31.86324786325,0,0,0,1,0,0,0,0,gray,0,0,0,0,0,0,0,1,0,0,0,1,+-,+-,-+,-+,red,green,green
2025-06-06 05:00:00,3373.67,3375.58,3352.63,3365.32,3373.97,3375.88,3352.93,3365.62,74333,3373.82,3375.73,3352.78,3365.47,3364.255,0.10142239412,-0.18447877256,3347.24329113415,3364.17424440304,3366.857011581,3251.46276721726,3285.74239860623,3302.75011091616,2843.52455383999,3033.45344872799,3172.80089903736,1,0,1,0,0,0,0,0,0,0,0,0,0,0,0,0,0,0,30.87457791291,0,0,0,1,0,0,0,0,gray,0,0,0,0,0,0,0,1,0,0,0,1,+-,+-,-+,-+,red,green,green
2025-06-06 09:00:00,3365.32,3365.37,3343.5,3353.21,3365.62,3365.67,3343.8,3353.51,111387,3365.47,3365.52,3343.65,3353.36,3354.585,0.08058166514,-0.15447247704,3349.30803796999,3364.15371385266,3365.1741092648,3252.34459005752,3286.28017317703,3305.1118723598,2844.55198207914,3034.67143821843,3172.9430108496,0,0,0,0,0,0,0,0,0,0,0,0,0,0,0,0,0,0,19.63424816181,0,0,0,1,0,0,0,0,gray,0,0,0,0,0,0,0,1,0,0,0,1,+-,+-,-+,-+,red,green,green
2025-06-06 13:00:00,3353.21,3360.88,3316.39,3322.67,3353.51,3361.18,3316.69,3322.97,218625,3353.36,3361.03,3316.54,3322.82,3338.785,0.05171295548,-0.15649267768,3350.83472735691,3363.03074962108,3365.22928741184,3253.3021227535,3286.65753366472,3306.98211140804,2845.55579645028,3035.91104577972,3173.30010799648,0,0,0,0,0,0,0,0,0,0,0,0,0,0,0,0,0,0,20.34991423671,0,0,0,1,0,0,0,0,gray,0,0,0,0,0,0,0,0,1,0,0,4,++,+-,-+,-+,red,green,green
2025-06-06 17:00:00,3322.67,3326.68,3306.91,3311.04,3322.97,3326.98,3307.21,3311.34,86370,3322.82,3326.83,3307.06,3311.19,3316.945,-0.00935700438,-0.2338760521,3353.76128679099,3362.45721841844,3365.03442992947,3254.30089103717,3286.83221487082,3308.52410813133,2846.57729964272,3037.17686747166,3173.67236419095,0,0,0,0,0,0,0,0,0,0,0,0,0,0,0,0,0,0,22.88989232372,0,0,0,0,1,-1,0,1,red,-1,1,0,0,0,0,0,0,0,0,1,2,-+,+-,-+,-+,red,green,green
2025-06-08 21:00:00,3311.04,3321.12,3297.87,3305.43,3311.34,3321.63,3298.41,3305.73,38223,3311.19,3321.375,3298.14,3305.58,3309.7575,-0.0887256909,-0.32633169777,3354.54964934553,3362.83131611614,3362.94454394358,3255.33343720529,3286.97808369135,3309.925604951,2847.58733333067,3038.55577576577,3174.06380610629,0,0,0,0,0,0,0,0,0,0,0,0,0,0,0,0,0,0,60.78800722078,0,0,0,0,1,0,0,0,red,-1,1,0,0,0,0,0,0,0,0,1,2,-+,-+,-+,-+,red,gray,green
2025-06-09 01:00:00,3305.43,3313.4,3293.41,3311.62,3305.73,3313.7,3293.71,3311.92,67625,3305.58,3313.55,3293.56,3311.77,3303.555,-0.17468172544,-0.41290616722,3354.59736862665,3363.00927660162,3358.11263515486,3256.27418510186,3287.03366398787,3311.05058715832,2848.56501281786,3039.96434539768,3174.51381439722,0,1,0,1,0,0,0,0,0,0,0,0,0,0,0,0,0,0,29.56007393715,1,0,1,0,1,0,0,0,red,-1,1,0,0,0,0,0,1,0,0,0,1,+-,-+,-+,-+,red,gray,green
2025-06-09 05:00:00,3311.62,3328.49,3309.47,3319.69,3311.92,3328.79,3309.77,3319.99,64901,3311.77,3328.64,3309.62,3319.84,3319.13,-0.22858451515,-0.3905678077,3354.89314796306,3361.95624202642,3349.87910812389,3256.90846392094,3287.14041555172,3312.23865812425,2849.50956185548,3041.43205206979,3174.8957497139,1,0,0,0,0,0,0,0,0,0,0,0,0,0,0,0,0,0,29.30617401889,0,0,0,0,1,0,0,0,gray,0,0,0,0,0,0,0,0,0,1,0,3,--,-+,-+,-+,red,gray,green
2025-06-09 09:00:00,3319.69,3323.46,3312.03,3320.0,3319.99,3323.76,3312.33,3320.3,56928,3319.84,3323.61,3312.18,3320.15,3317.895,-0.2626942079,-0.30952401237,3355.70521350436,3359.05983677312,3341.85478649911,3257.37932387689,3287.20672617806,3313.51943288531,2850.46310413172,3042.94985442142,3175.28289728534,0,0,0,0,0,0,0,0,0,0,0,0,0,0,0,0,0,0,20.07799325464,0,0,0,0,1,0,0,0,gray,0,0,0,0,1,0,0,0,0,1,0,3,--,-+,-+,-+,red,gray,green
2025-06-09 13:00:00,3320.0,3320.46,3312.96,3313.16,3320.3,3320.76,3313.26,3313.46,8806,3320.15,3320.61,3313.11,3313.31,3316.86,-0.26558585778,-0.17332086725,3356.36288938864,3353.79548217648,3334.19482919929,3257.8045000131,3287.49564933846,3314.87444956515,2851.42467414729,3044.57408251403,3175.61004730419,0,0,0,0,0,0,0,0,0,0,0,0,0,0,0,0,0,0,85.16920281626,0,0,0,0,1,0,0,0,gray,0,0,0,0,1,0,0,0,0,0,1,2,-+,-+,-+,-+,red,gray,green
